seqID	fwd	rev	start	end	length(bp)	amplicon_seq	notes	ORF_ID_found	Gene_name	Tax	KEGG_ID	KEGGFUN	KEGGPATH	COG_ID	COGFUN	COGPATH	PFAM	Hits
"ena|baa03443|baa03443.2 sphingobium indicum 1,3,4,6-tetrachloro-1,4-cyclohexadiene hydrolase"	Linb_11f_dgp_U_all_gr1	Linb_11r_dgp_U_all_gr1	3	870	868	gagcctcggcgcaaagccatttggcgagaagaaattcattgagatcaagggccggcgcatggcctatatcgatgaagggaccggcgatccgatcctcttccagcacggcaatccgacgtcgtcctatctgtggcgcaatatcatgccgcattgcgccgggctgggacggctgatcgcctgtgacctgatcggcatgggcgattcggacaagctcgatccgtcggggcccgagcgttatgcctatgccgagcatcgtgactatctcgacgcgctgtgggaggcgctcgatctcggggacagggttgttctggtcgtgcatgactgggggtccgccctcggcttcgactgggcccgccgccaccgcgagcgtgtacaggggattgcctatatggaagcgatcgccatgccgatcgaatgggcggattttcccgaacaggatcgcgatctgtttcaggcctttcgctcgcaggcgggcgaagaattggtgttgcaggacaatgtttttgtcgaacaagttctccccggattgatcctgcgccccttaagcgaagcggagatggccgcctatcgcgagcccttcctcgccgccggcgaagcccgtcgaccgaccctgtcttggcctcgccaaatcccgatcgcaggcaccccggccgacgtggtcgcgatcgcccgggactatgccggctggctcagcgaaagcccgattccgaaactcttcatcaacgccgagccgggagccctgaccacgggccgaatgcgcgacttctgccgcacatggccaaaccagaccgaaatcacggtcgcaggcgcccatttcatccaggaggacagtccggacgagattggcgcggcgattgcggcgtttgtc	linb11_mis1_Uall_amplicons.fasta											
"ena|bai96793|bai96793.1 sphingobium japonicum ut26s 1,3,4,6-tetrachloro-1,4-cyclohexadiene hydrolase linb"	Linb_11f_dgp_U_all_gr1	Linb_11r_dgp_U_all_gr1	3	870	868	gagcctcggcgcaaagccatttggcgagaagaaattcattgagatcaagggccggcgcatggcctatatcgatgaagggaccggcgatccgatcctcttccagcacggcaatccgacgtcgtcctatctgtggcgcaatatcatgccgcattgcgccgggctgggacggctgatcgcctgtgacctgatcggcatgggcgattcggacaagctcgatccgtcggggcccgagcgttatgcctatgccgagcatcgtgactatctcgacgcgctgtgggaggcgctcgatctcggggacagggttgttctggtcgtgcatgactgggggtccgccctcggcttcgactgggcccgccgccaccgcgagcgtgtacaggggattgcctatatggaagcgatcgccatgccgatcgaatgggcggattttcccgaacaggatcgcgatctgtttcaggcctttcgctcgcaggcgggcgaagaattggtgttgcaggacaatgtttttgtcgaacaagttctccccggattgatcctgcgccccttaagcgaagcggagatggccgcctatcgcgagcccttcctcgccgccggcgaagcccgtcgaccgaccctgtcttggcctcgccaaatcccgatcgcaggcaccccggccgacgtggtcgcgatcgcccgggactatgccggctggctcagcgaaagcccgattccgaaactcttcatcaacgccgagccgggagccctgaccacgggccgaatgcgcgacttctgccgcacatggccaaaccagaccgaaatcacggtcgcaggcgcccatttcatccaggaggacagtccggacgagattggcgcggcgattgcggcgtttgtc	linb11_mis1_Uall_amplicons.fasta											
"ena|aan64241|aan64241.1 sphingomonas paucimobilis 1,3,4,6-tetrachloro-1,4-cyclohexadiene hydrolase"	Linb_11f_dgp_U_all_gr1	Linb_11r_dgp_U_all_gr1	3	870	868	gagcctcggcgcaaagccatttggcgagaagaaattcattgagatcaagggccggcgcatggcctatatcgatgaagggaccggcgatccgatcctcttccagcacggcaatccgacgtcgtcctatctgtggcgcaatatcatgccgcattgcgccgggctgggacggctgatcgcctgtgacctgatcggcatgggcgattcggacaagctcgatccgtcggggcccgagcgttatacctatgccgagcatcgtgactatctcgacgcgctgtgggaggcgctcgatctcggggacagggttgttctggtcgtgcatgactgggggtccgtcctcggcttcgactgggcccgccgccaccgcgagcgtgtacaggggattgcctatatggaagcggtcaccatgccgctcgaatgggcggattttcccgaacaggatcgcgatctgtttcaggcctttcgctcgcaggcgggcgaagaattggtgttgcaggacaatgtttttgtcgaacaagttctccccggattgatcctgcgccccttaagcgaagcggagatggccgcctatcgcgagcccttcctcgccgccggcgaagcccgtcgaccgaccctgtcttggcctcgccaaatcccgatcgcaggcaccccggccgacgtggtcgcgatcgcccgggactatgccggctggctcagcgaaagcccgattccgaaactcttcatcaacgccgagccgggacacctgaccacgggccgaatacgcgacttctgccgcacatggccaaaccagaccgaaatcacggtcgcaggcgcccatttcatccaggaggacagtccggacgagattggcgcggcgattgcggcgtttgtc	linb11_mis1_Uall_amplicons.fasta											
ena|apl96138|apl96138.1 sphingobium indicum b90a haloalkane dehalogenase	Linb_11f_dgp_U_all_gr1	Linb_11r_dgp_U_all_gr1	3	870	868	gagcctcggcgcaaagccatttggcgagaagaaattcattgagatcaagggccggcgcatggcctatatcgatgaagggaccggcgatccgatcctcttccagcacggcaatccgacgtcgtcctatctgtggcgcaatatcatgccgcattgcgccgggctgggacggctgatcgcctgtgacctgatcggcatgggcgattcggacaagctcgatccgtcggggcccgagcgttatacctatgccgagcatcgtgactatctcgacgcgctgtgggaggcgctcgatctcggggacagggttgttctggtcgtgcatgactgggggtccgtcctcggcttcgactgggcccgccgccaccgcgagcgtgtacaggggattgcctatatggaagcggtcaccatgccgctcgaatgggcggattttcccgaacaggatcgcgatctgtttcaggcctttcgctcgcaggcgggcgaagaattggtgttgcaggacaatgtttttgtcgaacaagttctccccggattgatcctgcgccccttaagcgaagcggagatggccgcctatcgcgagcccttcctcgccgccggcgaagcccgtcgaccgaccctgtcttggcctcgccaaatcccgatcgcaggcaccccggccgacgtggtcgcgatcgcccgggactatgccggctggctcagcgaaagcccgattccgaaactcttcatcaacgccgagccgggacacctgaccacgggccgaatacgcgacttctgccgcacatggccaaaccagaccgaaatcacggtcgcaggcgcccatttcatccaggaggacagtccggacgagattggcgcggcgattgcggcgtttgtc	linb11_mis1_Uall_amplicons.fasta											
ena|baf80342|baf80342.1 sphingobium sp. ss04-4 haloalkane dehalogenase	Linb_11f_dgp_U_all_gr1	Linb_11r_dgp_U_all_gr1	3	870	868	gagcctcggcgcaaagccatttggcgagaagaaattcattgagatcaagggccggcgcatggcctatatcgatgaagggaccggcgatccgatcctcttccagcacggcaatccgacgtcgtcctatctgtggcgcaatatcatgccgcattgcgccgggctgggacggctgatcgcctgtgacctgatcggcatgggcgattcggacaagctcgatccgtcggggcccgagcgttatgcctatgccgagcatcgtgactatctcgacgcgctgtgggaggcgctcgatctcggggacagggttgttctggtcgtgcatgactgggggtccgccctcggcttcgactgggcccgccgccaccgcgagcgtgtacaggggattgcctatatggaagcgatcgccatgccgatcgaatgggcggattttcccgaacaggatcgcgatctgtttcaggcctttcgctcgcaggcgggcgaagaattggtgttgcaggacaatgtttttgtcgaacaagttctccccggattgatcctgcgccccttaagcgaagcggagatggccgcctatcgcgagcccttcctcgccgccggcgaagcccgtcgaccgaccctgtcttggcctcgccaaatcccgatcgcaggcaccccggccgacgtggtcgcgatcgcccgggactatgccggctggctcagcgaaagcccgattccgaaactcttcatcaacgccgagccgggagccctgaccacgggccgaatgcgcgacttctgccgcacatggccaaaccagaccgaaatcacggtcgcaggcgcccatttcatccaggaggacagtccggacgagattggcgcggcgattgcggcgtttgtc	linb11_mis1_Uall_amplicons.fasta											
ena|baf80336|baf80336.1 sphingobium sp. ss04-2 haloalkane dehalogenase	Linb_11f_dgp_U_all_gr1	Linb_11r_dgp_U_all_gr1	3	870	868	gagcctcggcgcaaagccatttggcgagaagaaattcattgagatcaagggccggcgcatggcctatatcgatgaagggaccggcgatccgatcctcttccagcacggcaatccgacgtcgtcctatctgtggcgcaatatcatgccgcattgcgccgggctgggacggctgatcgcctgtgacctgatcggcatgggcgattcggacaagctcgatccgtcggggcccgagcgttatgcctatgccgagcatcgtgactatctcgacgcgctgtgggaggcgctcgatctcggggacagggttgttctggtcgtgcatgactgggggtccgccctcggcttcgactgggcccgccgccaccgcgagcgtgtacaggggattgcctatatggaagcgctcgccatgccgatcgaatgggcggattttcccgaacaggatcgcgatctgtttcaggcctttcgctcgcaggcgggcgaagaattggtgttgcaggacaatgtttttgtcgaacaagttctccccggattgatcctgcgccccttaagcgaagcggagatggccgcctatcgcgagcccttcctcgccgccggcgaagcccgtcgaccgaccctgtcttggcctcgccaaatcccgatcgcaggcaccccggccgacgtggtcgcgatcgcccgggactatgccggctggctcagcgaaagcccgattccgaaactcttcatcaacgccgagccgggatccttgaccacgggccgaatacgcgacttctgccgcacatggccaaaccagaccgaaatcacggtcgcaggcgcccatttcatccaggaggacagtccggacgagattggcgcggcgattgcggcgtttgtc	linb11_mis1_Uall_amplicons.fasta											
ena|baf80339|baf80339.1 sphingobium sp. ss04-3 haloalkane dehalogenase	Linb_11f_dgp_U_all_gr1	Linb_11r_dgp_U_all_gr1	3	870	868	gagcctcggcgcaaagccatttggcgagaagaaattcattgagatcaagggccggcgcatggcctatatcgatgaagggaccggcgatccgatcctcttccagcacggcaatccgacgtcgtcctatctgtggcgcaatatcatgccgcattgcgccgggctgggacggctgatcgcctgtgacctgatcggcatgggcgattcggacaagctcgatccgtcggggcccgagcgttatgcctatgccgagcatcgtgactatctcgacgcgctgtgggaggcgctcgatctcggggacagggttgttctggtcgtgcatgactgggggtccgtcctcggcttcgactgggcccgccgccaccgcgagcgtgtacaggggattgcctatatggaagcggtcaccatgccgctcgaatgggcggattttcccgaacaggatcgcgatctgtttcaggcctttcgctcgcaggcgggcgaagaattggtgttgcaggacaatgtttttgtcgaacaagttctccccggattgatcctgcgccccttaagcgaagcggagatggccgcctatcgcgagcccttcctcgccgccggcgaagcccgtcgaccgaccctgtcttggcctcgccaaatcccgatcgcaggcaccccggccgacgtggtcgcgatcgcccgggactatgccggctggctcagcgaaagcccgattccgaaactcttcatcaacgccgagccgggatccttgaccacgggccgaatacgcgacttctgccgcacatggccaaaccagaccgaaatcacggtcgcaggcgcccatttcatccaggaggacagtccggacgagattggcgcggcgattgcggcgtttgtc	linb11_mis1_Uall_amplicons.fasta											
ena|baf80345|baf80345.1 sphingobium sp. ss04-5 haloalkane dehalogenase	Linb_11f_dgp_U_all_gr1	Linb_11r_dgp_U_all_gr1	3	870	868	gagcctcggcgcaaagccatttggcgagaagaaattcattgagatcaagggccggcgcatggcctatatcgatgaagggaccggcgatccgatcctcttccagcacggcaatccgacgtcgtcctatctgtggcgcaatatcatgccgcattgcgccgggctgggacggctgatcgcctgtgacctgatcggcatgggcgattcggacaagctcgatccgtcggggcccgagcgttatacctatcccgagcatcgtgactatctcgacgcgctgtgggaggcgctcgatctcggggacagggttgttctggtcgtgcatgactgggggtccgccctcggcttcgactgggcccgccgccaccgcgagcgtgtacaggggattgcctatatggaagcgctcgccatgccgatcgaatgggcggattttcccgaacaggatcgcgatctgtttcaggcctttcgctcgcaggcgggcgaagaattggtgttgcaggacaatgtttttgtcgaacaagttctccccggattgatcctgcgccccttaagcgaagcggagatggccgcctatcgcgagcccttcctcgccgccggcgaagcccgtcgaccgaccctgtcttggcctcgccaaatcccgatcgcaggcaccccggccgacgtggtcgcgatcgcccgggactatgccggctggctcagcgaaagcccgattccgaaactcttcatcaacgccgagccgggatccctgaccacgggccgaatgcgcgacttctgccgcacatggccaaaccagaccgaaatcacggtcgcaggcgcccatttcatccaggaggacagtccggacgagattggcgcggcgattgcggcgtttgtc	linb11_mis1_Uall_amplicons.fasta											
ena|acv91872|acv91872.1 sphingomonas sp. hz-1 haloalkane dehalogenase	Linb_11f_dgp_U_all_gr1	Linb_11r_dgp_U_all_gr1	3	870	868	gagcctcggcgcaaagccatttggcgagaagaaattcattgagatcaagggccggcgcatggcctatatcgatgaagggaccggcgatccgatcctcttccagcacggcaatccgacgtcgtcctatctgtggcgcaatatcatgccgcattgcgccgggctgggacggctgatcgcctgtgacctgatcggcatgggcgattcggacaagctcgatccgtcggggcccgagcgttatgcctatgccgagcatcgtgactatctcgacgcgctgtgggaggcgctcgatctcggggacagggttgttctggtcgtgcatgactgggggtccgtcctcggcttcgactgggcccgccgccaccgcgagcgtgtacaggggattgcctatatggaagcgatcaccatgccgctcgaatgggcggattttcccgaacaggatcgcgatctgtttcaggcctttcgctcgcaggcgggcgaagaattggtgttgcaggacaatgtttttgtcgaacaagttctccccggattgatcctgcgccccttaagcgaagcggagatggccgcctatcgcgagcccttcctcgccgccggcgaagcccgtcgaccgaccctgtcttggcctcgccaaatcccgatcgcaggcaccccggccgacgtggtcgcgatcgcccgggactatgccggctggctcagcgaaagcccgattccgaaactcttcatcaacgccgagccgggacacctgaccacgggccgaatgcgcgacttctgccgcacatggccaaaccagaccgaaatcacggtcgcaggcgcccatttcatccaggaggacagtccggaggagattggcgcggcgattgcggcgtttgtc	linb11_mis1_Uall_amplicons.fasta											
ena|baf80331|baf80331.1 sphingobium indicum haloalkane dehalogenase	Linb_11f_dgp_U_all_gr1	Linb_11r_dgp_U_all_gr1	3	870	868	gagcctcggcgcaaagccatttggcgagaagaaattcattgagatcaagggccggcgcatggcctatatcgatgaagggaccggcgatccgatcctcttccagcacggcaatccgacgtcgtcctatctgtggcgcaatatcatgccgcattgcgccgggctgggacggctgatcgcctgtgacctgatcggcatgggcgattcggacaagctcgatccgtcggggcccgagcgttatgcctatgccgagcatcgtgactatctcgacgcgctgtgggaggcgctcgatctcggggacagggttgttctggtcgtgcatgactgggggtccgccctcggcttcgactgggcccgccgccaccgcgagcgtgtacaggggattgcctatatggaagcgatcgccatgccgatcgaatgggcggattttcccgaacaggatcgcgatctgtttcaggcctttcgctcgcaggcgggcgaagaattggtgttgcaggacaatgtttttgtcgaacaagttctccccggattgatcctgcgccccttaagcgaagcggagatggccgcctatcgcgagcccttcctcgccgccggcgaagcccgtcgaccgaccctgtcttggcctcgccaaatcccgatcgcaggcaccccggccgacgtggtcgcgatcgcccgggactatgccggctggctcagcgaaagcccgattccgaaactcttcatcaacgccgagccgggagccctgaccacgggccgaatgcgcgacttctgccgcacatggccaaaccagaccgaaatcacggtcgcaggcgcccatttcatccaggaggacagtccggacgagattggcgcggcgattgcggcgtttgtc	linb11_mis1_Uall_amplicons.fasta											
ena|aax07227|aax07227.1 sphingomonas paucimobilis haloalkane dehalogenase	Linb_11f_dgp_U_all_gr1	Linb_11r_dgp_U_all_gr1	3	870	868	gagcctcggcgcaaagccatttggcgagaagaaattcattgagatcaagggccggcgcatggcctatatcgatgaagggaccggcgatccgatcctcttccagcacggcaatccgacgtcgtcctatctgtggcgcaatatcatgccgcattgcgccgggctgggacggctgatcgcctgtgacctgatcggcatgggcgattcggacaagctcgatccgtcggggcccgagcgttatacctatgccgagcatcgtgactatctcgacgcgctgtgggaggcgctcgatctcggggacagggttgttctggtcgtgcatgactgggggtccgccctcggcttcgactgggcccgccgccaccgcgagcgtgtacaggggattgcctatatggaagcgctcgccatgccgatcgaatgggcggattttcccgaacaggatcgcgatctgtttcaggcctttcgctcgcaggcgggcgaagaattggtgttgcaggacaatgtttttgtcgaacaagttctccccggattgatcctgcgccccttaagcgaagcggagatggccgcctatcgcgagcccttcctcgccgccggcgaagcccgtcgaccgaccctgtcttggcctcgccaaatcccgatcgcaggcaccccggccgacgtggtcgcgatcgcccgggactatgccggctggctcagcgaaagcccgattccgaaactcttcatcaacgccgagccgggatccctgaccacgggccgaatgcgcgacttctgccgcacatggccaaaccagaccgaaatcacggtcgcaggcgcccatttcatccaggaggacagtccggacgagattggcgcggcgattgcggcgtttgtc	linb11_mis1_Uall_amplicons.fasta											
ena|aar05978|aar05978.1 sphingomonas paucimobilis linb	Linb_11f_dgp_U_all_gr1	Linb_11r_dgp_U_all_gr1	3	870	868	gagcctcggcgcaaagccatttggcgagaagaaattcattgagatcaagggccggcgcatggcctatatcgatgaagggaccggcgatccgatcctcttccagcacggcaatccgacgtcgtcctatctgtggcgcaatatcatgccgcattgcgccgggctgggacggctgatcgcctgtgacctgatcggcatgggcgattcggacaagctcgatccgtcggggcccgagcgttatacctatgccgagcatcgtgactatctcgacgcgctgtgggaggcgctcgatctcggggacagggttgttctggtcgtgcatgactgggggtccgtcctcggcttcgactgggcccgccgccaccgcgagcgtgtacaggggattgcctatatggaagcggtcaccatgccgctcgaatgggcggattttcccgaacaggatcgcgatctgtttcaggcctttcgctcgcaggcgggcgaagaattggtgttgcaggacaatgtttttgtcgaacaagttctccccggattgatcctgcgccccttaagcgaagcggagatggccgcctatcgcgagcccttcctcgccgccggcgaagcccgtcgaccgaccctgtcttggcctcgccaaatcccgatcgcaggcaccccggccgacgtggtcgcgatcgcccgggactatgccggctggctcagcgaaagcccgattccgaaactcttcatcaacgccgagccgggacacctgaccacgggccgaatacgcgacttctgccgcacatggccaaaccagaccgaaatcacggtcgcaggcgcccatttcatccaggaggacagtccggacgagattggcgcggcgattgcggcgtttgtc	linb11_mis1_Uall_amplicons.fasta											
ena|baf80333|baf80333.1 sphingobium sp. ss04-1 haloalkane dehalogenase	Linb_11f_dgp_U_all_gr1	Linb_11r_dgp_U_all_gr1	3	870	868	gagcctcggcgcaaagccatttggcgagaagaaattcattgagatcaagggccggcgcatggcctatatcgatgaagggaccggcgatccgatcctcttccagcacggcaatccgacgtcgtcctatctgtggcgcaatatcatgccgcattgcgccgggctgggacggctgatcgcctgtgacctgatcggcatgggcgattcggacaagctcgatccgtcggggcccgagcgttatgcctatgccgagcatcgtgactatctcgacgcgctgtgggaggcgctcgatctcggggacagggttgttctggtcgtgcatgactgggggtccgtcctcggcttcgactgggcccgccgccaccgcgagcgtgtacaggggattgcctatatggaagcgctcgccatgccgatcgaatgggcggattttcccgaacaggatcgcgatctgtttcaggcctttcgctcgcaggcgggcgaagaattggtgttgcaggacaatgtttttgtcgaacaagttctccccggattgatcctgcgccccttaagcgaagcggagatggccgcctatcgcgagcccttcctcgccgccggcgaagcccgtcgaccgaccctgtcttggcctcgccaaatcccgatcgcaggcaccccggccgacgtggtcgcgatcgcccgggactatgccggctggctcagcgaaagcccgattccgaaactcttcatcaacgccgagccgggatccttgaccacgggccgaatacgcgacttctgccgcacatggccaaaccagaccgaaatcacggtcgcaggcgcccatttcatccaggaggacagtccggacgagattggcgcggcgattgcggcgtttgtc	linb11_mis1_Uall_amplicons.fasta											
ena|amk20862|amk20862.1 sphingobium sp. mi1205 haloalkane dehalogenase	Linb_11f_dgp_U_all_gr1	Linb_11r_dgp_U_all_gr1	3	870	868	gagcctcggcgcaaagccatttggcgagaagaaattcattgagatcaagggccggcgcatggcctatatcgatgaagggaccggcgatccgatcctcttccagcacggcaatccgacgtcgtcctatctgtggcgcaatatcatgccgcattgcgccgggctgggacggctgatcgcctgtgacctgatcggcatgggcgattcggacaagctcgatccgtcggggcccgagcgttatacctatgccgagcatcgtgactatctcgacgcgctgtgggaggcgctcgatctcggggacagggttgttctggtcgtgcatgactgggggtccgtcctcggcttcgactgggcccgccgccaccgcgagcgtgtacaggggattgcctatatggaagcggtcaccatgccgctcgaatgggcggattttcccgaacaggatcgcgatctgtttcaggcctttcgctcgcaggcgggcgaagaattggtgttgcaggacaatgtttttgtcgaacaagttctccccggattgatcctgcgccccttaagcgaagcggagatggccgcctatcgcgagcccttcctcgccgccggcgaagcccgtcgaccgaccctgtcttggcctcgccaaatcccgatcgcaggcaccccggccgacgtggtcgcgatcgcccgggactatgccggctggctcagcgaaagcccgattccgaaactcttcatcaacgccgagccgggacacctgaccacgggccgaatacgcgacttctgccgcacatggccaaaccagaccgaaatcacggtcgcaggcgcccatttcatccaggaggacagtccggacgagattggcgcggcgattgcggcgtttgtc	linb11_mis1_Uall_amplicons.fasta											
ena|amk20865|amk20865.1 sphingobium sp. mi1205 haloalkane dehalogenase	Linb_11f_dgp_U_all_gr1	Linb_11r_dgp_U_all_gr1	3	870	868	gagcctcggcgcaaagccatttggcgagaagaaattcattgagatcaagggccggcgcatggcctatatcgatgaagggaccggcgatccgatcctcttccagcacggcaatccgacgtcgtcctatctgtggcgcaatatcatgccgcattgcgccgggctgggacggctgatcgcctgtgacctgatcggcatgggcgattcggacaagctcgatccgtcggggcccgagcgttatacctatgccgagcatcgtgactatctcgacgcgctgtgggaggcgctcgatctcggggacagggttgttctggtcgtgcatgactgggggtccgtcctcggcttcgactgggcccgccgccaccgcgagcgtgtacaggggattgcctatatggaagcggtcaccatgccgctcgaatgggcggattttcccgaacaggatcgcgatctgtttcaggcctttcgctcgcaggcgggcgaagaattggtgttgcaggacaatgtttttgtcgaacaagttctccccggattgatcctgcgccccttaagcgaagcggagatggccgcctatcgcgagcccttcctcgccgccggcgaagcccgtcgaccgaccctgtcttggcctcgccaaatcccgatcgcaggcaccccggccgacgtggtcgcgatcgcccgggactatgccggctggctcagcgaaagcccgattccgaaactcttcatcaacgccgagccgggacacctgaccacgggccgaatacgcgacttctgccgcacatggccaaaccagaccgaaatcacggtcgcaggcgcccatttcatccaggaggacagtccggacgagattggcgcggcgattgcggcgtttgtc	linb11_mis1_Uall_amplicons.fasta											
ena|baf56671|baf56671.1 sphingobium sp. mi1205 haloalkane dehalogenase	Linb_11f_dgp_U_all_gr1	Linb_11r_dgp_U_all_gr1	3	870	868	gagcctcggcgcaaagccatttggcgagaagaaattcattgagatcaagggccggcgcatggcctatatcgatgaagggaccggcgatccgatcctcttccagcacggcaatccgacgtcgtcctatctgtggcgcaatatcatgccgcattgcgccgggctgggacggctgatcgcctgtgacctgatcggcatgggcgattcggacaagctcgatccgtcggggcccgagcgttatacctatgccgagcatcgtgactatctcgacgcgctgtgggaggcgctcgatctcggggacagggttgttctggtcgtgcatgactgggggtccgtcctcggcttcgactgggcccgccgccaccgcgagcgtgtacaggggattgcctatatggaagcggtcaccatgccgctcgaatgggcggattttcccgaacaggatcgcgatctgtttcaggcctttcgctcgcaggcgggcgaagaattggtgttgcaggacaatgtttttgtcgaacaagttctccccggattgatcctgcgccccttaagcgaagcggagatggccgcctatcgcgagcccttcctcgccgccggcgaagcccgtcgaccgaccctgtcttggcctcgccaaatcccgatcgcaggcaccccggccgacgtggtcgcgatcgcccgggactatgccggctggctcagcgaaagcccgattccgaaactcttcatcaacgccgagccgggacacctgaccacgggccgaatacgcgacttctgccgcacatggccaaaccagaccgaaatcacggtcgcaggcgcccatttcatccaggaggacagtccggacgagattggcgcggcgattgcggcgtttgtc	linb11_mis1_Uall_amplicons.fasta											
ena|baf56673|baf56673.1 sphingobium sp. mi1205 haloalkane dehalogenase	Linb_11f_dgp_U_all_gr1	Linb_11r_dgp_U_all_gr1	3	870	868	gagcctcggcgcaaagccatttggcgagaagaaattcattgagatcaagggccggcgcatggcctatatcgatgaagggaccggcgatccgatcctcttccagcacggcaatccgacgtcgtcctatctgtggcgcaatatcatgccgcattgcgccgggctgggacggctgatcgcctgtgacctgatcggcatgggcgattcggacaagctcgatccgtcggggcccgagcgttatacctatgccgagcatcgtgactatctcgacgcgctgtgggaggcgctcgatctcggggacagggttgttctggtcgtgcatgactgggggtccgtcctcggcttcgactgggcccgccgccaccgcgagcgtgtacaggggattgcctatatggaagcggtcaccatgccgctcgaatgggcggattttcccgaacaggatcgcgatctgtttcaggcctttcgctcgcaggcgggcgaagaattggtgttgcaggacaatgtttttgtcgaacaagttctccccggattgatcctgcgccccttaagcgaagcggagatggccgcctatcgcgagcccttcctcgccgccggcgaagcccgtcgaccgaccctgtcttggcctcgccaaatcccgatcgcaggcaccccggccgacgtggtcgcgatcgcccgggactatgccggctggctcagcgaaagcccgattccgaaactcttcatcaacgccgagccgggacacctgaccacgggccgaatacgcgacttctgccgcacatggccaaaccagaccgaaatcacggtcgcaggcgcccatttcatccaggaggacagtccggacgagattggcgcggcgattgcggcgtttgtc	linb11_mis1_Uall_amplicons.fasta											
ena|aeb96581|aeb96581.1 uncultured organism haloalkane dehalogenase linb	Linb_11f_dgp_U_all_gr1	Linb_11r_dgp_U_all_gr1	3	870	868	gagcctcggcgcaaagccatttggcgagaagaaattcattgagatcaagggccggcgcatggcctatatcgatgaagggaccggcgatccgatcctcttccagcacggcaatccgacgtcgtcctatctgtggcgcaatatcatgccgcattgcgccgggctgggacggctgatcgcctgtgacctgatcggcatgggcgattcggacaagctcgatccgtcggggcccgagcgttatgcctatgccgagcatcgtgactatctcgacgcgctgtgggaggcgctcgatctcggggacagggttgttctggtcgtgcatgactgggggtccgtcctcggcttcgactgggcccgccgccaccgcgagcgtgtacaggggattgcctatatggaagcggtcaccatgccgctcgaatgggcggattttcccgaacaggctcgcgatctgtttcaggcctttcgctcgcaggcgggcgaagaattggtgttgcaggacaatgtttttgtcgaacaagttctccccggattgatcctgcgccccttaagcgaagcggagatggccgcctatcgcgagcccttcctcgccgccggcgaagcccgtcgaccgaccctgtcttggcctcgccaaatcccgatcgcaggcaccccggccgacgtggtcgcgatcgcccgggactatgccggctggctcagcgaaagcccgattccgaaactcttcatcaacgccgagccgggacacctgaccacgggccgaatacgcgacttctgccgcacatggccaaaccagaccgaaatcacggtcgcaggcgcccatttcatccaggaggacagtccggacgagattggcgcggcgattgcggcgtttgtc	linb11_mis1_Uall_amplicons.fasta											
ena|aeb96582|aeb96582.1 uncultured organism haloalkane dehalogenase linb	Linb_11f_dgp_U_all_gr1	Linb_11r_dgp_U_all_gr1	3	870	868	gagcctcggcgcaaagccatttggcgagaagaaattcattgagatcaagggccggcgcatggcctatatcgatgaagggaccggcgatccgatcctcttccagcacggcaatccgacgtcgtcctatctgtggcgcaatatcatgccgcattgcgccgggctgggacggctgatcgcctgtgacctgatcggcatgggcgattcggacaagctcgatccgtcggggcccgagcgttatgcctatgccgagcatcgtgactatctcgacgcgctgtgggaggcgctcgatctcggggacagggttgttctggtcgtgcatgactgggggtccgtcctcggcttcgactgggcccgccgccaccgcgagcgtgtacaggggattgcctatatggaagcggtcaccatgccgctcgaatgggcggattttcccgaacaggatcgcgatctgtttcaggcctttcgctcgcaggcgggcgaagaattggtgttgcaggacaatgtttttgtcgaacaagttctccccggattgatcctgcgccccttaagcgaagcggagatggccgcctatcgcgagcccttcctcgccgccggcgaagcccgtcgaccgaccctgtcttggcctcgccaaatcccgatcgcaggcaccccggccgacgtggtcgcgatcgcccgggactatgccggctggctcagcgaaagcccgattccgaaactcttcatcaacgccgagccgggtcacctgaccacgggccgactgcgcgacttctgccgcacatggccaaaccagaccgaaatcacggtcgcaggcgcccatttcatccaggaggacagtccggacgagattggcgcggcgattgcggcgtttgtc	linb11_mis1_Uall_amplicons.fasta											
ena|aeb96580|aeb96580.1 uncultured organism haloalkane dehalogenase linb	Linb_11f_dgp_U_all_gr1	Linb_11r_dgp_U_all_gr1	3	870	868	gagcctcggcgcaaagccatttggcgagaagaaattcattgagatcaagggccggcgcatggcctatatcgatgaagggaccggcgatccgatcctcttccagcacggcaatccgacgtcgtcctatctgtggcgcaatatcatgccgcattgcgccgggctgggacggctgatcgcctgtgacctgatcggcatgggcgattcggacaagctcgatccgtcggggcccgagcgttatgcctatgccgagcatcgtgactatctcgacgcgctgtgggaggcgctcgatctcggggacagggttgttctggtcgtgcatgactgggggtccgtcctcggcttcgactgggcccgccgccaccgcgagcgtgtacaggggattgcctatatggaagcggtcaccatgccgctcgaatgggcggattttcccgaacaggatcgcgatctgtttcaggcctttcgctcgcaggcgggcgaagaattggtgttgcaggacaatgtttttgtcgaacaagttctccccggattgatcctgcgccccttaagcgaagcggagatggccgcctatcgcgagcccttcctcgccgccggcgaagcccgtcgaccgaccctgtcttggcctcgccaaatcccgatcgcaggcaccccggccgacgtggtcgcgatcgcccgggactatgccggctggctcagcgaaagcccgattccgaaactcttcatcaacgccgagccgggacacctgaccacgggccgaatacgcgacttctgccgcacatggccaaaccagaccgaaatcacggtcgcaggcgcccatttcatccaggaggacagtccggacgagattggcgcggcgattgcggcgtttgtc	linb11_mis1_Uall_amplicons.fasta											
ena|aeb96583|aeb96583.1 uncultured organism haloalkane dehalogenase linb	Linb_11f_dgp_U_all_gr1	Linb_11r_dgp_U_all_gr1	3	870	868	gagcctcggcgcaaagccatttggcgagaagaaattcattgagatcaagggccggcgcatggcctatatcgatgaagggaccggcgatccgatcctcttccagcacggcaatccgacgtcgtcctatctgtggcgcaatatcatgccgcattgcgccgggctgggacggctgatcgcctgtgacctgatcggcatgggcgattcggacaagctcgatccgtcggggcccgagcgttatgcctatgccgagcatcgtgactatctcgacgcgctgtgggaggcgctcgatctcggggacagggttgttctggtcgtgcatgactgggggtccgtcctcggcttcgactgggcccgccgccaccgcgagcgtgtacaggggattgcctatatggaagcggtcaccatgccgctcgaatgggcggattttcccgaacaggctcgcgatctgtttcaggcctttcgctcgcaggcgggcgaagaattggtgttgcaggacaatgtttttgtcgaacaagttctccccggattgatcctgcgccccttaagcgaagcggagatggccgcctatcgcgagcccttcctcgccgccggcgaagcccgtcgaccgaccctgtcttggcctcgccaaatcccgatcgcaggcaccccggccgacgtggtcgcgatcgcccgggactatgccggctggctcagcgaaagcccgattccgaaactcttcatcaacgccgagccgggacacctgaccacgggccgattgcgcgacttctgccgcacatggccaaaccagaccgaaatcacggtcgcaggcgcccatttcatccaggaggacagtccggacgagattggcgcggcgattgcggcgtttgtc	linb11_mis1_Uall_amplicons.fasta											
sina:KNJ79_19310 K01563 haloalkane dehalogenase [EC:3.8.1.5] | (GenBank) haloalkane dehalogenase (N)	Linb_11f_dgp_U_all_gr1	Linb_11r_dgp_U_all_gr1	3	870	868	gagcctcagcgcaaagccatttggcgagaagaaattcattgagatcaagggccggcgcatggcctatatcgatgaagggaccggcgatccgatcctcttccagcacggcaatccgacgtcgtcctatctgtggcgcaatatcatgccgcattgcgccgggctgggacggctgatcgcctgtgacctgatcggcatgggcgattcggacaagctcgatccgtcggggcccgagcgttatgcctatgccgagcatcgtgactatctcgacgcgctgtgggaggcgctcgatctcggggacagggttgttctggtcgtgcatgactgggggtccgtcctcggcttcgactgggcccgccgccaccgcgagcgtgtacaggggattgcctatatggaagcggtcaccatgccgctcgaatgggcggattttcccgaacaggatcgcgatctgtttcaggcctttcgctcgcaggcgggcgaagaattggtgttgcaggacaatgtttttgtcgaacaatttctccccggaatgatcctgcgccccttaagcgaagcggagatggccgcctatcgcgagcccttcctcgccgccggcgaagcccgtcgaccgaccctgtcttggcctcgccaaatcccgatcgcaggcaccccggccgacgtggtcgcgatcgcccgggactatgccggctggctcagcgaaagcccgattccgaaactcttcatcaacgccgagccgggacacgtgaccacgggccgattgcgcgacttctgccgcacatggccaaaccagaccgaaatcacggtcgcaggcgcccatttcatccaggaggacagtccggacgagattggcgcggcgattgcggcgtttgtc	linb11_mis1_Kall_amplicons.fasta											
sinb:SIDU_17345 K01563 haloalkane dehalogenase [EC:3.8.1.5] | (GenBank) haloalkane dehalogenase (N)	Linb_11f_dgp_U_all_gr1	Linb_11r_dgp_U_all_gr1	3	870	868	gagcctcggcgcaaagccatttggcgagaagaaattcattgagatcaagggccggcgcatggcctatatcgatgaagggaccggcgatccgatcctcttccagcacggcaatccgacgtcgtcctatctgtggcgcaatatcatgccgcattgcgccgggctgggacggctgatcgcctgtgacctgatcggcatgggcgattcggacaagctcgatccgtcggggcccgagcgttatacctatgccgagcatcgtgactatctcgacgcgctgtgggaggcgctcgatctcggggacagggttgttctggtcgtgcatgactgggggtccgtcctcggcttcgactgggcccgccgccaccgcgagcgtgtacaggggattgcctatatggaagcggtcaccatgccgctcgaatgggcggattttcccgaacaggatcgcgatctgtttcaggcctttcgctcgcaggcgggcgaagaattggtgttgcaggacaatgtttttgtcgaacaagttctccccggattgatcctgcgccccttaagcgaagcggagatggccgcctatcgcgagcccttcctcgccgccggcgaagcccgtcgaccgaccctgtcttggcctcgccaaatcccgatcgcaggcaccccggccgacgtggtcgcgatcgcccgggactatgccggctggctcagcgaaagcccgattccgaaactcttcatcaacgccgagccgggacacctgaccacgggccgaatacgcgacttctgccgcacatggccaaaccagaccgaaatcacggtcgcaggcgcccatttcatccaggaggacagtccggacgagattggcgcggcgattgcggcgtttgtc	linb11_mis1_Kall_amplicons.fasta											
"sjp:SJA_C1-19590 K01563 haloalkane dehalogenase [EC:3.8.1.5] | (GenBank) linB; 1,3,4,6-tetrachloro-1,4-cyclohexadiene hydrolase LinB (N)"	Linb_11f_dgp_U_all_gr1	Linb_11r_dgp_U_all_gr1	3	870	868	gagcctcggcgcaaagccatttggcgagaagaaattcattgagatcaagggccggcgcatggcctatatcgatgaagggaccggcgatccgatcctcttccagcacggcaatccgacgtcgtcctatctgtggcgcaatatcatgccgcattgcgccgggctgggacggctgatcgcctgtgacctgatcggcatgggcgattcggacaagctcgatccgtcggggcccgagcgttatgcctatgccgagcatcgtgactatctcgacgcgctgtgggaggcgctcgatctcggggacagggttgttctggtcgtgcatgactgggggtccgccctcggcttcgactgggcccgccgccaccgcgagcgtgtacaggggattgcctatatggaagcgatcgccatgccgatcgaatgggcggattttcccgaacaggatcgcgatctgtttcaggcctttcgctcgcaggcgggcgaagaattggtgttgcaggacaatgtttttgtcgaacaagttctccccggattgatcctgcgccccttaagcgaagcggagatggccgcctatcgcgagcccttcctcgccgccggcgaagcccgtcgaccgaccctgtcttggcctcgccaaatcccgatcgcaggcaccccggccgacgtggtcgcgatcgcccgggactatgccggctggctcagcgaaagcccgattccgaaactcttcatcaacgccgagccgggagccctgaccacgggccgaatgcgcgacttctgccgcacatggccaaaccagaccgaaatcacggtcgcaggcgcccatttcatccaggaggacagtccggacgagattggcgcggcgattgcggcgtttgtc	linb11_mis1_Kall_amplicons.fasta											
sphm:G432_22000 K01563 haloalkane dehalogenase [EC:3.8.1.5] | (GenBank) haloalkane dehalogenase LinB (N)	Linb_11f_dgp_U_all_gr1	Linb_11r_dgp_U_all_gr1	3	870	868	gagcctcggcgcaaagccatttggcgagaagaaattcattgagatcaagggccggcgcatggcctatatcgatgaagggaccggcgatccgatcctcttccagcacggcaatccgacgtcgtcctatctgtggcgcaatatcatgccgcattgcgccgggctgggacggctgatcgcctgtgacctgatcggcatgggcgattcggacaagctcgatccgtcggggcccgagcgttatgcctatgccgagcatcgtgactatctcgacgcgctgtgggaggcgctcgatctcggggacagggttgttctggtcgtgcatgactgggggtccgtcctcggcttcgactgggcccgccgccaccgcgagcgtgtacaggggattgcctatatggaagcggtcaccatgccgctcgaatgggcggattttcccgaacaggatcgcgatctgtttcaggcctttcgctcgcaggcgggcgaagaattggtgttgcaggacaatgtttttgtcgaacaagttctccccggattgatcctgcgccccttaagcgaagcggagatggccgcctatcgcgagcccttcctcgccgccggcgaagcccgtcgaccgaccctgtcttggcctcgccaaatcccgatcgcaggcaccccggccgacgtggtcgcgatcgtccgggactatgccggctggctcagcgaaagcccgattccgaaactcttcatcaacgccgagccgggatccttgaccacgggccgaatacgcgacttctgccgcacatggccaaaccagaccgaaatcacggtcgcaggcgcccatttcatccaggaggacagtccggacgagattggcgcggcgattgcggcgtttgtc	linb11_mis1_Kall_amplicons.fasta											
spht:K426_01100 K01563 haloalkane dehalogenase [EC:3.8.1.5] | (GenBank) haloalkane dehalogenase (N)	Linb_11f_dgp_U_all_gr1	Linb_11r_dgp_U_all_gr1	3	870	868	gagcctcggcgcaaagccatttggcgagaagaaattcattgagatcaagggccggcgcatggcctatatcgatgaagggaccggcgatccgatcctcttccagcacggcaatccgacgtcgtcctatctgtggcgcaatatcatgccgcattgcgccgggctgggacggctgatcgcctgtgacctgatcggcatgggcgattcggacaagctcgatccgtcggggcccgagcgttatgcctatgccgagcatcgtgactatctcgacgcgctgtgggaggcgctcgatctcggggacagggttgttctggtcgtgcatgactgggggtccgtcctcggcttcgactgggcccgccgccaccgcgagcgtgtacaggggattgcctatatggaagcggtcgccatgccgctcgaatgggcggattttcccgaacaggatcgcgatctgtttcaggcctttcgctcgcaggcgggcgaagaattggtgttgcaggacaatgtttttgtcgaacaagttctccccggattgatcctgcgccccttaagcgaagcggagatggccgcctatcgcgagcccttcctcgccgccggcgaagcccgtcgaccgaccctgtcttggcctcgccaaatcccgatcgcaggcaccccggccgacgtggtcgcgatcgtccgggactatgccggctggctcagcgaaagcccgattccgaaactcttcatcaacgccgagccgggtcacctgaccacgggccgactgcgcgacttctgccgcacatggccaaaccagaccgaaatcacggtcgcaggcgcccatttcatccaggaggacagtccggacgagattggcgcggcgattgcggcgtttgtc	linb11_mis1_Kall_amplicons.fasta											
spht:K426_28865 K01563 haloalkane dehalogenase [EC:3.8.1.5] | (GenBank) haloalkane dehalogenase (N)	Linb_11f_dgp_U_all_gr1	Linb_11r_dgp_U_all_gr1	3	870	868	gagcctcggcgcaaagccatttggcgagaagaaattcattgagatcaagggccggcgcatggcctatatcgatgaagggaccggcgatccgatcctcttccagcacggcaatccgacgtcgtcctatctgtggcgcaatatcatgccgcattgcgccgggctgggacggctgatcgcctgtgacctgatcggcatgggcgattcggacaagctcgatccgtcggggcccgagcgttatgcctatgccgagcatcgtgactatctcgacgcgctgtgggaggcgctcgatctcggggacagggttgttctggtcgtgcatgactgggggtccgtcctcggcttcgactgggcccgccgccaccgcgagcgtgtacaggggattgcctatatggaagcggtcaccatgccgctcgaatgggcggattttcccgaacaggctcgcgatctgtttcaggcctttcgctcgcaggcgggcgaagaattggtgttgcaggacaatgtttttgtcgaacaagttctccccggattgatcctgcgccccttaagcgaagcggagatggccgcctatcgcgagcccttcctcgccgccggcgaagcccgtcgaccgaccctgtcttggcctcgccaaatcccgatcgcaggcaccccggccgacgtggtcgcgatcgcccgggactatgccggctggctcagcgaaagcccgattccgaaactcttcatcaacgccgagccgggacacctgaccacgggccgaatacgcgacttctgccgcacatggccaaaccagaccgaaatcacggtcgcaggcgcccatttcatccaggaggacagtccggacgagattggcgcggcgattgcggcgtttgtc	linb11_mis1_Kall_amplicons.fasta											
spmi:K663_20098 K01563 haloalkane dehalogenase [EC:3.8.1.5] | (GenBank) haloalkane dehalogenase (N)	Linb_11f_dgp_U_all_gr1	Linb_11r_dgp_U_all_gr1	3	870	868	gagcctcggcgcaaagccatttggcgagaagaaattcattgagatcaagggccggcgcatggcctatatcgatgaagggaccggcgatccgatcctcttccagcacggcaatccgacgtcgtcctatctgtggcgcaatatcatgccgcattgcgccgggctgggacggctgatcgcctgtgacctgatcggcatgggcgattcggacaagctcgatccgtcggggcccgagcgttatgcctatgccgagcatcgtgactatctcgacgcgctgtgggaggcgctcgatctcggggacagggttgttctggtcgtgcatgactgggggtccgccctcggcttcgactgggcccgccgccaccgcgagcgtgtacaggggattgcctatatggaagcgctcgccatgccgctcgaatgggcggattttcccgaacaggctcgcgatctgtttcaggcctttcgctcgcaggcgggcgaagaattggtgttgcaggacaatgtttttgtcgaacaagttctccccggattgatcctgcgccccttaagcgaagcggagatggccgcctatcgcgagcccttcctcgccgccggcgaagcccgtcgaccgaccctgtcttggcctcgccaaatcccgatcgcaggcaccccggccgacgtggtcgcgatcgcccgggactatgccggctggctcagcgaaagcccgattccgaaactcttcatcaacgccgagccgggacacctgaccacgggccgaatgcgcgacttctgccgcacatggccaaaccagaccgaaatcacggtcgcaggcgcccatttcatccaggaggacagtccggacgagattggcgcggcgattgcggcgtttgtc	linb11_mis1_Kall_amplicons.fasta											
spmi:K663_22528 K01563 haloalkane dehalogenase [EC:3.8.1.5] | (GenBank) haloalkane dehalogenase (N)	Linb_11f_dgp_U_all_gr1	Linb_11r_dgp_U_all_gr1	3	870	868	gagcctcggcgcaaagccatttggcgagaagaaattcattgagatcaagggccggcgcatggcctatatcgatgaagggaccggcgatccgatcctcttccagcacggcaatccgacgtcgtcctatctgtggcgcaatatcatgccgcattgcgccgggctgggacggctgatcgcctgtgacctgatcggcatgggcgattcggacaagctcgatccgtcggggcccgagcgttatacctatgccgagcatcgtgactatctcgacgcgctgtgggaggcgctcgatctcggggacagggttgttctggtcgtgcatgactgggggtccgtcctcggcttcgactgggcccgccgccaccgcgagcgtgtacaggggattgcctatatggaagcggtcaccatgccgctcgaatgggcggattttcccgaacaggatcgcgatctgtttcaggcctttcgctcgcaggcgggcgaagaattggtgttgcaggacaatgtttttgtcgaacaagttctccccggattgatcctgcgccccttaagcgaagcggagatggccgcctatcgcgagcccttcctcgccgccggcgaagcccgtcgaccgaccctgtcttggcctcgccaaatcccgatcgcaggcaccccggccgacgtggtcgcgatcgcccgggactatgccggctggctcagcgaaagcccgattccgaaactcttcatcaacgccgagccgggacacctgaccacgggccgaatacgcgacttctgccgcacatggccaaaccagaccgaaatcacggtcgcaggcgcccatttcatccaggaggacagtccggacgagattggcgcggcgattgcggcgtttgtc	linb11_mis1_Kall_amplicons.fasta											
spmi:K663_22543 K01563 haloalkane dehalogenase [EC:3.8.1.5] | (GenBank) haloalkane dehalogenase (N)	Linb_11f_dgp_U_all_gr1	Linb_11r_dgp_U_all_gr1	3	870	868	gagcctcggcgcaaagccatttggcgagaagaaattcattgagatcaagggccggcgcatggcctatatcgatgaagggaccggcgatccgatcctcttccagcacggcaatccgacgtcgtcctatctgtggcgcaatatcatgccgcattgcgccgggctgggacggctgatcgcctgtgacctgatcggcatgggcgattcggacaagctcgatccgtcggggcccgagcgttatacctatgccgagcatcgtgactatctcgacgcgctgtgggaggcgctcgatctcggggacagggttgttctggtcgtgcatgactgggggtccgtcctcggcttcgactgggcccgccgccaccgcgagcgtgtacaggggattgcctatatggaagcggtcaccatgccgctcgaatgggcggattttcccgaacaggatcgcgatctgtttcaggcctttcgctcgcaggcgggcgaagaattggtgttgcaggacaatgtttttgtcgaacaagttctccccggattgatcctgcgccccttaagcgaagcggagatggccgcctatcgcgagcccttcctcgccgccggcgaagcccgtcgaccgaccctgtcttggcctcgccaaatcccgatcgcaggcaccccggccgacgtggtcgcgatcgcccgggactatgccggctggctcagcgaaagcccgattccgaaactcttcatcaacgccgagccgggacacctgaccacgggccgaatacgcgacttctgccgcacatggccaaaccagaccgaaatcacggtcgcaggcgcccatttcatccaggaggacagtccggacgagattggcgcggcgattgcggcgtttgtc	linb11_mis1_Kall_amplicons.fasta											
spta:Sj15T_12510 K01563 haloalkane dehalogenase [EC:3.8.1.5] | dhaA_1; (GenBank) haloalkane dehalogenase 3 (N)	Linb_11f_dgp_U_all_gr1	Linb_11r_dgp_U_all_gr1	3	870	868	gagcctcggcgcaaagccatttggcgagaagaaattcattgagatcaagggccggcgcatggcctatatcgatgaagggaccggcgatccgatcctcttccagcacggcaatccgacgtcgtcctatctgtggcgcaatatcatgccgcattgcgccgggctgggacggctgatcgcctgtgacctgatcggcatgggcgattcggacaagctcgatccgtcggggcccgagcgttatgcctatgccgagcatcgtgactatctcgacgcgctgtgggaggcgctcgatctcggggacagggttgttctggtcgtgcatgactgggggtccgccctcggcttcgactgggcccgccgccaccgcgagcgtgtacaggggattgcctatatggaagcgatcgccatgccgatcgaatgggcggattttcccgaacaggatcgcgatctgtttcaggcctttcgctcgcaggcgggcgaagaattggtgttgcaggacaatgtttttgtcgaacaagttctccccggattgatcctgcgccccttaagcgaagcggagatggccgcctatcgcgagcccttcctcgccgccggcgaagcccgtcgaccgaccctgtcttggcctcgccaaatcccgatcgcaggcaccccggccgacgtggtcgcgatcgcccgggactatgccggctggctcagcgaaagcccgattccgaaactcttcatcaacgccgagccgggagccctgaccacgggccgaatgcgcgacttctgccgcacatggccaaaccagaccgaaatcacggtcgcaggcgcccatttcatccaggaggacagtccggacgagattggcgcggcgattgcggcgtttgtc	linb11_mis1_Kall_amplicons.fasta											
spta:Sj15T_33480 K01563 haloalkane dehalogenase [EC:3.8.1.5] | dhaA_2; (GenBank) haloalkane dehalogenase 3 (N)	Linb_11f_dgp_U_all_gr1	Linb_11r_dgp_U_all_gr1	3	870	868	gagcctcggcgcaaagccatttggcgagaagaaattcattgagatcaagggccggcgcatggcctatatcgatgaagggaccggcgatccgatcctcttccagcacggcaatccgacgtcgtcctatctgtggcgcaatatcatgccgcattgcgccgggctgggacggctgatcgcctgtgacctgatcggcatgggcgattcggacaagctcgatccgtcggggcccgagcgttatgcctatgccgagcatcgtgactatctcgacgcgctgtgggaggcgctcgatctcggggacagggttgttctggtcgtgcatgactgggggtccgccctcggcttcgactgggcccgccgccaccgcgagcgtgtacaggggattgcctatatggaagcgctcgccatgccgatcgaatgggcggattttcccgaacaggatcgcgatctgtttcaggcctttcgctcgcaggcgggcgaagaattggtgttgcaggacaatgtttttgtcgaacaagttctccccggattgatcctgcgccccttaagcgaagcggagatggccgcctatcgcgagcccttcctcgccgccggcgaagcccgtcgaccgaccctgtcttggcctcgccaaatcccgatcgcaggcaccccggccgacgtggtcgcgatcgtccgggactatgccggctggctcagcgaaagcccgattccgaaactcttcatcaacgccgagccgggagccctgaccacgggccgaatgcgcgacttctgccgcacatggccaaaccagaccgaaatcacggtcgcaggcgcccatttcatccaggaggacagtccggacgagattggcgcggcgattgcggcgtttgtc	linb11_mis1_Kall_amplicons.fasta											
sina:knj79_19310 k01563 haloalkane dehalogenase [ec:3.8.1.5] | (genbank) haloalkane dehalogenase (n)	linb_11f_dgp_u_all_gr1	linb_11r_dgp_u_all_gr1	3	870	868	gagcctcagcgcaaagccatttggcgagaagaaattcattgagatcaagggccggcgcatggcctatatcgatgaagggaccggcgatccgatcctcttccagcacggcaatccgacgtcgtcctatctgtggcgcaatatcatgccgcattgcgccgggctgggacggctgatcgcctgtgacctgatcggcatgggcgattcggacaagctcgatccgtcggggcccgagcgttatgcctatgccgagcatcgtgactatctcgacgcgctgtgggaggcgctcgatctcggggacagggttgttctggtcgtgcatgactgggggtccgtcctcggcttcgactgggcccgccgccaccgcgagcgtgtacaggggattgcctatatggaagcggtcaccatgccgctcgaatgggcggattttcccgaacaggatcgcgatctgtttcaggcctttcgctcgcaggcgggcgaagaattggtgttgcaggacaatgtttttgtcgaacaatttctccccggaatgatcctgcgccccttaagcgaagcggagatggccgcctatcgcgagcccttcctcgccgccggcgaagcccgtcgaccgaccctgtcttggcctcgccaaatcccgatcgcaggcaccccggccgacgtggtcgcgatcgcccgggactatgccggctggctcagcgaaagcccgattccgaaactcttcatcaacgccgagccgggacacgtgaccacgggccgattgcgcgacttctgccgcacatggccaaaccagaccgaaatcacggtcgcaggcgcccatttcatccaggaggacagtccggacgagattggcgcggcgattgcggcgtttgtc	linb11_mis2_Kall_amplicons.fasta											
sinb:sidu_17345 k01563 haloalkane dehalogenase [ec:3.8.1.5] | (genbank) haloalkane dehalogenase (n)	linb_11f_dgp_u_all_gr1	linb_11r_dgp_u_all_gr1	3	870	868	gagcctcggcgcaaagccatttggcgagaagaaattcattgagatcaagggccggcgcatggcctatatcgatgaagggaccggcgatccgatcctcttccagcacggcaatccgacgtcgtcctatctgtggcgcaatatcatgccgcattgcgccgggctgggacggctgatcgcctgtgacctgatcggcatgggcgattcggacaagctcgatccgtcggggcccgagcgttatacctatgccgagcatcgtgactatctcgacgcgctgtgggaggcgctcgatctcggggacagggttgttctggtcgtgcatgactgggggtccgtcctcggcttcgactgggcccgccgccaccgcgagcgtgtacaggggattgcctatatggaagcggtcaccatgccgctcgaatgggcggattttcccgaacaggatcgcgatctgtttcaggcctttcgctcgcaggcgggcgaagaattggtgttgcaggacaatgtttttgtcgaacaagttctccccggattgatcctgcgccccttaagcgaagcggagatggccgcctatcgcgagcccttcctcgccgccggcgaagcccgtcgaccgaccctgtcttggcctcgccaaatcccgatcgcaggcaccccggccgacgtggtcgcgatcgcccgggactatgccggctggctcagcgaaagcccgattccgaaactcttcatcaacgccgagccgggacacctgaccacgggccgaatacgcgacttctgccgcacatggccaaaccagaccgaaatcacggtcgcaggcgcccatttcatccaggaggacagtccggacgagattggcgcggcgattgcggcgtttgtc	linb11_mis2_Kall_amplicons.fasta											
"sjp:sja_c1-19590 k01563 haloalkane dehalogenase [ec:3.8.1.5] | (genbank) linb; 1,3,4,6-tetrachloro-1,4-cyclohexadiene hydrolase linb (n)"	linb_11f_dgp_u_all_gr1	linb_11r_dgp_u_all_gr1	3	870	868	gagcctcggcgcaaagccatttggcgagaagaaattcattgagatcaagggccggcgcatggcctatatcgatgaagggaccggcgatccgatcctcttccagcacggcaatccgacgtcgtcctatctgtggcgcaatatcatgccgcattgcgccgggctgggacggctgatcgcctgtgacctgatcggcatgggcgattcggacaagctcgatccgtcggggcccgagcgttatgcctatgccgagcatcgtgactatctcgacgcgctgtgggaggcgctcgatctcggggacagggttgttctggtcgtgcatgactgggggtccgccctcggcttcgactgggcccgccgccaccgcgagcgtgtacaggggattgcctatatggaagcgatcgccatgccgatcgaatgggcggattttcccgaacaggatcgcgatctgtttcaggcctttcgctcgcaggcgggcgaagaattggtgttgcaggacaatgtttttgtcgaacaagttctccccggattgatcctgcgccccttaagcgaagcggagatggccgcctatcgcgagcccttcctcgccgccggcgaagcccgtcgaccgaccctgtcttggcctcgccaaatcccgatcgcaggcaccccggccgacgtggtcgcgatcgcccgggactatgccggctggctcagcgaaagcccgattccgaaactcttcatcaacgccgagccgggagccctgaccacgggccgaatgcgcgacttctgccgcacatggccaaaccagaccgaaatcacggtcgcaggcgcccatttcatccaggaggacagtccggacgagattggcgcggcgattgcggcgtttgtc	linb11_mis2_Kall_amplicons.fasta											
sphm:g432_22000 k01563 haloalkane dehalogenase [ec:3.8.1.5] | (genbank) haloalkane dehalogenase linb (n)	linb_11f_dgp_u_all_gr1	linb_11r_dgp_u_all_gr1	3	870	868	gagcctcggcgcaaagccatttggcgagaagaaattcattgagatcaagggccggcgcatggcctatatcgatgaagggaccggcgatccgatcctcttccagcacggcaatccgacgtcgtcctatctgtggcgcaatatcatgccgcattgcgccgggctgggacggctgatcgcctgtgacctgatcggcatgggcgattcggacaagctcgatccgtcggggcccgagcgttatgcctatgccgagcatcgtgactatctcgacgcgctgtgggaggcgctcgatctcggggacagggttgttctggtcgtgcatgactgggggtccgtcctcggcttcgactgggcccgccgccaccgcgagcgtgtacaggggattgcctatatggaagcggtcaccatgccgctcgaatgggcggattttcccgaacaggatcgcgatctgtttcaggcctttcgctcgcaggcgggcgaagaattggtgttgcaggacaatgtttttgtcgaacaagttctccccggattgatcctgcgccccttaagcgaagcggagatggccgcctatcgcgagcccttcctcgccgccggcgaagcccgtcgaccgaccctgtcttggcctcgccaaatcccgatcgcaggcaccccggccgacgtggtcgcgatcgtccgggactatgccggctggctcagcgaaagcccgattccgaaactcttcatcaacgccgagccgggatccttgaccacgggccgaatacgcgacttctgccgcacatggccaaaccagaccgaaatcacggtcgcaggcgcccatttcatccaggaggacagtccggacgagattggcgcggcgattgcggcgtttgtc	linb11_mis2_Kall_amplicons.fasta											
spht:k426_01100 k01563 haloalkane dehalogenase [ec:3.8.1.5] | (genbank) haloalkane dehalogenase (n)	linb_11f_dgp_u_all_gr1	linb_11r_dgp_u_all_gr1	3	870	868	gagcctcggcgcaaagccatttggcgagaagaaattcattgagatcaagggccggcgcatggcctatatcgatgaagggaccggcgatccgatcctcttccagcacggcaatccgacgtcgtcctatctgtggcgcaatatcatgccgcattgcgccgggctgggacggctgatcgcctgtgacctgatcggcatgggcgattcggacaagctcgatccgtcggggcccgagcgttatgcctatgccgagcatcgtgactatctcgacgcgctgtgggaggcgctcgatctcggggacagggttgttctggtcgtgcatgactgggggtccgtcctcggcttcgactgggcccgccgccaccgcgagcgtgtacaggggattgcctatatggaagcggtcgccatgccgctcgaatgggcggattttcccgaacaggatcgcgatctgtttcaggcctttcgctcgcaggcgggcgaagaattggtgttgcaggacaatgtttttgtcgaacaagttctccccggattgatcctgcgccccttaagcgaagcggagatggccgcctatcgcgagcccttcctcgccgccggcgaagcccgtcgaccgaccctgtcttggcctcgccaaatcccgatcgcaggcaccccggccgacgtggtcgcgatcgtccgggactatgccggctggctcagcgaaagcccgattccgaaactcttcatcaacgccgagccgggtcacctgaccacgggccgactgcgcgacttctgccgcacatggccaaaccagaccgaaatcacggtcgcaggcgcccatttcatccaggaggacagtccggacgagattggcgcggcgattgcggcgtttgtc	linb11_mis2_Kall_amplicons.fasta											
spht:k426_28865 k01563 haloalkane dehalogenase [ec:3.8.1.5] | (genbank) haloalkane dehalogenase (n)	linb_11f_dgp_u_all_gr1	linb_11r_dgp_u_all_gr1	3	870	868	gagcctcggcgcaaagccatttggcgagaagaaattcattgagatcaagggccggcgcatggcctatatcgatgaagggaccggcgatccgatcctcttccagcacggcaatccgacgtcgtcctatctgtggcgcaatatcatgccgcattgcgccgggctgggacggctgatcgcctgtgacctgatcggcatgggcgattcggacaagctcgatccgtcggggcccgagcgttatgcctatgccgagcatcgtgactatctcgacgcgctgtgggaggcgctcgatctcggggacagggttgttctggtcgtgcatgactgggggtccgtcctcggcttcgactgggcccgccgccaccgcgagcgtgtacaggggattgcctatatggaagcggtcaccatgccgctcgaatgggcggattttcccgaacaggctcgcgatctgtttcaggcctttcgctcgcaggcgggcgaagaattggtgttgcaggacaatgtttttgtcgaacaagttctccccggattgatcctgcgccccttaagcgaagcggagatggccgcctatcgcgagcccttcctcgccgccggcgaagcccgtcgaccgaccctgtcttggcctcgccaaatcccgatcgcaggcaccccggccgacgtggtcgcgatcgcccgggactatgccggctggctcagcgaaagcccgattccgaaactcttcatcaacgccgagccgggacacctgaccacgggccgaatacgcgacttctgccgcacatggccaaaccagaccgaaatcacggtcgcaggcgcccatttcatccaggaggacagtccggacgagattggcgcggcgattgcggcgtttgtc	linb11_mis2_Kall_amplicons.fasta											
spmi:k663_20098 k01563 haloalkane dehalogenase [ec:3.8.1.5] | (genbank) haloalkane dehalogenase (n)	linb_11f_dgp_u_all_gr1	linb_11r_dgp_u_all_gr1	3	870	868	gagcctcggcgcaaagccatttggcgagaagaaattcattgagatcaagggccggcgcatggcctatatcgatgaagggaccggcgatccgatcctcttccagcacggcaatccgacgtcgtcctatctgtggcgcaatatcatgccgcattgcgccgggctgggacggctgatcgcctgtgacctgatcggcatgggcgattcggacaagctcgatccgtcggggcccgagcgttatgcctatgccgagcatcgtgactatctcgacgcgctgtgggaggcgctcgatctcggggacagggttgttctggtcgtgcatgactgggggtccgccctcggcttcgactgggcccgccgccaccgcgagcgtgtacaggggattgcctatatggaagcgctcgccatgccgctcgaatgggcggattttcccgaacaggctcgcgatctgtttcaggcctttcgctcgcaggcgggcgaagaattggtgttgcaggacaatgtttttgtcgaacaagttctccccggattgatcctgcgccccttaagcgaagcggagatggccgcctatcgcgagcccttcctcgccgccggcgaagcccgtcgaccgaccctgtcttggcctcgccaaatcccgatcgcaggcaccccggccgacgtggtcgcgatcgcccgggactatgccggctggctcagcgaaagcccgattccgaaactcttcatcaacgccgagccgggacacctgaccacgggccgaatgcgcgacttctgccgcacatggccaaaccagaccgaaatcacggtcgcaggcgcccatttcatccaggaggacagtccggacgagattggcgcggcgattgcggcgtttgtc	linb11_mis2_Kall_amplicons.fasta											
spmi:k663_22528 k01563 haloalkane dehalogenase [ec:3.8.1.5] | (genbank) haloalkane dehalogenase (n)	linb_11f_dgp_u_all_gr1	linb_11r_dgp_u_all_gr1	3	870	868	gagcctcggcgcaaagccatttggcgagaagaaattcattgagatcaagggccggcgcatggcctatatcgatgaagggaccggcgatccgatcctcttccagcacggcaatccgacgtcgtcctatctgtggcgcaatatcatgccgcattgcgccgggctgggacggctgatcgcctgtgacctgatcggcatgggcgattcggacaagctcgatccgtcggggcccgagcgttatacctatgccgagcatcgtgactatctcgacgcgctgtgggaggcgctcgatctcggggacagggttgttctggtcgtgcatgactgggggtccgtcctcggcttcgactgggcccgccgccaccgcgagcgtgtacaggggattgcctatatggaagcggtcaccatgccgctcgaatgggcggattttcccgaacaggatcgcgatctgtttcaggcctttcgctcgcaggcgggcgaagaattggtgttgcaggacaatgtttttgtcgaacaagttctccccggattgatcctgcgccccttaagcgaagcggagatggccgcctatcgcgagcccttcctcgccgccggcgaagcccgtcgaccgaccctgtcttggcctcgccaaatcccgatcgcaggcaccccggccgacgtggtcgcgatcgcccgggactatgccggctggctcagcgaaagcccgattccgaaactcttcatcaacgccgagccgggacacctgaccacgggccgaatacgcgacttctgccgcacatggccaaaccagaccgaaatcacggtcgcaggcgcccatttcatccaggaggacagtccggacgagattggcgcggcgattgcggcgtttgtc	linb11_mis2_Kall_amplicons.fasta											
spmi:k663_22543 k01563 haloalkane dehalogenase [ec:3.8.1.5] | (genbank) haloalkane dehalogenase (n)	linb_11f_dgp_u_all_gr1	linb_11r_dgp_u_all_gr1	3	870	868	gagcctcggcgcaaagccatttggcgagaagaaattcattgagatcaagggccggcgcatggcctatatcgatgaagggaccggcgatccgatcctcttccagcacggcaatccgacgtcgtcctatctgtggcgcaatatcatgccgcattgcgccgggctgggacggctgatcgcctgtgacctgatcggcatgggcgattcggacaagctcgatccgtcggggcccgagcgttatacctatgccgagcatcgtgactatctcgacgcgctgtgggaggcgctcgatctcggggacagggttgttctggtcgtgcatgactgggggtccgtcctcggcttcgactgggcccgccgccaccgcgagcgtgtacaggggattgcctatatggaagcggtcaccatgccgctcgaatgggcggattttcccgaacaggatcgcgatctgtttcaggcctttcgctcgcaggcgggcgaagaattggtgttgcaggacaatgtttttgtcgaacaagttctccccggattgatcctgcgccccttaagcgaagcggagatggccgcctatcgcgagcccttcctcgccgccggcgaagcccgtcgaccgaccctgtcttggcctcgccaaatcccgatcgcaggcaccccggccgacgtggtcgcgatcgcccgggactatgccggctggctcagcgaaagcccgattccgaaactcttcatcaacgccgagccgggacacctgaccacgggccgaatacgcgacttctgccgcacatggccaaaccagaccgaaatcacggtcgcaggcgcccatttcatccaggaggacagtccggacgagattggcgcggcgattgcggcgtttgtc	linb11_mis2_Kall_amplicons.fasta											
spta:sj15t_12510 k01563 haloalkane dehalogenase [ec:3.8.1.5] | dhaa_1; (genbank) haloalkane dehalogenase 3 (n)	linb_11f_dgp_u_all_gr1	linb_11r_dgp_u_all_gr1	3	870	868	gagcctcggcgcaaagccatttggcgagaagaaattcattgagatcaagggccggcgcatggcctatatcgatgaagggaccggcgatccgatcctcttccagcacggcaatccgacgtcgtcctatctgtggcgcaatatcatgccgcattgcgccgggctgggacggctgatcgcctgtgacctgatcggcatgggcgattcggacaagctcgatccgtcggggcccgagcgttatgcctatgccgagcatcgtgactatctcgacgcgctgtgggaggcgctcgatctcggggacagggttgttctggtcgtgcatgactgggggtccgccctcggcttcgactgggcccgccgccaccgcgagcgtgtacaggggattgcctatatggaagcgatcgccatgccgatcgaatgggcggattttcccgaacaggatcgcgatctgtttcaggcctttcgctcgcaggcgggcgaagaattggtgttgcaggacaatgtttttgtcgaacaagttctccccggattgatcctgcgccccttaagcgaagcggagatggccgcctatcgcgagcccttcctcgccgccggcgaagcccgtcgaccgaccctgtcttggcctcgccaaatcccgatcgcaggcaccccggccgacgtggtcgcgatcgcccgggactatgccggctggctcagcgaaagcccgattccgaaactcttcatcaacgccgagccgggagccctgaccacgggccgaatgcgcgacttctgccgcacatggccaaaccagaccgaaatcacggtcgcaggcgcccatttcatccaggaggacagtccggacgagattggcgcggcgattgcggcgtttgtc	linb11_mis2_Kall_amplicons.fasta											
spta:sj15t_33480 k01563 haloalkane dehalogenase [ec:3.8.1.5] | dhaa_2; (genbank) haloalkane dehalogenase 3 (n)	linb_11f_dgp_u_all_gr1	linb_11r_dgp_u_all_gr1	3	870	868	gagcctcggcgcaaagccatttggcgagaagaaattcattgagatcaagggccggcgcatggcctatatcgatgaagggaccggcgatccgatcctcttccagcacggcaatccgacgtcgtcctatctgtggcgcaatatcatgccgcattgcgccgggctgggacggctgatcgcctgtgacctgatcggcatgggcgattcggacaagctcgatccgtcggggcccgagcgttatgcctatgccgagcatcgtgactatctcgacgcgctgtgggaggcgctcgatctcggggacagggttgttctggtcgtgcatgactgggggtccgccctcggcttcgactgggcccgccgccaccgcgagcgtgtacaggggattgcctatatggaagcgctcgccatgccgatcgaatgggcggattttcccgaacaggatcgcgatctgtttcaggcctttcgctcgcaggcgggcgaagaattggtgttgcaggacaatgtttttgtcgaacaagttctccccggattgatcctgcgccccttaagcgaagcggagatggccgcctatcgcgagcccttcctcgccgccggcgaagcccgtcgaccgaccctgtcttggcctcgccaaatcccgatcgcaggcaccccggccgacgtggtcgcgatcgtccgggactatgccggctggctcagcgaaagcccgattccgaaactcttcatcaacgccgagccgggagccctgaccacgggccgaatgcgcgacttctgccgcacatggccaaaccagaccgaaatcacggtcgcaggcgcccatttcatccaggaggacagtccggacgagattggcgcggcgattgcggcgtttgtc	linb11_mis2_Kall_amplicons.fasta											
"ena|baa03443|baa03443.2 sphingobium indicum 1,3,4,6-tetrachloro-1,4-cyclohexadiene hydrolase"	linb_11f_dgp_u_all_gr1	linb_11r_dgp_u_all_gr1	3	870	868	gagcctcggcgcaaagccatttggcgagaagaaattcattgagatcaagggccggcgcatggcctatatcgatgaagggaccggcgatccgatcctcttccagcacggcaatccgacgtcgtcctatctgtggcgcaatatcatgccgcattgcgccgggctgggacggctgatcgcctgtgacctgatcggcatgggcgattcggacaagctcgatccgtcggggcccgagcgttatgcctatgccgagcatcgtgactatctcgacgcgctgtgggaggcgctcgatctcggggacagggttgttctggtcgtgcatgactgggggtccgccctcggcttcgactgggcccgccgccaccgcgagcgtgtacaggggattgcctatatggaagcgatcgccatgccgatcgaatgggcggattttcccgaacaggatcgcgatctgtttcaggcctttcgctcgcaggcgggcgaagaattggtgttgcaggacaatgtttttgtcgaacaagttctccccggattgatcctgcgccccttaagcgaagcggagatggccgcctatcgcgagcccttcctcgccgccggcgaagcccgtcgaccgaccctgtcttggcctcgccaaatcccgatcgcaggcaccccggccgacgtggtcgcgatcgcccgggactatgccggctggctcagcgaaagcccgattccgaaactcttcatcaacgccgagccgggagccctgaccacgggccgaatgcgcgacttctgccgcacatggccaaaccagaccgaaatcacggtcgcaggcgcccatttcatccaggaggacagtccggacgagattggcgcggcgattgcggcgtttgtc	linb11_mis2_Uall_amplicons.fasta											
"ena|bai96793|bai96793.1 sphingobium japonicum ut26s 1,3,4,6-tetrachloro-1,4-cyclohexadiene hydrolase linb"	linb_11f_dgp_u_all_gr1	linb_11r_dgp_u_all_gr1	3	870	868	gagcctcggcgcaaagccatttggcgagaagaaattcattgagatcaagggccggcgcatggcctatatcgatgaagggaccggcgatccgatcctcttccagcacggcaatccgacgtcgtcctatctgtggcgcaatatcatgccgcattgcgccgggctgggacggctgatcgcctgtgacctgatcggcatgggcgattcggacaagctcgatccgtcggggcccgagcgttatgcctatgccgagcatcgtgactatctcgacgcgctgtgggaggcgctcgatctcggggacagggttgttctggtcgtgcatgactgggggtccgccctcggcttcgactgggcccgccgccaccgcgagcgtgtacaggggattgcctatatggaagcgatcgccatgccgatcgaatgggcggattttcccgaacaggatcgcgatctgtttcaggcctttcgctcgcaggcgggcgaagaattggtgttgcaggacaatgtttttgtcgaacaagttctccccggattgatcctgcgccccttaagcgaagcggagatggccgcctatcgcgagcccttcctcgccgccggcgaagcccgtcgaccgaccctgtcttggcctcgccaaatcccgatcgcaggcaccccggccgacgtggtcgcgatcgcccgggactatgccggctggctcagcgaaagcccgattccgaaactcttcatcaacgccgagccgggagccctgaccacgggccgaatgcgcgacttctgccgcacatggccaaaccagaccgaaatcacggtcgcaggcgcccatttcatccaggaggacagtccggacgagattggcgcggcgattgcggcgtttgtc	linb11_mis2_Uall_amplicons.fasta											
"ena|aan64241|aan64241.1 sphingomonas paucimobilis 1,3,4,6-tetrachloro-1,4-cyclohexadiene hydrolase"	linb_11f_dgp_u_all_gr1	linb_11r_dgp_u_all_gr1	3	870	868	gagcctcggcgcaaagccatttggcgagaagaaattcattgagatcaagggccggcgcatggcctatatcgatgaagggaccggcgatccgatcctcttccagcacggcaatccgacgtcgtcctatctgtggcgcaatatcatgccgcattgcgccgggctgggacggctgatcgcctgtgacctgatcggcatgggcgattcggacaagctcgatccgtcggggcccgagcgttatacctatgccgagcatcgtgactatctcgacgcgctgtgggaggcgctcgatctcggggacagggttgttctggtcgtgcatgactgggggtccgtcctcggcttcgactgggcccgccgccaccgcgagcgtgtacaggggattgcctatatggaagcggtcaccatgccgctcgaatgggcggattttcccgaacaggatcgcgatctgtttcaggcctttcgctcgcaggcgggcgaagaattggtgttgcaggacaatgtttttgtcgaacaagttctccccggattgatcctgcgccccttaagcgaagcggagatggccgcctatcgcgagcccttcctcgccgccggcgaagcccgtcgaccgaccctgtcttggcctcgccaaatcccgatcgcaggcaccccggccgacgtggtcgcgatcgcccgggactatgccggctggctcagcgaaagcccgattccgaaactcttcatcaacgccgagccgggacacctgaccacgggccgaatacgcgacttctgccgcacatggccaaaccagaccgaaatcacggtcgcaggcgcccatttcatccaggaggacagtccggacgagattggcgcggcgattgcggcgtttgtc	linb11_mis2_Uall_amplicons.fasta											
ena|apl96138|apl96138.1 sphingobium indicum b90a haloalkane dehalogenase	linb_11f_dgp_u_all_gr1	linb_11r_dgp_u_all_gr1	3	870	868	gagcctcggcgcaaagccatttggcgagaagaaattcattgagatcaagggccggcgcatggcctatatcgatgaagggaccggcgatccgatcctcttccagcacggcaatccgacgtcgtcctatctgtggcgcaatatcatgccgcattgcgccgggctgggacggctgatcgcctgtgacctgatcggcatgggcgattcggacaagctcgatccgtcggggcccgagcgttatacctatgccgagcatcgtgactatctcgacgcgctgtgggaggcgctcgatctcggggacagggttgttctggtcgtgcatgactgggggtccgtcctcggcttcgactgggcccgccgccaccgcgagcgtgtacaggggattgcctatatggaagcggtcaccatgccgctcgaatgggcggattttcccgaacaggatcgcgatctgtttcaggcctttcgctcgcaggcgggcgaagaattggtgttgcaggacaatgtttttgtcgaacaagttctccccggattgatcctgcgccccttaagcgaagcggagatggccgcctatcgcgagcccttcctcgccgccggcgaagcccgtcgaccgaccctgtcttggcctcgccaaatcccgatcgcaggcaccccggccgacgtggtcgcgatcgcccgggactatgccggctggctcagcgaaagcccgattccgaaactcttcatcaacgccgagccgggacacctgaccacgggccgaatacgcgacttctgccgcacatggccaaaccagaccgaaatcacggtcgcaggcgcccatttcatccaggaggacagtccggacgagattggcgcggcgattgcggcgtttgtc	linb11_mis2_Uall_amplicons.fasta											
ena|baf80342|baf80342.1 sphingobium sp. ss04-4 haloalkane dehalogenase	linb_11f_dgp_u_all_gr1	linb_11r_dgp_u_all_gr1	3	870	868	gagcctcggcgcaaagccatttggcgagaagaaattcattgagatcaagggccggcgcatggcctatatcgatgaagggaccggcgatccgatcctcttccagcacggcaatccgacgtcgtcctatctgtggcgcaatatcatgccgcattgcgccgggctgggacggctgatcgcctgtgacctgatcggcatgggcgattcggacaagctcgatccgtcggggcccgagcgttatgcctatgccgagcatcgtgactatctcgacgcgctgtgggaggcgctcgatctcggggacagggttgttctggtcgtgcatgactgggggtccgccctcggcttcgactgggcccgccgccaccgcgagcgtgtacaggggattgcctatatggaagcgatcgccatgccgatcgaatgggcggattttcccgaacaggatcgcgatctgtttcaggcctttcgctcgcaggcgggcgaagaattggtgttgcaggacaatgtttttgtcgaacaagttctccccggattgatcctgcgccccttaagcgaagcggagatggccgcctatcgcgagcccttcctcgccgccggcgaagcccgtcgaccgaccctgtcttggcctcgccaaatcccgatcgcaggcaccccggccgacgtggtcgcgatcgcccgggactatgccggctggctcagcgaaagcccgattccgaaactcttcatcaacgccgagccgggagccctgaccacgggccgaatgcgcgacttctgccgcacatggccaaaccagaccgaaatcacggtcgcaggcgcccatttcatccaggaggacagtccggacgagattggcgcggcgattgcggcgtttgtc	linb11_mis2_Uall_amplicons.fasta											
ena|baf80336|baf80336.1 sphingobium sp. ss04-2 haloalkane dehalogenase	linb_11f_dgp_u_all_gr1	linb_11r_dgp_u_all_gr1	3	870	868	gagcctcggcgcaaagccatttggcgagaagaaattcattgagatcaagggccggcgcatggcctatatcgatgaagggaccggcgatccgatcctcttccagcacggcaatccgacgtcgtcctatctgtggcgcaatatcatgccgcattgcgccgggctgggacggctgatcgcctgtgacctgatcggcatgggcgattcggacaagctcgatccgtcggggcccgagcgttatgcctatgccgagcatcgtgactatctcgacgcgctgtgggaggcgctcgatctcggggacagggttgttctggtcgtgcatgactgggggtccgccctcggcttcgactgggcccgccgccaccgcgagcgtgtacaggggattgcctatatggaagcgctcgccatgccgatcgaatgggcggattttcccgaacaggatcgcgatctgtttcaggcctttcgctcgcaggcgggcgaagaattggtgttgcaggacaatgtttttgtcgaacaagttctccccggattgatcctgcgccccttaagcgaagcggagatggccgcctatcgcgagcccttcctcgccgccggcgaagcccgtcgaccgaccctgtcttggcctcgccaaatcccgatcgcaggcaccccggccgacgtggtcgcgatcgcccgggactatgccggctggctcagcgaaagcccgattccgaaactcttcatcaacgccgagccgggatccttgaccacgggccgaatacgcgacttctgccgcacatggccaaaccagaccgaaatcacggtcgcaggcgcccatttcatccaggaggacagtccggacgagattggcgcggcgattgcggcgtttgtc	linb11_mis2_Uall_amplicons.fasta											
ena|baf80339|baf80339.1 sphingobium sp. ss04-3 haloalkane dehalogenase	linb_11f_dgp_u_all_gr1	linb_11r_dgp_u_all_gr1	3	870	868	gagcctcggcgcaaagccatttggcgagaagaaattcattgagatcaagggccggcgcatggcctatatcgatgaagggaccggcgatccgatcctcttccagcacggcaatccgacgtcgtcctatctgtggcgcaatatcatgccgcattgcgccgggctgggacggctgatcgcctgtgacctgatcggcatgggcgattcggacaagctcgatccgtcggggcccgagcgttatgcctatgccgagcatcgtgactatctcgacgcgctgtgggaggcgctcgatctcggggacagggttgttctggtcgtgcatgactgggggtccgtcctcggcttcgactgggcccgccgccaccgcgagcgtgtacaggggattgcctatatggaagcggtcaccatgccgctcgaatgggcggattttcccgaacaggatcgcgatctgtttcaggcctttcgctcgcaggcgggcgaagaattggtgttgcaggacaatgtttttgtcgaacaagttctccccggattgatcctgcgccccttaagcgaagcggagatggccgcctatcgcgagcccttcctcgccgccggcgaagcccgtcgaccgaccctgtcttggcctcgccaaatcccgatcgcaggcaccccggccgacgtggtcgcgatcgcccgggactatgccggctggctcagcgaaagcccgattccgaaactcttcatcaacgccgagccgggatccttgaccacgggccgaatacgcgacttctgccgcacatggccaaaccagaccgaaatcacggtcgcaggcgcccatttcatccaggaggacagtccggacgagattggcgcggcgattgcggcgtttgtc	linb11_mis2_Uall_amplicons.fasta											
ena|baf80345|baf80345.1 sphingobium sp. ss04-5 haloalkane dehalogenase	linb_11f_dgp_u_all_gr1	linb_11r_dgp_u_all_gr1	3	870	868	gagcctcggcgcaaagccatttggcgagaagaaattcattgagatcaagggccggcgcatggcctatatcgatgaagggaccggcgatccgatcctcttccagcacggcaatccgacgtcgtcctatctgtggcgcaatatcatgccgcattgcgccgggctgggacggctgatcgcctgtgacctgatcggcatgggcgattcggacaagctcgatccgtcggggcccgagcgttatacctatcccgagcatcgtgactatctcgacgcgctgtgggaggcgctcgatctcggggacagggttgttctggtcgtgcatgactgggggtccgccctcggcttcgactgggcccgccgccaccgcgagcgtgtacaggggattgcctatatggaagcgctcgccatgccgatcgaatgggcggattttcccgaacaggatcgcgatctgtttcaggcctttcgctcgcaggcgggcgaagaattggtgttgcaggacaatgtttttgtcgaacaagttctccccggattgatcctgcgccccttaagcgaagcggagatggccgcctatcgcgagcccttcctcgccgccggcgaagcccgtcgaccgaccctgtcttggcctcgccaaatcccgatcgcaggcaccccggccgacgtggtcgcgatcgcccgggactatgccggctggctcagcgaaagcccgattccgaaactcttcatcaacgccgagccgggatccctgaccacgggccgaatgcgcgacttctgccgcacatggccaaaccagaccgaaatcacggtcgcaggcgcccatttcatccaggaggacagtccggacgagattggcgcggcgattgcggcgtttgtc	linb11_mis2_Uall_amplicons.fasta											
ena|acv91872|acv91872.1 sphingomonas sp. hz-1 haloalkane dehalogenase	linb_11f_dgp_u_all_gr1	linb_11r_dgp_u_all_gr1	3	870	868	gagcctcggcgcaaagccatttggcgagaagaaattcattgagatcaagggccggcgcatggcctatatcgatgaagggaccggcgatccgatcctcttccagcacggcaatccgacgtcgtcctatctgtggcgcaatatcatgccgcattgcgccgggctgggacggctgatcgcctgtgacctgatcggcatgggcgattcggacaagctcgatccgtcggggcccgagcgttatgcctatgccgagcatcgtgactatctcgacgcgctgtgggaggcgctcgatctcggggacagggttgttctggtcgtgcatgactgggggtccgtcctcggcttcgactgggcccgccgccaccgcgagcgtgtacaggggattgcctatatggaagcgatcaccatgccgctcgaatgggcggattttcccgaacaggatcgcgatctgtttcaggcctttcgctcgcaggcgggcgaagaattggtgttgcaggacaatgtttttgtcgaacaagttctccccggattgatcctgcgccccttaagcgaagcggagatggccgcctatcgcgagcccttcctcgccgccggcgaagcccgtcgaccgaccctgtcttggcctcgccaaatcccgatcgcaggcaccccggccgacgtggtcgcgatcgcccgggactatgccggctggctcagcgaaagcccgattccgaaactcttcatcaacgccgagccgggacacctgaccacgggccgaatgcgcgacttctgccgcacatggccaaaccagaccgaaatcacggtcgcaggcgcccatttcatccaggaggacagtccggaggagattggcgcggcgattgcggcgtttgtc	linb11_mis2_Uall_amplicons.fasta											
ena|baf80331|baf80331.1 sphingobium indicum haloalkane dehalogenase	linb_11f_dgp_u_all_gr1	linb_11r_dgp_u_all_gr1	3	870	868	gagcctcggcgcaaagccatttggcgagaagaaattcattgagatcaagggccggcgcatggcctatatcgatgaagggaccggcgatccgatcctcttccagcacggcaatccgacgtcgtcctatctgtggcgcaatatcatgccgcattgcgccgggctgggacggctgatcgcctgtgacctgatcggcatgggcgattcggacaagctcgatccgtcggggcccgagcgttatgcctatgccgagcatcgtgactatctcgacgcgctgtgggaggcgctcgatctcggggacagggttgttctggtcgtgcatgactgggggtccgccctcggcttcgactgggcccgccgccaccgcgagcgtgtacaggggattgcctatatggaagcgatcgccatgccgatcgaatgggcggattttcccgaacaggatcgcgatctgtttcaggcctttcgctcgcaggcgggcgaagaattggtgttgcaggacaatgtttttgtcgaacaagttctccccggattgatcctgcgccccttaagcgaagcggagatggccgcctatcgcgagcccttcctcgccgccggcgaagcccgtcgaccgaccctgtcttggcctcgccaaatcccgatcgcaggcaccccggccgacgtggtcgcgatcgcccgggactatgccggctggctcagcgaaagcccgattccgaaactcttcatcaacgccgagccgggagccctgaccacgggccgaatgcgcgacttctgccgcacatggccaaaccagaccgaaatcacggtcgcaggcgcccatttcatccaggaggacagtccggacgagattggcgcggcgattgcggcgtttgtc	linb11_mis2_Uall_amplicons.fasta											
ena|aax07227|aax07227.1 sphingomonas paucimobilis haloalkane dehalogenase	linb_11f_dgp_u_all_gr1	linb_11r_dgp_u_all_gr1	3	870	868	gagcctcggcgcaaagccatttggcgagaagaaattcattgagatcaagggccggcgcatggcctatatcgatgaagggaccggcgatccgatcctcttccagcacggcaatccgacgtcgtcctatctgtggcgcaatatcatgccgcattgcgccgggctgggacggctgatcgcctgtgacctgatcggcatgggcgattcggacaagctcgatccgtcggggcccgagcgttatacctatgccgagcatcgtgactatctcgacgcgctgtgggaggcgctcgatctcggggacagggttgttctggtcgtgcatgactgggggtccgccctcggcttcgactgggcccgccgccaccgcgagcgtgtacaggggattgcctatatggaagcgctcgccatgccgatcgaatgggcggattttcccgaacaggatcgcgatctgtttcaggcctttcgctcgcaggcgggcgaagaattggtgttgcaggacaatgtttttgtcgaacaagttctccccggattgatcctgcgccccttaagcgaagcggagatggccgcctatcgcgagcccttcctcgccgccggcgaagcccgtcgaccgaccctgtcttggcctcgccaaatcccgatcgcaggcaccccggccgacgtggtcgcgatcgcccgggactatgccggctggctcagcgaaagcccgattccgaaactcttcatcaacgccgagccgggatccctgaccacgggccgaatgcgcgacttctgccgcacatggccaaaccagaccgaaatcacggtcgcaggcgcccatttcatccaggaggacagtccggacgagattggcgcggcgattgcggcgtttgtc	linb11_mis2_Uall_amplicons.fasta											
ena|aar05978|aar05978.1 sphingomonas paucimobilis linb	linb_11f_dgp_u_all_gr1	linb_11r_dgp_u_all_gr1	3	870	868	gagcctcggcgcaaagccatttggcgagaagaaattcattgagatcaagggccggcgcatggcctatatcgatgaagggaccggcgatccgatcctcttccagcacggcaatccgacgtcgtcctatctgtggcgcaatatcatgccgcattgcgccgggctgggacggctgatcgcctgtgacctgatcggcatgggcgattcggacaagctcgatccgtcggggcccgagcgttatacctatgccgagcatcgtgactatctcgacgcgctgtgggaggcgctcgatctcggggacagggttgttctggtcgtgcatgactgggggtccgtcctcggcttcgactgggcccgccgccaccgcgagcgtgtacaggggattgcctatatggaagcggtcaccatgccgctcgaatgggcggattttcccgaacaggatcgcgatctgtttcaggcctttcgctcgcaggcgggcgaagaattggtgttgcaggacaatgtttttgtcgaacaagttctccccggattgatcctgcgccccttaagcgaagcggagatggccgcctatcgcgagcccttcctcgccgccggcgaagcccgtcgaccgaccctgtcttggcctcgccaaatcccgatcgcaggcaccccggccgacgtggtcgcgatcgcccgggactatgccggctggctcagcgaaagcccgattccgaaactcttcatcaacgccgagccgggacacctgaccacgggccgaatacgcgacttctgccgcacatggccaaaccagaccgaaatcacggtcgcaggcgcccatttcatccaggaggacagtccggacgagattggcgcggcgattgcggcgtttgtc	linb11_mis2_Uall_amplicons.fasta											
ena|baf80333|baf80333.1 sphingobium sp. ss04-1 haloalkane dehalogenase	linb_11f_dgp_u_all_gr1	linb_11r_dgp_u_all_gr1	3	870	868	gagcctcggcgcaaagccatttggcgagaagaaattcattgagatcaagggccggcgcatggcctatatcgatgaagggaccggcgatccgatcctcttccagcacggcaatccgacgtcgtcctatctgtggcgcaatatcatgccgcattgcgccgggctgggacggctgatcgcctgtgacctgatcggcatgggcgattcggacaagctcgatccgtcggggcccgagcgttatgcctatgccgagcatcgtgactatctcgacgcgctgtgggaggcgctcgatctcggggacagggttgttctggtcgtgcatgactgggggtccgtcctcggcttcgactgggcccgccgccaccgcgagcgtgtacaggggattgcctatatggaagcgctcgccatgccgatcgaatgggcggattttcccgaacaggatcgcgatctgtttcaggcctttcgctcgcaggcgggcgaagaattggtgttgcaggacaatgtttttgtcgaacaagttctccccggattgatcctgcgccccttaagcgaagcggagatggccgcctatcgcgagcccttcctcgccgccggcgaagcccgtcgaccgaccctgtcttggcctcgccaaatcccgatcgcaggcaccccggccgacgtggtcgcgatcgcccgggactatgccggctggctcagcgaaagcccgattccgaaactcttcatcaacgccgagccgggatccttgaccacgggccgaatacgcgacttctgccgcacatggccaaaccagaccgaaatcacggtcgcaggcgcccatttcatccaggaggacagtccggacgagattggcgcggcgattgcggcgtttgtc	linb11_mis2_Uall_amplicons.fasta											
ena|amk20862|amk20862.1 sphingobium sp. mi1205 haloalkane dehalogenase	linb_11f_dgp_u_all_gr1	linb_11r_dgp_u_all_gr1	3	870	868	gagcctcggcgcaaagccatttggcgagaagaaattcattgagatcaagggccggcgcatggcctatatcgatgaagggaccggcgatccgatcctcttccagcacggcaatccgacgtcgtcctatctgtggcgcaatatcatgccgcattgcgccgggctgggacggctgatcgcctgtgacctgatcggcatgggcgattcggacaagctcgatccgtcggggcccgagcgttatacctatgccgagcatcgtgactatctcgacgcgctgtgggaggcgctcgatctcggggacagggttgttctggtcgtgcatgactgggggtccgtcctcggcttcgactgggcccgccgccaccgcgagcgtgtacaggggattgcctatatggaagcggtcaccatgccgctcgaatgggcggattttcccgaacaggatcgcgatctgtttcaggcctttcgctcgcaggcgggcgaagaattggtgttgcaggacaatgtttttgtcgaacaagttctccccggattgatcctgcgccccttaagcgaagcggagatggccgcctatcgcgagcccttcctcgccgccggcgaagcccgtcgaccgaccctgtcttggcctcgccaaatcccgatcgcaggcaccccggccgacgtggtcgcgatcgcccgggactatgccggctggctcagcgaaagcccgattccgaaactcttcatcaacgccgagccgggacacctgaccacgggccgaatacgcgacttctgccgcacatggccaaaccagaccgaaatcacggtcgcaggcgcccatttcatccaggaggacagtccggacgagattggcgcggcgattgcggcgtttgtc	linb11_mis2_Uall_amplicons.fasta											
ena|amk20865|amk20865.1 sphingobium sp. mi1205 haloalkane dehalogenase	linb_11f_dgp_u_all_gr1	linb_11r_dgp_u_all_gr1	3	870	868	gagcctcggcgcaaagccatttggcgagaagaaattcattgagatcaagggccggcgcatggcctatatcgatgaagggaccggcgatccgatcctcttccagcacggcaatccgacgtcgtcctatctgtggcgcaatatcatgccgcattgcgccgggctgggacggctgatcgcctgtgacctgatcggcatgggcgattcggacaagctcgatccgtcggggcccgagcgttatacctatgccgagcatcgtgactatctcgacgcgctgtgggaggcgctcgatctcggggacagggttgttctggtcgtgcatgactgggggtccgtcctcggcttcgactgggcccgccgccaccgcgagcgtgtacaggggattgcctatatggaagcggtcaccatgccgctcgaatgggcggattttcccgaacaggatcgcgatctgtttcaggcctttcgctcgcaggcgggcgaagaattggtgttgcaggacaatgtttttgtcgaacaagttctccccggattgatcctgcgccccttaagcgaagcggagatggccgcctatcgcgagcccttcctcgccgccggcgaagcccgtcgaccgaccctgtcttggcctcgccaaatcccgatcgcaggcaccccggccgacgtggtcgcgatcgcccgggactatgccggctggctcagcgaaagcccgattccgaaactcttcatcaacgccgagccgggacacctgaccacgggccgaatacgcgacttctgccgcacatggccaaaccagaccgaaatcacggtcgcaggcgcccatttcatccaggaggacagtccggacgagattggcgcggcgattgcggcgtttgtc	linb11_mis2_Uall_amplicons.fasta											
ena|baf56671|baf56671.1 sphingobium sp. mi1205 haloalkane dehalogenase	linb_11f_dgp_u_all_gr1	linb_11r_dgp_u_all_gr1	3	870	868	gagcctcggcgcaaagccatttggcgagaagaaattcattgagatcaagggccggcgcatggcctatatcgatgaagggaccggcgatccgatcctcttccagcacggcaatccgacgtcgtcctatctgtggcgcaatatcatgccgcattgcgccgggctgggacggctgatcgcctgtgacctgatcggcatgggcgattcggacaagctcgatccgtcggggcccgagcgttatacctatgccgagcatcgtgactatctcgacgcgctgtgggaggcgctcgatctcggggacagggttgttctggtcgtgcatgactgggggtccgtcctcggcttcgactgggcccgccgccaccgcgagcgtgtacaggggattgcctatatggaagcggtcaccatgccgctcgaatgggcggattttcccgaacaggatcgcgatctgtttcaggcctttcgctcgcaggcgggcgaagaattggtgttgcaggacaatgtttttgtcgaacaagttctccccggattgatcctgcgccccttaagcgaagcggagatggccgcctatcgcgagcccttcctcgccgccggcgaagcccgtcgaccgaccctgtcttggcctcgccaaatcccgatcgcaggcaccccggccgacgtggtcgcgatcgcccgggactatgccggctggctcagcgaaagcccgattccgaaactcttcatcaacgccgagccgggacacctgaccacgggccgaatacgcgacttctgccgcacatggccaaaccagaccgaaatcacggtcgcaggcgcccatttcatccaggaggacagtccggacgagattggcgcggcgattgcggcgtttgtc	linb11_mis2_Uall_amplicons.fasta											
ena|baf56673|baf56673.1 sphingobium sp. mi1205 haloalkane dehalogenase	linb_11f_dgp_u_all_gr1	linb_11r_dgp_u_all_gr1	3	870	868	gagcctcggcgcaaagccatttggcgagaagaaattcattgagatcaagggccggcgcatggcctatatcgatgaagggaccggcgatccgatcctcttccagcacggcaatccgacgtcgtcctatctgtggcgcaatatcatgccgcattgcgccgggctgggacggctgatcgcctgtgacctgatcggcatgggcgattcggacaagctcgatccgtcggggcccgagcgttatacctatgccgagcatcgtgactatctcgacgcgctgtgggaggcgctcgatctcggggacagggttgttctggtcgtgcatgactgggggtccgtcctcggcttcgactgggcccgccgccaccgcgagcgtgtacaggggattgcctatatggaagcggtcaccatgccgctcgaatgggcggattttcccgaacaggatcgcgatctgtttcaggcctttcgctcgcaggcgggcgaagaattggtgttgcaggacaatgtttttgtcgaacaagttctccccggattgatcctgcgccccttaagcgaagcggagatggccgcctatcgcgagcccttcctcgccgccggcgaagcccgtcgaccgaccctgtcttggcctcgccaaatcccgatcgcaggcaccccggccgacgtggtcgcgatcgcccgggactatgccggctggctcagcgaaagcccgattccgaaactcttcatcaacgccgagccgggacacctgaccacgggccgaatacgcgacttctgccgcacatggccaaaccagaccgaaatcacggtcgcaggcgcccatttcatccaggaggacagtccggacgagattggcgcggcgattgcggcgtttgtc	linb11_mis2_Uall_amplicons.fasta											
ena|aeb96581|aeb96581.1 uncultured organism haloalkane dehalogenase linb	linb_11f_dgp_u_all_gr1	linb_11r_dgp_u_all_gr1	3	870	868	gagcctcggcgcaaagccatttggcgagaagaaattcattgagatcaagggccggcgcatggcctatatcgatgaagggaccggcgatccgatcctcttccagcacggcaatccgacgtcgtcctatctgtggcgcaatatcatgccgcattgcgccgggctgggacggctgatcgcctgtgacctgatcggcatgggcgattcggacaagctcgatccgtcggggcccgagcgttatgcctatgccgagcatcgtgactatctcgacgcgctgtgggaggcgctcgatctcggggacagggttgttctggtcgtgcatgactgggggtccgtcctcggcttcgactgggcccgccgccaccgcgagcgtgtacaggggattgcctatatggaagcggtcaccatgccgctcgaatgggcggattttcccgaacaggctcgcgatctgtttcaggcctttcgctcgcaggcgggcgaagaattggtgttgcaggacaatgtttttgtcgaacaagttctccccggattgatcctgcgccccttaagcgaagcggagatggccgcctatcgcgagcccttcctcgccgccggcgaagcccgtcgaccgaccctgtcttggcctcgccaaatcccgatcgcaggcaccccggccgacgtggtcgcgatcgcccgggactatgccggctggctcagcgaaagcccgattccgaaactcttcatcaacgccgagccgggacacctgaccacgggccgaatacgcgacttctgccgcacatggccaaaccagaccgaaatcacggtcgcaggcgcccatttcatccaggaggacagtccggacgagattggcgcggcgattgcggcgtttgtc	linb11_mis2_Uall_amplicons.fasta											
ena|aeb96582|aeb96582.1 uncultured organism haloalkane dehalogenase linb	linb_11f_dgp_u_all_gr1	linb_11r_dgp_u_all_gr1	3	870	868	gagcctcggcgcaaagccatttggcgagaagaaattcattgagatcaagggccggcgcatggcctatatcgatgaagggaccggcgatccgatcctcttccagcacggcaatccgacgtcgtcctatctgtggcgcaatatcatgccgcattgcgccgggctgggacggctgatcgcctgtgacctgatcggcatgggcgattcggacaagctcgatccgtcggggcccgagcgttatgcctatgccgagcatcgtgactatctcgacgcgctgtgggaggcgctcgatctcggggacagggttgttctggtcgtgcatgactgggggtccgtcctcggcttcgactgggcccgccgccaccgcgagcgtgtacaggggattgcctatatggaagcggtcaccatgccgctcgaatgggcggattttcccgaacaggatcgcgatctgtttcaggcctttcgctcgcaggcgggcgaagaattggtgttgcaggacaatgtttttgtcgaacaagttctccccggattgatcctgcgccccttaagcgaagcggagatggccgcctatcgcgagcccttcctcgccgccggcgaagcccgtcgaccgaccctgtcttggcctcgccaaatcccgatcgcaggcaccccggccgacgtggtcgcgatcgcccgggactatgccggctggctcagcgaaagcccgattccgaaactcttcatcaacgccgagccgggtcacctgaccacgggccgactgcgcgacttctgccgcacatggccaaaccagaccgaaatcacggtcgcaggcgcccatttcatccaggaggacagtccggacgagattggcgcggcgattgcggcgtttgtc	linb11_mis2_Uall_amplicons.fasta											
ena|aeb96580|aeb96580.1 uncultured organism haloalkane dehalogenase linb	linb_11f_dgp_u_all_gr1	linb_11r_dgp_u_all_gr1	3	870	868	gagcctcggcgcaaagccatttggcgagaagaaattcattgagatcaagggccggcgcatggcctatatcgatgaagggaccggcgatccgatcctcttccagcacggcaatccgacgtcgtcctatctgtggcgcaatatcatgccgcattgcgccgggctgggacggctgatcgcctgtgacctgatcggcatgggcgattcggacaagctcgatccgtcggggcccgagcgttatgcctatgccgagcatcgtgactatctcgacgcgctgtgggaggcgctcgatctcggggacagggttgttctggtcgtgcatgactgggggtccgtcctcggcttcgactgggcccgccgccaccgcgagcgtgtacaggggattgcctatatggaagcggtcaccatgccgctcgaatgggcggattttcccgaacaggatcgcgatctgtttcaggcctttcgctcgcaggcgggcgaagaattggtgttgcaggacaatgtttttgtcgaacaagttctccccggattgatcctgcgccccttaagcgaagcggagatggccgcctatcgcgagcccttcctcgccgccggcgaagcccgtcgaccgaccctgtcttggcctcgccaaatcccgatcgcaggcaccccggccgacgtggtcgcgatcgcccgggactatgccggctggctcagcgaaagcccgattccgaaactcttcatcaacgccgagccgggacacctgaccacgggccgaatacgcgacttctgccgcacatggccaaaccagaccgaaatcacggtcgcaggcgcccatttcatccaggaggacagtccggacgagattggcgcggcgattgcggcgtttgtc	linb11_mis2_Uall_amplicons.fasta											
ena|aeb96583|aeb96583.1 uncultured organism haloalkane dehalogenase linb	linb_11f_dgp_u_all_gr1	linb_11r_dgp_u_all_gr1	3	870	868	gagcctcggcgcaaagccatttggcgagaagaaattcattgagatcaagggccggcgcatggcctatatcgatgaagggaccggcgatccgatcctcttccagcacggcaatccgacgtcgtcctatctgtggcgcaatatcatgccgcattgcgccgggctgggacggctgatcgcctgtgacctgatcggcatgggcgattcggacaagctcgatccgtcggggcccgagcgttatgcctatgccgagcatcgtgactatctcgacgcgctgtgggaggcgctcgatctcggggacagggttgttctggtcgtgcatgactgggggtccgtcctcggcttcgactgggcccgccgccaccgcgagcgtgtacaggggattgcctatatggaagcggtcaccatgccgctcgaatgggcggattttcccgaacaggctcgcgatctgtttcaggcctttcgctcgcaggcgggcgaagaattggtgttgcaggacaatgtttttgtcgaacaagttctccccggattgatcctgcgccccttaagcgaagcggagatggccgcctatcgcgagcccttcctcgccgccggcgaagcccgtcgaccgaccctgtcttggcctcgccaaatcccgatcgcaggcaccccggccgacgtggtcgcgatcgcccgggactatgccggctggctcagcgaaagcccgattccgaaactcttcatcaacgccgagccgggacacctgaccacgggccgattgcgcgacttctgccgcacatggccaaaccagaccgaaatcacggtcgcaggcgcccatttcatccaggaggacagtccggacgagattggcgcggcgattgcggcgtttgtc	linb11_mis2_Uall_amplicons.fasta											
COL_SA_mg_mt_7631	linb_11r_dgp_u_all_gr1	linb_11r_dgp_u_all_gr1	46774	49094	2321	gttgatcgccgccatcgccgtctatggcaaaaggctcgccgtgcgcatcgccggccgcgacaccaaatggtcgacgatggcccggctgggggtggaactgggcgcagccattctggtgatgctgttcggcttcggcctgctcaccggttatctggaaagcgagcggctgctgccgggctgattgggctgccgcagcgcagccaaatctgcgtgcgatgcaccaaaatgcgtcacgcccagcttttcggcaatttcgtttcgctttgaattaaaacaacgaaattgccgggtgcgacactccgtgccagcctaaaggcgaacggtgcgcgtgatttccccgcgacgccgtgccctaggacgccgtgcctcggccggccccgctggaggcgtcgcgatggctctgaagcctgtttcgctcgacgacaaatatgacctttcccaggagcgcgtgttcgtgtcgggcacgcaggccctggtccgcctcgccttgatgcagaaggagcgcgaccggcgcgccggccttaatacggccggctacgtcaccggctatcgcggctccccccttggcggcctcgaccagcagttcctgcgcgccgaaaaggtgctcaaggccaacgacatcaagttcatgtccggcctcaacgaggatctcgccgccaccgccttgtggggctcccagcaggcggaactgcgcggcgaaggcaaattcgatggcgtgttcggcctctggtacggcaaggggccgggcgtcgaccgctccggcgacgtgttccgccacgccaacaatgccggcacctcccgccacggcggcgtgctggccctcatgggcgatgaccacacctgcgaaagctccaccaccgcgcaccagagcgagttccatttcgtcgacgtgatgataccggtcctgaacccggccggcgtgcaggagatcatcgattacggcctctatggctgggcgctctcgcgcttttccggcacctgggtcggcctcaaggcggtgaaggacaccatcgagtcgacgggcatcgtggacgggcgcctcgaccgcgtgcgcatcgagccggctctaggcttcgagatgccccccggcggcctcaacatccgcctcggcgacacgccgctggcgcaggaggagcggcttcaggaattcaagcgcgacgccgtgctgcacttcctgcgggcgaaccgcctcaaccgcttcatcacctccggcggcgcgcgcccgcgcatcggcatcgccaccgtgggcaagtcctatctcgacgtgcgcctcgcgctcgacgagctcggcatcgacgaggtgcgcgccaacgatctcggcctgcgcatctggaaggtggcctgcccctggccgctggagacgcagggcctctacgagttcgccaagggcctcgacctcatcatggtggtggaggaaaagcgctccctcatcgaggtgcaggtccgcgaggagctgtacggcaccgccaaccagcccgtctgcatcggcaagaaggacgagcagggccgctggatgttcccggtgaagggcgcgctcgaccccaacgacattgccatccagctcggccgccggctgctcgcctatggcgacatccccgacatcgccgcccgcgtcgcggagctggaggaggcgcagcgcgtgctcgccgccacctcggacgtggcgacccgcatcccctatttctgctccggctgcccgcacaattcgtccaccaaggtgcccgagggcatgcgcgcctatgccggcatcggctgccattacatggtgcagtggatggaccgggagaccaccggcttcacccagatgggcggcgagggcgccaactggatcggcgaagcgtccttctccaagcggaatcacgtcttccagaatctcggcgacggcacctacaaccattcgggctatctcgccctgcgcgcctcctgcgccgccaaggtgaacgtcacctacaagatcctcttcaacgatgcggtggccatgaccggcggccagaagcacgacggcgacctcaccgtgccggtcatcgcccggcaggtggcggcggaaggggtggagcgggtcgtcgtcgtcaccgacgagccggacaaatatcccgcaggcaccctctggcccgccggcctcaccatccaccaccgcgacgagctggacgccgtgcagcgggagcttgcggcggtgccgggcgtcacggtgatgatctacgaccagacctgcgcctcggagaagcgccggcgcaggaagcgcggccagtttcccgatccggacaagcgcgtgctcatcaacgagcgggtctgcgagggctgcggcgattgcggggtgaagt	linb11_mis2_MAGspec_amplicons.fasta	COL_SA_mg_mt_7631_45971-46954;COL_SA_mg_mt_7631_47168-50647	rcnA	k_Bacteria;p_Pseudomonadota;c_Alphaproteobacteria;o_Hyphomicrobiales;f_Xanthobacteraceae;g_Xanthobacter;k_Bacteria;p_Pseudomonadota;c_Alphaproteobacteria;o_Hyphomicrobiales;f_Xanthobacteraceae;g_Xanthobacter	K08970*;K04090*	nickel/cobalt exporter;indolepyruvate ferredoxin oxidoreductase [EC:1.2.7.8]	Brite Hierarchies; Protein families: signaling and cellular processes; Transporters;Not Included in Pathway or Brite; Unclassified: metabolism; Enzymes with EC numbers	COG2215*;COG1014;COG4231*	"ABC-type uncharacterized transport system, permease component"	General function prediction only	PF03824 [High-affinity nickel-transport protein];PF01558 [Pyruvate ferredoxin/flavodoxin oxidoreductase];PF20169 []	25;25
COL_SA_mg_mt_126423	linb_11r_dgp_u_all_gr1	linb_11r_dgp_u_all_gr1	47125	49766	2642	caccaaggccgcgatcgccggctaccgcgtcgccggcaagaccggcaccgcccaggagctgagcagcaacggcatcaccgcctcgttcgtcggcgtcgtgccggccgacgcgccgcgcgtcgtcgtcggggtgttcgtgtccaacccgaggacgtcggtctacggcggcacggtcgccgcgccggtgttcgccgacgtcgccgggttcacgctgtcggagctcggcgtcgcgccctccgacaccacggccgggaccgccctctacccgacgacctggtgagcgcgccggccagggcggcggtcgcccgccgcacggccgaggcacccggtccgggtagattcgtcgccatgtcctccccccagggtcggatgcgaccgcagcatccggcgccgcaccgggtggtcgacctcgccggagccttcggcctgacgggcgcggtcccggcggatctcgcggtgaccggcgtcacggtcgcgtccagcgacgccccaccgggcgaaccgttcgtcgccgtccccggcctgagggtgcacggggcgcgctacgccgcgcacgcggtggccgccggggcggtcgcggtgctgaccgacgaggccgggctgcccgacgccgcggcgaccggcgtgccggtgctgctcgccgccgatccccgcgccctggccggcccggtcgccgcccaggtgtacgacgagcccgcggcgcggctggtgacggtcggcgtcaccggcaccaacggcaagacgacgacgtcctacttcgtcgacgcggcgctgcgcaccgcgcacccgacgaccgcgctgctcggcacggtcgagctgcggatcggcgacgaggcgatcgagagcccgcgcaccaccgtcgaggccccggtgctccaggcgatctgcgcgctggccctggagcggggcgccaccgcgctgaccaccgaggtgtcgtcgcacgggctcgcgctcggccggctggccgggctgcggttcgacgtcgcgggcttcaccaacctgcagcgcgaccacctggacttccacggcgacatgccgagctacttcgcggcgaaggcgacgctgttcgagcccggtcacgcgcgccgcggcgtcgtcgtcgtggacgacgagtggggccgccggctggccgccgaggcgccgatcccggtcgagactgtctcgacgcacgtcgacgacccgcagccggccgactgggcggtgaccgaggcgcagatcggcctggacggcgtcggctcgagcttcgtcctgctcggcccggacggcgcccgccaccaggccgccagcccgctgcccggcctggtcaacgtgtcgaacgccgcgctggcgatcgtgctggcgcacgccgcgggcatcggactcgacgccgcgatcgacgcggtcgcgcacgcccacgagatcccgggccggatggagcgggtggtggagcgcggcgacggcttcccgctctgcctggtcgactacgcccacacgccggacgcgctggtgctggcgctcgaggcggtccggccgatcacgcccggccggctcgtcctcgtcctcgggtccgacggcgaccgggaccgcggcaagcggccgatcatgggcggcatcgccgcccggctcgccgacgtgctcgtcgtcaccgacgagaacccgcgctccgaggacccggcgagcatccgccgggcgatcctcgacggcgcgctcgccgagcggccggacggccgtgacgtccacgaggtcgagccgcgctcggacgcgatccgccgcgcgctcgccctggcgggcgcggacgacaccgtcatcgtcacgggcaagggccacgagccgacacaggagatcgccggggtgttccaccgctacaacgaccgtgacgtgttcctcgcggcgcgcgccgagcgcgccggggccgcccgatgatcgcgctcaccgcggcggaggtcgccgcggtcaccggcggcacgctgcacgccctcgacggcacggcggtggtcgccggcccggtggtcgccgactcgcgcgaggtgatcccgggcgcgctgttcgtcgcgatcgcgggcgagcacgccgacgggcacgccttcgccgccgccgccgtcgccggcggggcggtcgccgtgctggcggcccacgaggtcacgggcgccgacggcgggccgctgccgtcggtcgtcgtgccggacgtggtggccgctctcggcgccctggcgcgcgaggtgctgtgccggctgcgcgaggcgtcggccgagcccggcggctccgggctgcaggtggtcgccgtcaccgggtccgtcggcaagacgacgacgaaggacctgctgctccaggtgctcggcgccgccggcccgacgatcgcgccggtgcacagcttcaacaacgagatcggcctgccgctcaccgtgctgcgcgccgacgaggacacccggtacctcgtgctcgagatgggcgccagcgggatcggccacatcgcctacctcacggacatcgcgccgcccgacgtcgcggtcgtgctggtcgtcggggcggcgcacgtcggggagttcggcggcctcgaggcgacggcggcggcgaagtccgagctggtgaccggcctggtgcccggcggtgtcgcggtgctcaacgcggacgacccacgggtggcggcgatggcggcgctcgcc	linb11_mis2_MAGspec_amplicons.fasta	COL_SA_mg_mt_126423_45476-47404;COL_SA_mg_mt_126423_47494-49026;COL_SA_mg_mt_126423_49023-50465	ftsI;murE;murF	k_Bacteria;n_Terrabacteria group;p_Actinomycetota;c_Actinomycetes;o_Micrococcales;k_Bacteria;n_Terrabacteria group;p_Actinomycetota;c_Actinomycetes;o_Micrococcales;f_Cellulomonadaceae;g_Cellulomonas;k_Bacteria;n_Terrabacteria group;p_Actinomycetota;c_Actinomycetes;o_Micrococcales;f_Cellulomonadaceae;g_Cellulomonas;n_unclassified Cellulomonas;s_Cellulomonas sp.	K03587*;K01928*;K01929*	"cell division protein FtsI (penicillin-binding protein 3) [EC:3.4.16.4];UDP-N-acetylmuramoyl-L-alanyl-D-glutamate--2,6-diaminopimelate ligase [EC:6.3.2.13];UDP-N-acetylmuramoyl-tripeptide--D-alanyl-D-alanine ligase [EC:6.3.2.10]"	Metabolism; Glycan biosynthesis and metabolism; Peptidoglycan biosynthesis | Human Diseases; Drug resistance: Antimicrobial; beta-Lactam resistance | Brite Hierarchies; Protein families: metabolism; Peptidoglycan biosynthesis and degradation proteins | Brite Hierarchies; Protein families: genetic information processing; Chromosome and associated proteins;Metabolism; Amino acid metabolism; Lysine biosynthesis | Metabolism; Glycan biosynthesis and metabolism; Peptidoglycan biosynthesis | Brite Hierarchies; Protein families: metabolism; Peptidoglycan biosynthesis and degradation proteins;Metabolism; Amino acid metabolism; Lysine biosynthesis | Metabolism; Glycan biosynthesis and metabolism; Peptidoglycan biosynthesis | Human Diseases; Drug resistance: Antimicrobial; Vancomycin resistance | Brite Hierarchies; Protein families: metabolism; Peptidoglycan biosynthesis and degradation proteins	COG0768*;COG0769*;COG0770*	Cell division protein FtsI/penicillin-binding protein 2;UDP-N-acetylmuramyl tripeptide synthase;UDP-N-acetylmuramyl pentapeptide synthase	"Cell envelope biogenesis, outer membrane;Cell envelope biogenesis, outer membrane;Cell envelope biogenesis, outer membrane"	"PF00905 [Penicillin binding protein transpeptidase domain];PF02875 [Mur ligase family, glutamate ligase domain];PF08245 [Mur ligase middle domain];PF02875 [Mur ligase family, glutamate ligase domain];PF08245 [Mur ligase middle domain]"	25;25;25
COL_SA_mg_mt_4172	linb_11r_dgp_u_all_gr1	linb_11r_dgp_u_all_gr1	16971	19088	2118	tgggaacgcggcaatcgccgcataggccgtgatggtgccgatcaccataacccagcctttggcgttgacccattggaacatggccgcgccccagaacgtcatcgggcggccgcggcggtcggcggattccggcgaggatggctccgccatcgcgatcgcgctggcgagatagatcaggtaggcgacaccgatatatttgaggatggtctgcagcacgggataggcgatgaagacggtgcccaggccgaggccgacggcgccgaccatgaacgcaaatccgatcgtgatgcccgcgatatgcggcaccgtgcggcggaagccgtaagtcagtcccgaggacagcagcatgatgttgttcggacctggcgtgaagaacatcacgacagcgaacatgacgaaagcaacgagaagcgaatgcgacatggcactattcatgcgatcttcgccagcgactgtggacgcgcgatccggcttgcgacaaggcaagcccccagatcacggcgaccatgacggcgatgcagacgtcggccggtttcattttccctggctcttcttgtttccggttctcttggttctaggacgcgatgatttctggtcgaagctccctctccccgttcttacgggttcgagacgagcaaagctcgctctgagagcgttggggtgagaggctatctccgcgaccacggtgacagatgtgttcgcggaggctccccctcacccggaattcaagctgcgcttgatttccgacctctccccgcaagcgggccgaggtggtgcgagactgcctctcgattcgagcaaacatcgtcaaaccttagctcttttgttccggcttcggcttgcgcaggaggtaggtgccgtgcagcggcgcgtgatagtcggcggagatcagcgtgaagccgacttcggtcagcatgcgttccatgacccaaccgaaggtcgaatattcgtcgcgcatgtgcatcatcacgccctcgcgctcgaaatcgtggttcttgatggaaaaatcggcccagccctcgacgtcgcgctcgacgccgtcgggcatgctgacgaacacgatgtcgcgcagatagaattccgagcccggcttcagcgcgttgaagatccgcgacagcgccaccgccttccagaagtccggcaaatgatgcagcgtgaattcgctgacgatcaggtcataggaatccggctgataggcgaagctcagaagcccggccggctgggtgcggatgcgcgccttgcggtcgcgtgcatagatattggcgagcgccagcatcgccggcgaaatgtcgatcgcatcgacatcggcccccatcagcgccgcttcgcaggcgagcacgccgttgccgcaaccgatatcggcgacgcgccagcccggcttgatgccgagcatcttgagcgtctggcgggcacggagatcgctgtcatcatggcggccatagatcgaggcgactgccgtatcgatgccgagccggcgtctttgcgtgtagtaccagtcgcgtgccaacatggttcacatcccttccggcccgcgaccgatcgcggcgacgcccgtccgcgacacctcgaccaggccgagcggccgcatcaggtcgatgaattgattgatcttcgcggagttgcctgtgatctcgaacacaaaactctccacngtcgcgtcgatcacccgggcacggaacgcatccgccagccgcagcgtctcgacgcggtggtcgccggtnccnngcaccttnaccatcgccanntcncgctcgatcgagcgtcccgtcagcgtcatgtcgacnacgcggtagaccgggatcatgcggtcgagntggtgcttgatctgctcgatcaccatcggcgtgcccgtggtcacgatggtnatgcgcgagagatgtttctggctctcggtctcggagacggtnaggctttcgatgttgtagccgcggccggagaacagcccgatcacgcgcgcgagcacgcccggctcgttctgcacgagcaccgagagcgtgtgcgactccgtcgggtcgtggcgctcttcgaggaagtaggcggatgcgggctggttcatggtcgtccccttaaggattgcgctgtcacaccatcgcccgttcggcgatggcggcgtccgtt	linb11_mis2_MAGspec_amplicons.fasta	COL_SA_mg_mt_4172_16788-17363;COL_SA_mg_mt_4172_17785-18480;COL_SA_mg_mt_4172_18484-19026;COL_SA_mg_mt_4172_19052-20035	"eamB;NMT;S, ilvH, ilvN;ilvA, tdcB"	k_Bacteria;p_Pseudomonadota;c_Alphaproteobacteria;o_Hyphomicrobiales;f_Nitrobacteraceae;g_Bradyrhizobium;k_Bacteria;p_Pseudomonadota;c_Alphaproteobacteria;o_Hyphomicrobiales;f_Nitrobacteraceae;g_Bradyrhizobium;k_Bacteria;p_Pseudomonadota;c_Alphaproteobacteria;o_Hyphomicrobiales;f_Nitrobacteraceae;g_Bradyrhizobium;k_Bacteria;p_Pseudomonadota;c_Alphaproteobacteria;o_Hyphomicrobiales;f_Nitrobacteraceae;g_Bradyrhizobium	K11249*;K05929;K01653*;K01754*	cysteine/O-acetylserine efflux protein;phosphoethanolamine N-methyltransferase [EC:2.1.1.103];acetolactate synthase I/III small subunit [EC:2.2.1.6];threonine dehydratase [EC:4.3.1.19]	"Brite Hierarchies; Protein families: signaling and cellular processes; Transporters;Metabolism; Lipid metabolism; Glycerophospholipid metabolism;Metabolism; Carbohydrate metabolism; Butanoate metabolism | Metabolism; Carbohydrate metabolism; C5-Branched dibasic acid metabolism | Metabolism; Amino acid metabolism; Valine, leucine and isoleucine biosynthesis | Metabolism; Metabolism of cofactors and vitamins; Pantothenate and CoA biosynthesis;Metabolism; Amino acid metabolism; Glycine, serine and threonine metabolism | Metabolism; Amino acid metabolism; Valine, leucine and isoleucine biosynthesis"	COG1280*;COG0500*;COG0440*;COG1171*	"Putative threonine efflux protein;SAM-dependent methyltransferases;Acetolactate synthase, small (regulatory) subunit;Threonine dehydratase"	"Amino acid transport and metabolism;General function prediction only|Secondary metabolites biosynthesis, transport and catabolism;Amino acid transport and metabolism;Amino acid transport and metabolism"	PF01810 [LysE type translocator];PF08241 [Methyltransferase domain];PF13489 [Methyltransferase domain];PF13649 [Methyltransferase domain];PF13847 [Methyltransferase domain];PF10369 [Small subunit of acetolactate synthase];PF00291 [Pyridoxal-phosphate dependent enzyme]	25;25;25;25
COL_SA_mg_mt_153811	linb_11r_dgp_u_all_gr1	linb_11r_dgp_u_all_gr1	18326	19046	721	ggtcaacgcggccatcgccgctcgcggcctgttctgggacggctcgtccttcctggcgaacatgctcgagctcggccgggtgcacgacttctatgccgcgcgcgcccatgtcgactgggtgacccagctcccggtcctgctgctcgtcgagctcggcctcagcgacacgaggttgctggcgatcgcctattcggcggcgctgttcgccctgccggtcgcgctctaccacgcagcgctcgcccgtgtgcgtcacgatgccgtgctgctgggcatcgtcatcgccgtggtcgccgtcgtgtacctgccgaccagcttcttcatcgtcggcgagtacaatgcgacctacgccgtggcggtcctcgtcatggcggtgacgctgacgcccggcgagcgccgcctcgtcgacgcggtgctgctgtgcctgctcggcctgctgtcggtgcgctcctacgaggccatgctctatatcgggccgctgcttgcggcggccatcgcctggtcgtggcgcaaggaaggcgatccatgggtcaagggattggcgatgatcgcggccctcgccttcctcgcgggcgccgtggtcgctgccggggcgatcgtcgactactggagccatccgcatttcgtgaaggtgcggtcgaccagctggacgttctggcagaacctgcaattcgccatcccgctcgcggggctcgctctcggcgcggcgatcgcggcgctgcgg	linb11_mis2_MAGspec_amplicons.fasta	COL_SA_mg_mt_153811_18267-19619		k_Bacteria;p_Pseudomonadota;c_Alphaproteobacteria								25
COL_SA_mg_mt_5103	linb_11r_dgp_u_all_gr1	linb_11r_dgp_u_all_gr1	72269	73129	861	gtggaccgccgcgatcgccgcggcgctgatgctgatcggcctggccggtctggacgtaccgctggcgcgcgcgatccgcgcatccggactcgaggacgccgcgctgttccgggtcggcctcgacgcgctcgacaccgcgctcggcgtccacgtctggttctggctggccggcacggtctgcatcgccgccggcgcgatcggcctgctctggacgcgcctgccgctgccgccgcggctgccaccggccctgctcgcggccgggctggtccaggtcgcgacgatcgcgacgatgatccagggcaagaacgcattcgggcggatgcgcccgatccagttgttcgagtccggtgactggtcgcggatctggttcgccggcggcggctcgttcccgtccggccacggcgcgttctacttcggcctgttcctgccgctggccgcgatcgcgcggccgccctggctgcgcgcgctgctgctggcgattccgatctatgtcgtgatcgcgcgggtcgatctggcgcggcatttcctgtccgacgtcatggcctcggcgctgatcgcggcgctgtacgcgctggtcgcctcgttcgtgctgaggcggtggctgccgccgcgctgacgacgggcgcaaccgatcgtgcccacgcctgcgcggcgtaaagccttgcaaaacctggccatcgccgcgccagccggaccgcggccggcgggggcggcgctatgcttgcgcgcatgaccaagaaccggatcctgctggccgacgacgacgtcgagctggcccagctgctgcgcgacttcctcgtgcgcgagggtttcgacgtggtgctcgcccacgacgccgatgcggcgatcgcggcggtgcac	linb11_mis2_MAGspec_amplicons.fasta	COL_SA_mg_mt_5103_72249-72884;COL_SA_mg_mt_5103_72986-73702	cpxR	k_Bacteria;p_Pseudomonadota;c_Gammaproteobacteria;o_Xanthomonadales;f_Rhodanobacteraceae;k_Bacteria;p_Pseudomonadota;c_Gammaproteobacteria;o_Xanthomonadales;f_Rhodanobacteraceae	K07662	"two-component system, OmpR family, response regulator CpxR"	Environmental Information Processing; Signal transduction; Two-component system | Human Diseases; Drug resistance: Antimicrobial; Cationic antimicrobial peptide (CAMP) resistance | Brite Hierarchies; Protein families: signaling and cellular processes; Two-component system	COG0745*	Response regulators consisting of a CheY-like receiver domain and a winged-helix DNA-binding domain	Transcription|Signal transduction mechanisms	"PF01569 [PAP2 superfamily];PF00072 [Response regulator receiver domain];PF00486 [Transcriptional regulatory protein, C terminal]"	25;25
COL_SA_mg_mt_10693	linb_11r_dgp_u_all_gr1	linb_11r_dgp_u_all_gr1	872025	873280	1256	atagaccggcgcaatcgccgtatccggcagcttcaccatcggattgagacgctggatggcctcatcgttccacttggtgatttcgcccatatagaccttggccagggtcggaccgtcgatggtcaactggcccggcgcgatgccctgcagattgaccgagggaacgacaccgcccatgatcatcggccactgaacgaggccggcatcggcgaggtcctgcggcttcagcggcatatcggaggcgccgaaggtcacggtcttcgccttgatctgcttgatgccaccgcccgaaccgatcgactgatagttcaagccgacaccggtctgacctttataggtatccgcccatttcgaatagacagggaacgggaaggtcgcgcccgcgccggagatgtcgccggccgaagcggcagaaaggccgatcgtcgtagccaagcccaggctggccgcaccgatcaacaagcgtttcagaatagtcaccgagatgtctcccttgttgcttcgttcaagaccctgaatcggttgaacagccgggaatttagttcggtatcgttgctcttttgtgacagccgatcgttaaaatttgcaccttcaagccggaggcgggaagcttggccctgaggatggcccaattttgccagtttcctgtcaggaatggcaccgccgctcgcccgatgtcaccgatcggacgtaatattgtcatatattcgccggtcaggccgacccctaagtcactagaaaatggtcaaaaattttatcgcaccggtaagccggcaatcaatcgatgaggacctgatgggaaaagaccttaccgtcagtcagggtaatccgccggaaccccagaagcttcagcagatcgaagaaggttgcctcctccggatgggtggtctgctggaaaaaattggtcgcccgcgcgaccgaggtcagtgtcgccagcagggcacgggcgcgatagatcgtgtcgagctggccatcggccaggccgacgatgatcagtttatcggactggttccccttggcgaaaatagcgtaagacggcgcgtattgaccgccaaggagctgcttcgtcagcccgatcacgaaagcctggcgtcgtaccttgtcgctgtccggcagggtcggtgccgaagaggtgtaatgttccagggattgcggcttcggatagtaatagccggcatgctcgtcaccttcgtcgccctctgattcgtccccggccggcggggtggcgttttcgtccggcgatggcggcgtcaggg	linb11_mis2_MAGspec_amplicons.fasta	COL_SA_mg_mt_10693_871449-872504;COL_SA_mg_mt_10693_872802-873395	pstS	k_Bacteria;p_Pseudomonadota;c_Alphaproteobacteria;o_Rhodospirillales;f_Azospirillaceae;k_Bacteria;p_Pseudomonadota;c_Alphaproteobacteria;o_Rhodospirillales;f_Rhodospirillaceae	K02040*	phosphate transport system substrate-binding protein	Environmental Information Processing; Membrane transport; ABC transporters | Environmental Information Processing; Signal transduction; Two-component system | Human Diseases; Infectious diseases: Bacterial; Tuberculosis | Brite Hierarchies; Protein families: signaling and cellular processes; Transporters	COG0226*;ENOG4111VUG*	"ABC-type phosphate transport system, periplasmic component"	Inorganic ion transport and metabolism;Function unknown	PF12849 [PBP superfamily domain]	25;25
COL_SA_mg_mt_25333	linb_11r_dgp_u_all_gr1	linb_11r_dgp_u_all_gr1	29488	30803	1316	gatcaacggcgccatngccggnatntatgccgcntccgggcagagctgcgtntccggttcgcgnntgctggtncaggatganatctacgacgagttcgtcggtcgnctggtngancgcgccnagcgcattcgcatcggcaacccccaggaagacagcagcgaaatgggcccgatggccaccgcgcagcaactggccgtggtcgaaggcctggtngccgangcnatngccgaaggtgcgcgcctgcgcctgggcggcaagcgnccgnagaanctgggcganggctggttctacganccgacgctgttcgantgcgaccgcaactcgatgaagatcatgcaggaagaagtgtttggtccggtggcttcggtcatccggttcaaggacgaagccgaagccctggcgatcgccaacgacaccgagttcggccttggtgccggcctctggacccgcgacatcaaccgcgcctaccgcatgggccgggcgatcaaggccggtcgcgtctggaccaactgctatcacctgtacccggcgcacgccgcgttcggtggctacaagaagtccggcgtcggtcgcgagacgcacaagatgatgctcgaccactaccagcagaccaagaatctgctggtgagctacgacatcaatccattggggttcttctaagtaaaaagggcggggcagttcatgctgcttcgccctttagatggctatcgtcggatcgccgcccggagcaagctcgctcccacagggatctgtggataactcgttcccagggttggcaacagatccactgtgggagcgagcttgctcgcgatagcggcggtccagcttgcatccatgctgtatgcaacacaccggtttcaagagcagccccgctccaacagggccaaaaaacaataaaaacaggtaaacccttatgccaagcgatcatgcaaacccgcaaccggcaacgtcctcggtcgacttcgaaaaagtcggctccgaatatttccaacaacgcgaactgaaaaaaggcgcggcgggctgggtcctgctggtcggcctgggcgtggcctatgtcatttccggcgactacgccggctggaacttcggcctggcccagggtggctggggcgggatgttcctcgccacgctgctgatggccgcgatgtacctgtgcatgtgcttttccctcgcggaactgtcctcgatgatccccaccgcgggtggcggctacggctttgcccgcagcgcattcgggccctggggcgggtttctcacgggcacggcgattttgatcgagtacgccatcgccccggcggcgattgccgtgttcatc	linb11_mis2_MAGspec_amplicons.fasta	COL_SA_mg_mt_25333_28679-30148;COL_SA_mg_mt_25333_30402-31013	"ALDH;eat, eutP"	k_Bacteria;p_Pseudomonadota;c_Gammaproteobacteria;o_Pseudomonadales;f_Pseudomonadaceae;g_Pseudomonas;k_Bacteria;p_Pseudomonadota;c_Gammaproteobacteria;o_Pseudomonadales;f_Pseudomonadaceae;g_Pseudomonas	K00128*;K16238*	aldehyde dehydrogenase (NAD+) [EC:1.2.1.3];ethanolamine permease	"Metabolism; Carbohydrate metabolism; Glycolysis / Gluconeogenesis | Metabolism; Carbohydrate metabolism; Ascorbate and aldarate metabolism | Metabolism; Carbohydrate metabolism; Pyruvate metabolism | Metabolism; Lipid metabolism; Fatty acid degradation | Metabolism; Lipid metabolism; Glycerolipid metabolism | Metabolism; Amino acid metabolism; Valine, leucine and isoleucine degradation | Metabolism; Amino acid metabolism; Lysine degradation | Metabolism; Amino acid metabolism; Arginine and proline metabolism | Metabolism; Amino acid metabolism; Histidine metabolism | Metabolism; Amino acid metabolism; Tryptophan metabolism | Metabolism; Metabolism of other amino acids; beta-Alanine metabolism | Metabolism; Metabolism of terpenoids and polyketides; Insect hormone biosynthesis | Metabolism; Metabolism of terpenoids and polyketides; Limonene and pinene degradation | Metabolism; Xenobiotics biodegradation and metabolism; Chloroalkane and chloroalkene degradation;Brite Hierarchies; Protein families: signaling and cellular processes; Transporters"	COG1012*;COG0531*	NAD-dependent aldehyde dehydrogenases;Amino acid transporters	Energy production and conversion;Amino acid transport and metabolism	PF00171 [Aldehyde dehydrogenase family]	25;25
