seqID	fwd	rev	start	end	length(bp)	amplicon_seq	analysis_id	mis	notes	Gene_name	Tax	KEGG_ID	KEGGFUN	KEGGPATH	COG_ID	COGFUN	COGPATH	PFAM	Hits
sina:KNJ79_19310 K01563 haloalkane dehalogenase [EC:3.8.1.5] | (GenBank) haloalkane dehalogenase (N)	Linb_10f_dgp_U_all_gr1	Linb_10r_dgp_U_all_gr1	1	871	871	atgagcctcagcgcaaagccatttggcgagaagaaattcattgagatcaagggccggcgcatggcctatatcgatgaagggaccggcgatccgatcctcttccagcacggcaatccgacgtcgtcctatctgtggcgcaatatcatgccgcattgcgccgggctgggacggctgatcgcctgtgacctgatcggcatgggcgattcggacaagctcgatccgtcggggcccgagcgttatgcctatgccgagcatcgtgactatctcgacgcgctgtgggaggcgctcgatctcggggacagggttgttctggtcgtgcatgactgggggtccgtcctcggcttcgactgggcccgccgccaccgcgagcgtgtacaggggattgcctatatggaagcggtcaccatgccgctcgaatgggcggattttcccgaacaggatcgcgatctgtttcaggcctttcgctcgcaggcgggcgaagaattggtgttgcaggacaatgtttttgtcgaacaatttctccccggaatgatcctgcgccccttaagcgaagcggagatggccgcctatcgcgagcccttcctcgccgccggcgaagcccgtcgaccgaccctgtcttggcctcgccaaatcccgatcgcaggcaccccggccgacgtggtcgcgatcgcccgggactatgccggctggctcagcgaaagcccgattccgaaactcttcatcaacgccgagccgggacacgtgaccacgggccgattgcgcgacttctgccgcacatggccaaaccagaccgaaatcacggtcgcaggcgcccatttcatccaggaggacagtccggacgagattggcgcggcgattgcggcgtttgtcc	run_01	linb10_mis2_Kall_amplicons.fasta											
sinb:SIDU_17345 K01563 haloalkane dehalogenase [EC:3.8.1.5] | (GenBank) haloalkane dehalogenase (N)	Linb_10f_dgp_U_all_gr1	Linb_10r_dgp_U_all_gr1	1	871	871	atgagcctcggcgcaaagccatttggcgagaagaaattcattgagatcaagggccggcgcatggcctatatcgatgaagggaccggcgatccgatcctcttccagcacggcaatccgacgtcgtcctatctgtggcgcaatatcatgccgcattgcgccgggctgggacggctgatcgcctgtgacctgatcggcatgggcgattcggacaagctcgatccgtcggggcccgagcgttatacctatgccgagcatcgtgactatctcgacgcgctgtgggaggcgctcgatctcggggacagggttgttctggtcgtgcatgactgggggtccgtcctcggcttcgactgggcccgccgccaccgcgagcgtgtacaggggattgcctatatggaagcggtcaccatgccgctcgaatgggcggattttcccgaacaggatcgcgatctgtttcaggcctttcgctcgcaggcgggcgaagaattggtgttgcaggacaatgtttttgtcgaacaagttctccccggattgatcctgcgccccttaagcgaagcggagatggccgcctatcgcgagcccttcctcgccgccggcgaagcccgtcgaccgaccctgtcttggcctcgccaaatcccgatcgcaggcaccccggccgacgtggtcgcgatcgcccgggactatgccggctggctcagcgaaagcccgattccgaaactcttcatcaacgccgagccgggacacctgaccacgggccgaatacgcgacttctgccgcacatggccaaaccagaccgaaatcacggtcgcaggcgcccatttcatccaggaggacagtccggacgagattggcgcggcgattgcggcgtttgtcc	run_01	linb10_mis2_Kall_amplicons.fasta											
"sjp:SJA_C1-19590 K01563 haloalkane dehalogenase [EC:3.8.1.5] | (GenBank) linB; 1,3,4,6-tetrachloro-1,4-cyclohexadiene hydrolase LinB (N)"	Linb_10f_dgp_U_all_gr1	Linb_10r_dgp_U_all_gr1	1	871	871	atgagcctcggcgcaaagccatttggcgagaagaaattcattgagatcaagggccggcgcatggcctatatcgatgaagggaccggcgatccgatcctcttccagcacggcaatccgacgtcgtcctatctgtggcgcaatatcatgccgcattgcgccgggctgggacggctgatcgcctgtgacctgatcggcatgggcgattcggacaagctcgatccgtcggggcccgagcgttatgcctatgccgagcatcgtgactatctcgacgcgctgtgggaggcgctcgatctcggggacagggttgttctggtcgtgcatgactgggggtccgccctcggcttcgactgggcccgccgccaccgcgagcgtgtacaggggattgcctatatggaagcgatcgccatgccgatcgaatgggcggattttcccgaacaggatcgcgatctgtttcaggcctttcgctcgcaggcgggcgaagaattggtgttgcaggacaatgtttttgtcgaacaagttctccccggattgatcctgcgccccttaagcgaagcggagatggccgcctatcgcgagcccttcctcgccgccggcgaagcccgtcgaccgaccctgtcttggcctcgccaaatcccgatcgcaggcaccccggccgacgtggtcgcgatcgcccgggactatgccggctggctcagcgaaagcccgattccgaaactcttcatcaacgccgagccgggagccctgaccacgggccgaatgcgcgacttctgccgcacatggccaaaccagaccgaaatcacggtcgcaggcgcccatttcatccaggaggacagtccggacgagattggcgcggcgattgcggcgtttgtcc	run_01	linb10_mis2_Kall_amplicons.fasta											
sphm:G432_22000 K01563 haloalkane dehalogenase [EC:3.8.1.5] | (GenBank) haloalkane dehalogenase LinB (N)	Linb_10f_dgp_U_all_gr1	Linb_10r_dgp_U_all_gr1	1	871	871	atgagcctcggcgcaaagccatttggcgagaagaaattcattgagatcaagggccggcgcatggcctatatcgatgaagggaccggcgatccgatcctcttccagcacggcaatccgacgtcgtcctatctgtggcgcaatatcatgccgcattgcgccgggctgggacggctgatcgcctgtgacctgatcggcatgggcgattcggacaagctcgatccgtcggggcccgagcgttatgcctatgccgagcatcgtgactatctcgacgcgctgtgggaggcgctcgatctcggggacagggttgttctggtcgtgcatgactgggggtccgtcctcggcttcgactgggcccgccgccaccgcgagcgtgtacaggggattgcctatatggaagcggtcaccatgccgctcgaatgggcggattttcccgaacaggatcgcgatctgtttcaggcctttcgctcgcaggcgggcgaagaattggtgttgcaggacaatgtttttgtcgaacaagttctccccggattgatcctgcgccccttaagcgaagcggagatggccgcctatcgcgagcccttcctcgccgccggcgaagcccgtcgaccgaccctgtcttggcctcgccaaatcccgatcgcaggcaccccggccgacgtggtcgcgatcgtccgggactatgccggctggctcagcgaaagcccgattccgaaactcttcatcaacgccgagccgggatccttgaccacgggccgaatacgcgacttctgccgcacatggccaaaccagaccgaaatcacggtcgcaggcgcccatttcatccaggaggacagtccggacgagattggcgcggcgattgcggcgtttgtcc	run_01	linb10_mis2_Kall_amplicons.fasta											
spht:K426_01100 K01563 haloalkane dehalogenase [EC:3.8.1.5] | (GenBank) haloalkane dehalogenase (N)	Linb_10f_dgp_U_all_gr1	Linb_10r_dgp_U_all_gr1	1	871	871	atgagcctcggcgcaaagccatttggcgagaagaaattcattgagatcaagggccggcgcatggcctatatcgatgaagggaccggcgatccgatcctcttccagcacggcaatccgacgtcgtcctatctgtggcgcaatatcatgccgcattgcgccgggctgggacggctgatcgcctgtgacctgatcggcatgggcgattcggacaagctcgatccgtcggggcccgagcgttatgcctatgccgagcatcgtgactatctcgacgcgctgtgggaggcgctcgatctcggggacagggttgttctggtcgtgcatgactgggggtccgtcctcggcttcgactgggcccgccgccaccgcgagcgtgtacaggggattgcctatatggaagcggtcgccatgccgctcgaatgggcggattttcccgaacaggatcgcgatctgtttcaggcctttcgctcgcaggcgggcgaagaattggtgttgcaggacaatgtttttgtcgaacaagttctccccggattgatcctgcgccccttaagcgaagcggagatggccgcctatcgcgagcccttcctcgccgccggcgaagcccgtcgaccgaccctgtcttggcctcgccaaatcccgatcgcaggcaccccggccgacgtggtcgcgatcgtccgggactatgccggctggctcagcgaaagcccgattccgaaactcttcatcaacgccgagccgggtcacctgaccacgggccgactgcgcgacttctgccgcacatggccaaaccagaccgaaatcacggtcgcaggcgcccatttcatccaggaggacagtccggacgagattggcgcggcgattgcggcgtttgtcc	run_01	linb10_mis2_Kall_amplicons.fasta											
spht:K426_28865 K01563 haloalkane dehalogenase [EC:3.8.1.5] | (GenBank) haloalkane dehalogenase (N)	Linb_10f_dgp_U_all_gr1	Linb_10r_dgp_U_all_gr1	1	871	871	atgagcctcggcgcaaagccatttggcgagaagaaattcattgagatcaagggccggcgcatggcctatatcgatgaagggaccggcgatccgatcctcttccagcacggcaatccgacgtcgtcctatctgtggcgcaatatcatgccgcattgcgccgggctgggacggctgatcgcctgtgacctgatcggcatgggcgattcggacaagctcgatccgtcggggcccgagcgttatgcctatgccgagcatcgtgactatctcgacgcgctgtgggaggcgctcgatctcggggacagggttgttctggtcgtgcatgactgggggtccgtcctcggcttcgactgggcccgccgccaccgcgagcgtgtacaggggattgcctatatggaagcggtcaccatgccgctcgaatgggcggattttcccgaacaggctcgcgatctgtttcaggcctttcgctcgcaggcgggcgaagaattggtgttgcaggacaatgtttttgtcgaacaagttctccccggattgatcctgcgccccttaagcgaagcggagatggccgcctatcgcgagcccttcctcgccgccggcgaagcccgtcgaccgaccctgtcttggcctcgccaaatcccgatcgcaggcaccccggccgacgtggtcgcgatcgcccgggactatgccggctggctcagcgaaagcccgattccgaaactcttcatcaacgccgagccgggacacctgaccacgggccgaatacgcgacttctgccgcacatggccaaaccagaccgaaatcacggtcgcaggcgcccatttcatccaggaggacagtccggacgagattggcgcggcgattgcggcgtttgtcc	run_01	linb10_mis2_Kall_amplicons.fasta											
spmi:K663_20098 K01563 haloalkane dehalogenase [EC:3.8.1.5] | (GenBank) haloalkane dehalogenase (N)	Linb_10f_dgp_U_all_gr1	Linb_10r_dgp_U_all_gr1	1	871	871	atgagcctcggcgcaaagccatttggcgagaagaaattcattgagatcaagggccggcgcatggcctatatcgatgaagggaccggcgatccgatcctcttccagcacggcaatccgacgtcgtcctatctgtggcgcaatatcatgccgcattgcgccgggctgggacggctgatcgcctgtgacctgatcggcatgggcgattcggacaagctcgatccgtcggggcccgagcgttatgcctatgccgagcatcgtgactatctcgacgcgctgtgggaggcgctcgatctcggggacagggttgttctggtcgtgcatgactgggggtccgccctcggcttcgactgggcccgccgccaccgcgagcgtgtacaggggattgcctatatggaagcgctcgccatgccgctcgaatgggcggattttcccgaacaggctcgcgatctgtttcaggcctttcgctcgcaggcgggcgaagaattggtgttgcaggacaatgtttttgtcgaacaagttctccccggattgatcctgcgccccttaagcgaagcggagatggccgcctatcgcgagcccttcctcgccgccggcgaagcccgtcgaccgaccctgtcttggcctcgccaaatcccgatcgcaggcaccccggccgacgtggtcgcgatcgcccgggactatgccggctggctcagcgaaagcccgattccgaaactcttcatcaacgccgagccgggacacctgaccacgggccgaatgcgcgacttctgccgcacatggccaaaccagaccgaaatcacggtcgcaggcgcccatttcatccaggaggacagtccggacgagattggcgcggcgattgcggcgtttgtcc	run_01	linb10_mis2_Kall_amplicons.fasta											
spmi:K663_22528 K01563 haloalkane dehalogenase [EC:3.8.1.5] | (GenBank) haloalkane dehalogenase (N)	Linb_10f_dgp_U_all_gr1	Linb_10r_dgp_U_all_gr1	1	871	871	atgagcctcggcgcaaagccatttggcgagaagaaattcattgagatcaagggccggcgcatggcctatatcgatgaagggaccggcgatccgatcctcttccagcacggcaatccgacgtcgtcctatctgtggcgcaatatcatgccgcattgcgccgggctgggacggctgatcgcctgtgacctgatcggcatgggcgattcggacaagctcgatccgtcggggcccgagcgttatacctatgccgagcatcgtgactatctcgacgcgctgtgggaggcgctcgatctcggggacagggttgttctggtcgtgcatgactgggggtccgtcctcggcttcgactgggcccgccgccaccgcgagcgtgtacaggggattgcctatatggaagcggtcaccatgccgctcgaatgggcggattttcccgaacaggatcgcgatctgtttcaggcctttcgctcgcaggcgggcgaagaattggtgttgcaggacaatgtttttgtcgaacaagttctccccggattgatcctgcgccccttaagcgaagcggagatggccgcctatcgcgagcccttcctcgccgccggcgaagcccgtcgaccgaccctgtcttggcctcgccaaatcccgatcgcaggcaccccggccgacgtggtcgcgatcgcccgggactatgccggctggctcagcgaaagcccgattccgaaactcttcatcaacgccgagccgggacacctgaccacgggccgaatacgcgacttctgccgcacatggccaaaccagaccgaaatcacggtcgcaggcgcccatttcatccaggaggacagtccggacgagattggcgcggcgattgcggcgtttgtcc	run_01	linb10_mis2_Kall_amplicons.fasta											
spmi:K663_22543 K01563 haloalkane dehalogenase [EC:3.8.1.5] | (GenBank) haloalkane dehalogenase (N)	Linb_10f_dgp_U_all_gr1	Linb_10r_dgp_U_all_gr1	1	871	871	atgagcctcggcgcaaagccatttggcgagaagaaattcattgagatcaagggccggcgcatggcctatatcgatgaagggaccggcgatccgatcctcttccagcacggcaatccgacgtcgtcctatctgtggcgcaatatcatgccgcattgcgccgggctgggacggctgatcgcctgtgacctgatcggcatgggcgattcggacaagctcgatccgtcggggcccgagcgttatacctatgccgagcatcgtgactatctcgacgcgctgtgggaggcgctcgatctcggggacagggttgttctggtcgtgcatgactgggggtccgtcctcggcttcgactgggcccgccgccaccgcgagcgtgtacaggggattgcctatatggaagcggtcaccatgccgctcgaatgggcggattttcccgaacaggatcgcgatctgtttcaggcctttcgctcgcaggcgggcgaagaattggtgttgcaggacaatgtttttgtcgaacaagttctccccggattgatcctgcgccccttaagcgaagcggagatggccgcctatcgcgagcccttcctcgccgccggcgaagcccgtcgaccgaccctgtcttggcctcgccaaatcccgatcgcaggcaccccggccgacgtggtcgcgatcgcccgggactatgccggctggctcagcgaaagcccgattccgaaactcttcatcaacgccgagccgggacacctgaccacgggccgaatacgcgacttctgccgcacatggccaaaccagaccgaaatcacggtcgcaggcgcccatttcatccaggaggacagtccggacgagattggcgcggcgattgcggcgtttgtcc	run_01	linb10_mis2_Kall_amplicons.fasta											
spta:Sj15T_12510 K01563 haloalkane dehalogenase [EC:3.8.1.5] | dhaA_1; (GenBank) haloalkane dehalogenase 3 (N)	Linb_10f_dgp_U_all_gr1	Linb_10r_dgp_U_all_gr1	1	871	871	atgagcctcggcgcaaagccatttggcgagaagaaattcattgagatcaagggccggcgcatggcctatatcgatgaagggaccggcgatccgatcctcttccagcacggcaatccgacgtcgtcctatctgtggcgcaatatcatgccgcattgcgccgggctgggacggctgatcgcctgtgacctgatcggcatgggcgattcggacaagctcgatccgtcggggcccgagcgttatgcctatgccgagcatcgtgactatctcgacgcgctgtgggaggcgctcgatctcggggacagggttgttctggtcgtgcatgactgggggtccgccctcggcttcgactgggcccgccgccaccgcgagcgtgtacaggggattgcctatatggaagcgatcgccatgccgatcgaatgggcggattttcccgaacaggatcgcgatctgtttcaggcctttcgctcgcaggcgggcgaagaattggtgttgcaggacaatgtttttgtcgaacaagttctccccggattgatcctgcgccccttaagcgaagcggagatggccgcctatcgcgagcccttcctcgccgccggcgaagcccgtcgaccgaccctgtcttggcctcgccaaatcccgatcgcaggcaccccggccgacgtggtcgcgatcgcccgggactatgccggctggctcagcgaaagcccgattccgaaactcttcatcaacgccgagccgggagccctgaccacgggccgaatgcgcgacttctgccgcacatggccaaaccagaccgaaatcacggtcgcaggcgcccatttcatccaggaggacagtccggacgagattggcgcggcgattgcggcgtttgtcc	run_01	linb10_mis2_Kall_amplicons.fasta											
spta:Sj15T_33480 K01563 haloalkane dehalogenase [EC:3.8.1.5] | dhaA_2; (GenBank) haloalkane dehalogenase 3 (N)	Linb_10f_dgp_U_all_gr1	Linb_10r_dgp_U_all_gr1	1	871	871	atgagcctcggcgcaaagccatttggcgagaagaaattcattgagatcaagggccggcgcatggcctatatcgatgaagggaccggcgatccgatcctcttccagcacggcaatccgacgtcgtcctatctgtggcgcaatatcatgccgcattgcgccgggctgggacggctgatcgcctgtgacctgatcggcatgggcgattcggacaagctcgatccgtcggggcccgagcgttatgcctatgccgagcatcgtgactatctcgacgcgctgtgggaggcgctcgatctcggggacagggttgttctggtcgtgcatgactgggggtccgccctcggcttcgactgggcccgccgccaccgcgagcgtgtacaggggattgcctatatggaagcgctcgccatgccgatcgaatgggcggattttcccgaacaggatcgcgatctgtttcaggcctttcgctcgcaggcgggcgaagaattggtgttgcaggacaatgtttttgtcgaacaagttctccccggattgatcctgcgccccttaagcgaagcggagatggccgcctatcgcgagcccttcctcgccgccggcgaagcccgtcgaccgaccctgtcttggcctcgccaaatcccgatcgcaggcaccccggccgacgtggtcgcgatcgtccgggactatgccggctggctcagcgaaagcccgattccgaaactcttcatcaacgccgagccgggagccctgaccacgggccgaatgcgcgacttctgccgcacatggccaaaccagaccgaaatcacggtcgcaggcgcccatttcatccaggaggacagtccggacgagattggcgcggcgattgcggcgtttgtcc	run_01	linb10_mis2_Kall_amplicons.fasta											
"ena|baa03443|baa03443.2 sphingobium indicum 1,3,4,6-tetrachloro-1,4-cyclohexadiene hydrolase"	Linb_10f_dgp_U_all_gr1	Linb_10r_dgp_U_all_gr1	1	871	871	atgagcctcggcgcaaagccatttggcgagaagaaattcattgagatcaagggccggcgcatggcctatatcgatgaagggaccggcgatccgatcctcttccagcacggcaatccgacgtcgtcctatctgtggcgcaatatcatgccgcattgcgccgggctgggacggctgatcgcctgtgacctgatcggcatgggcgattcggacaagctcgatccgtcggggcccgagcgttatgcctatgccgagcatcgtgactatctcgacgcgctgtgggaggcgctcgatctcggggacagggttgttctggtcgtgcatgactgggggtccgccctcggcttcgactgggcccgccgccaccgcgagcgtgtacaggggattgcctatatggaagcgatcgccatgccgatcgaatgggcggattttcccgaacaggatcgcgatctgtttcaggcctttcgctcgcaggcgggcgaagaattggtgttgcaggacaatgtttttgtcgaacaagttctccccggattgatcctgcgccccttaagcgaagcggagatggccgcctatcgcgagcccttcctcgccgccggcgaagcccgtcgaccgaccctgtcttggcctcgccaaatcccgatcgcaggcaccccggccgacgtggtcgcgatcgcccgggactatgccggctggctcagcgaaagcccgattccgaaactcttcatcaacgccgagccgggagccctgaccacgggccgaatgcgcgacttctgccgcacatggccaaaccagaccgaaatcacggtcgcaggcgcccatttcatccaggaggacagtccggacgagattggcgcggcgattgcggcgtttgtcc	run_01	linb10_mis2_Uall_amplicons.fasta											
"ena|bai96793|bai96793.1 sphingobium japonicum ut26s 1,3,4,6-tetrachloro-1,4-cyclohexadiene hydrolase linb"	Linb_10f_dgp_U_all_gr1	Linb_10r_dgp_U_all_gr1	1	871	871	atgagcctcggcgcaaagccatttggcgagaagaaattcattgagatcaagggccggcgcatggcctatatcgatgaagggaccggcgatccgatcctcttccagcacggcaatccgacgtcgtcctatctgtggcgcaatatcatgccgcattgcgccgggctgggacggctgatcgcctgtgacctgatcggcatgggcgattcggacaagctcgatccgtcggggcccgagcgttatgcctatgccgagcatcgtgactatctcgacgcgctgtgggaggcgctcgatctcggggacagggttgttctggtcgtgcatgactgggggtccgccctcggcttcgactgggcccgccgccaccgcgagcgtgtacaggggattgcctatatggaagcgatcgccatgccgatcgaatgggcggattttcccgaacaggatcgcgatctgtttcaggcctttcgctcgcaggcgggcgaagaattggtgttgcaggacaatgtttttgtcgaacaagttctccccggattgatcctgcgccccttaagcgaagcggagatggccgcctatcgcgagcccttcctcgccgccggcgaagcccgtcgaccgaccctgtcttggcctcgccaaatcccgatcgcaggcaccccggccgacgtggtcgcgatcgcccgggactatgccggctggctcagcgaaagcccgattccgaaactcttcatcaacgccgagccgggagccctgaccacgggccgaatgcgcgacttctgccgcacatggccaaaccagaccgaaatcacggtcgcaggcgcccatttcatccaggaggacagtccggacgagattggcgcggcgattgcggcgtttgtcc	run_01	linb10_mis2_Uall_amplicons.fasta											
"ena|aan64241|aan64241.1 sphingomonas paucimobilis 1,3,4,6-tetrachloro-1,4-cyclohexadiene hydrolase"	Linb_10f_dgp_U_all_gr1	Linb_10r_dgp_U_all_gr1	1	871	871	atgagcctcggcgcaaagccatttggcgagaagaaattcattgagatcaagggccggcgcatggcctatatcgatgaagggaccggcgatccgatcctcttccagcacggcaatccgacgtcgtcctatctgtggcgcaatatcatgccgcattgcgccgggctgggacggctgatcgcctgtgacctgatcggcatgggcgattcggacaagctcgatccgtcggggcccgagcgttatacctatgccgagcatcgtgactatctcgacgcgctgtgggaggcgctcgatctcggggacagggttgttctggtcgtgcatgactgggggtccgtcctcggcttcgactgggcccgccgccaccgcgagcgtgtacaggggattgcctatatggaagcggtcaccatgccgctcgaatgggcggattttcccgaacaggatcgcgatctgtttcaggcctttcgctcgcaggcgggcgaagaattggtgttgcaggacaatgtttttgtcgaacaagttctccccggattgatcctgcgccccttaagcgaagcggagatggccgcctatcgcgagcccttcctcgccgccggcgaagcccgtcgaccgaccctgtcttggcctcgccaaatcccgatcgcaggcaccccggccgacgtggtcgcgatcgcccgggactatgccggctggctcagcgaaagcccgattccgaaactcttcatcaacgccgagccgggacacctgaccacgggccgaatacgcgacttctgccgcacatggccaaaccagaccgaaatcacggtcgcaggcgcccatttcatccaggaggacagtccggacgagattggcgcggcgattgcggcgtttgtcc	run_01	linb10_mis2_Uall_amplicons.fasta											
ena|apl96138|apl96138.1 sphingobium indicum b90a haloalkane dehalogenase	Linb_10f_dgp_U_all_gr1	Linb_10r_dgp_U_all_gr1	1	871	871	atgagcctcggcgcaaagccatttggcgagaagaaattcattgagatcaagggccggcgcatggcctatatcgatgaagggaccggcgatccgatcctcttccagcacggcaatccgacgtcgtcctatctgtggcgcaatatcatgccgcattgcgccgggctgggacggctgatcgcctgtgacctgatcggcatgggcgattcggacaagctcgatccgtcggggcccgagcgttatacctatgccgagcatcgtgactatctcgacgcgctgtgggaggcgctcgatctcggggacagggttgttctggtcgtgcatgactgggggtccgtcctcggcttcgactgggcccgccgccaccgcgagcgtgtacaggggattgcctatatggaagcggtcaccatgccgctcgaatgggcggattttcccgaacaggatcgcgatctgtttcaggcctttcgctcgcaggcgggcgaagaattggtgttgcaggacaatgtttttgtcgaacaagttctccccggattgatcctgcgccccttaagcgaagcggagatggccgcctatcgcgagcccttcctcgccgccggcgaagcccgtcgaccgaccctgtcttggcctcgccaaatcccgatcgcaggcaccccggccgacgtggtcgcgatcgcccgggactatgccggctggctcagcgaaagcccgattccgaaactcttcatcaacgccgagccgggacacctgaccacgggccgaatacgcgacttctgccgcacatggccaaaccagaccgaaatcacggtcgcaggcgcccatttcatccaggaggacagtccggacgagattggcgcggcgattgcggcgtttgtcc	run_01	linb10_mis2_Uall_amplicons.fasta											
ena|baf80342|baf80342.1 sphingobium sp. ss04-4 haloalkane dehalogenase	Linb_10f_dgp_U_all_gr1	Linb_10r_dgp_U_all_gr1	1	871	871	atgagcctcggcgcaaagccatttggcgagaagaaattcattgagatcaagggccggcgcatggcctatatcgatgaagggaccggcgatccgatcctcttccagcacggcaatccgacgtcgtcctatctgtggcgcaatatcatgccgcattgcgccgggctgggacggctgatcgcctgtgacctgatcggcatgggcgattcggacaagctcgatccgtcggggcccgagcgttatgcctatgccgagcatcgtgactatctcgacgcgctgtgggaggcgctcgatctcggggacagggttgttctggtcgtgcatgactgggggtccgccctcggcttcgactgggcccgccgccaccgcgagcgtgtacaggggattgcctatatggaagcgatcgccatgccgatcgaatgggcggattttcccgaacaggatcgcgatctgtttcaggcctttcgctcgcaggcgggcgaagaattggtgttgcaggacaatgtttttgtcgaacaagttctccccggattgatcctgcgccccttaagcgaagcggagatggccgcctatcgcgagcccttcctcgccgccggcgaagcccgtcgaccgaccctgtcttggcctcgccaaatcccgatcgcaggcaccccggccgacgtggtcgcgatcgcccgggactatgccggctggctcagcgaaagcccgattccgaaactcttcatcaacgccgagccgggagccctgaccacgggccgaatgcgcgacttctgccgcacatggccaaaccagaccgaaatcacggtcgcaggcgcccatttcatccaggaggacagtccggacgagattggcgcggcgattgcggcgtttgtcc	run_01	linb10_mis2_Uall_amplicons.fasta											
ena|baf80336|baf80336.1 sphingobium sp. ss04-2 haloalkane dehalogenase	Linb_10f_dgp_U_all_gr1	Linb_10r_dgp_U_all_gr1	1	871	871	atgagcctcggcgcaaagccatttggcgagaagaaattcattgagatcaagggccggcgcatggcctatatcgatgaagggaccggcgatccgatcctcttccagcacggcaatccgacgtcgtcctatctgtggcgcaatatcatgccgcattgcgccgggctgggacggctgatcgcctgtgacctgatcggcatgggcgattcggacaagctcgatccgtcggggcccgagcgttatgcctatgccgagcatcgtgactatctcgacgcgctgtgggaggcgctcgatctcggggacagggttgttctggtcgtgcatgactgggggtccgccctcggcttcgactgggcccgccgccaccgcgagcgtgtacaggggattgcctatatggaagcgctcgccatgccgatcgaatgggcggattttcccgaacaggatcgcgatctgtttcaggcctttcgctcgcaggcgggcgaagaattggtgttgcaggacaatgtttttgtcgaacaagttctccccggattgatcctgcgccccttaagcgaagcggagatggccgcctatcgcgagcccttcctcgccgccggcgaagcccgtcgaccgaccctgtcttggcctcgccaaatcccgatcgcaggcaccccggccgacgtggtcgcgatcgcccgggactatgccggctggctcagcgaaagcccgattccgaaactcttcatcaacgccgagccgggatccttgaccacgggccgaatacgcgacttctgccgcacatggccaaaccagaccgaaatcacggtcgcaggcgcccatttcatccaggaggacagtccggacgagattggcgcggcgattgcggcgtttgtcc	run_01	linb10_mis2_Uall_amplicons.fasta											
ena|baf80339|baf80339.1 sphingobium sp. ss04-3 haloalkane dehalogenase	Linb_10f_dgp_U_all_gr1	Linb_10r_dgp_U_all_gr1	1	871	871	atgagcctcggcgcaaagccatttggcgagaagaaattcattgagatcaagggccggcgcatggcctatatcgatgaagggaccggcgatccgatcctcttccagcacggcaatccgacgtcgtcctatctgtggcgcaatatcatgccgcattgcgccgggctgggacggctgatcgcctgtgacctgatcggcatgggcgattcggacaagctcgatccgtcggggcccgagcgttatgcctatgccgagcatcgtgactatctcgacgcgctgtgggaggcgctcgatctcggggacagggttgttctggtcgtgcatgactgggggtccgtcctcggcttcgactgggcccgccgccaccgcgagcgtgtacaggggattgcctatatggaagcggtcaccatgccgctcgaatgggcggattttcccgaacaggatcgcgatctgtttcaggcctttcgctcgcaggcgggcgaagaattggtgttgcaggacaatgtttttgtcgaacaagttctccccggattgatcctgcgccccttaagcgaagcggagatggccgcctatcgcgagcccttcctcgccgccggcgaagcccgtcgaccgaccctgtcttggcctcgccaaatcccgatcgcaggcaccccggccgacgtggtcgcgatcgcccgggactatgccggctggctcagcgaaagcccgattccgaaactcttcatcaacgccgagccgggatccttgaccacgggccgaatacgcgacttctgccgcacatggccaaaccagaccgaaatcacggtcgcaggcgcccatttcatccaggaggacagtccggacgagattggcgcggcgattgcggcgtttgtcc	run_01	linb10_mis2_Uall_amplicons.fasta											
ena|baf80345|baf80345.1 sphingobium sp. ss04-5 haloalkane dehalogenase	Linb_10f_dgp_U_all_gr1	Linb_10r_dgp_U_all_gr1	1	871	871	atgagcctcggcgcaaagccatttggcgagaagaaattcattgagatcaagggccggcgcatggcctatatcgatgaagggaccggcgatccgatcctcttccagcacggcaatccgacgtcgtcctatctgtggcgcaatatcatgccgcattgcgccgggctgggacggctgatcgcctgtgacctgatcggcatgggcgattcggacaagctcgatccgtcggggcccgagcgttatacctatcccgagcatcgtgactatctcgacgcgctgtgggaggcgctcgatctcggggacagggttgttctggtcgtgcatgactgggggtccgccctcggcttcgactgggcccgccgccaccgcgagcgtgtacaggggattgcctatatggaagcgctcgccatgccgatcgaatgggcggattttcccgaacaggatcgcgatctgtttcaggcctttcgctcgcaggcgggcgaagaattggtgttgcaggacaatgtttttgtcgaacaagttctccccggattgatcctgcgccccttaagcgaagcggagatggccgcctatcgcgagcccttcctcgccgccggcgaagcccgtcgaccgaccctgtcttggcctcgccaaatcccgatcgcaggcaccccggccgacgtggtcgcgatcgcccgggactatgccggctggctcagcgaaagcccgattccgaaactcttcatcaacgccgagccgggatccctgaccacgggccgaatgcgcgacttctgccgcacatggccaaaccagaccgaaatcacggtcgcaggcgcccatttcatccaggaggacagtccggacgagattggcgcggcgattgcggcgtttgtcc	run_01	linb10_mis2_Uall_amplicons.fasta											
ena|acv91872|acv91872.1 sphingomonas sp. hz-1 haloalkane dehalogenase	Linb_10f_dgp_U_all_gr1	Linb_10r_dgp_U_all_gr1	1	871	871	atgagcctcggcgcaaagccatttggcgagaagaaattcattgagatcaagggccggcgcatggcctatatcgatgaagggaccggcgatccgatcctcttccagcacggcaatccgacgtcgtcctatctgtggcgcaatatcatgccgcattgcgccgggctgggacggctgatcgcctgtgacctgatcggcatgggcgattcggacaagctcgatccgtcggggcccgagcgttatgcctatgccgagcatcgtgactatctcgacgcgctgtgggaggcgctcgatctcggggacagggttgttctggtcgtgcatgactgggggtccgtcctcggcttcgactgggcccgccgccaccgcgagcgtgtacaggggattgcctatatggaagcgatcaccatgccgctcgaatgggcggattttcccgaacaggatcgcgatctgtttcaggcctttcgctcgcaggcgggcgaagaattggtgttgcaggacaatgtttttgtcgaacaagttctccccggattgatcctgcgccccttaagcgaagcggagatggccgcctatcgcgagcccttcctcgccgccggcgaagcccgtcgaccgaccctgtcttggcctcgccaaatcccgatcgcaggcaccccggccgacgtggtcgcgatcgcccgggactatgccggctggctcagcgaaagcccgattccgaaactcttcatcaacgccgagccgggacacctgaccacgggccgaatgcgcgacttctgccgcacatggccaaaccagaccgaaatcacggtcgcaggcgcccatttcatccaggaggacagtccggaggagattggcgcggcgattgcggcgtttgtcc	run_01	linb10_mis2_Uall_amplicons.fasta											
ena|baf80331|baf80331.1 sphingobium indicum haloalkane dehalogenase	Linb_10f_dgp_U_all_gr1	Linb_10r_dgp_U_all_gr1	1	871	871	atgagcctcggcgcaaagccatttggcgagaagaaattcattgagatcaagggccggcgcatggcctatatcgatgaagggaccggcgatccgatcctcttccagcacggcaatccgacgtcgtcctatctgtggcgcaatatcatgccgcattgcgccgggctgggacggctgatcgcctgtgacctgatcggcatgggcgattcggacaagctcgatccgtcggggcccgagcgttatgcctatgccgagcatcgtgactatctcgacgcgctgtgggaggcgctcgatctcggggacagggttgttctggtcgtgcatgactgggggtccgccctcggcttcgactgggcccgccgccaccgcgagcgtgtacaggggattgcctatatggaagcgatcgccatgccgatcgaatgggcggattttcccgaacaggatcgcgatctgtttcaggcctttcgctcgcaggcgggcgaagaattggtgttgcaggacaatgtttttgtcgaacaagttctccccggattgatcctgcgccccttaagcgaagcggagatggccgcctatcgcgagcccttcctcgccgccggcgaagcccgtcgaccgaccctgtcttggcctcgccaaatcccgatcgcaggcaccccggccgacgtggtcgcgatcgcccgggactatgccggctggctcagcgaaagcccgattccgaaactcttcatcaacgccgagccgggagccctgaccacgggccgaatgcgcgacttctgccgcacatggccaaaccagaccgaaatcacggtcgcaggcgcccatttcatccaggaggacagtccggacgagattggcgcggcgattgcggcgtttgtcc	run_01	linb10_mis2_Uall_amplicons.fasta											
ena|aax07227|aax07227.1 sphingomonas paucimobilis haloalkane dehalogenase	Linb_10f_dgp_U_all_gr1	Linb_10r_dgp_U_all_gr1	1	871	871	atgagcctcggcgcaaagccatttggcgagaagaaattcattgagatcaagggccggcgcatggcctatatcgatgaagggaccggcgatccgatcctcttccagcacggcaatccgacgtcgtcctatctgtggcgcaatatcatgccgcattgcgccgggctgggacggctgatcgcctgtgacctgatcggcatgggcgattcggacaagctcgatccgtcggggcccgagcgttatacctatgccgagcatcgtgactatctcgacgcgctgtgggaggcgctcgatctcggggacagggttgttctggtcgtgcatgactgggggtccgccctcggcttcgactgggcccgccgccaccgcgagcgtgtacaggggattgcctatatggaagcgctcgccatgccgatcgaatgggcggattttcccgaacaggatcgcgatctgtttcaggcctttcgctcgcaggcgggcgaagaattggtgttgcaggacaatgtttttgtcgaacaagttctccccggattgatcctgcgccccttaagcgaagcggagatggccgcctatcgcgagcccttcctcgccgccggcgaagcccgtcgaccgaccctgtcttggcctcgccaaatcccgatcgcaggcaccccggccgacgtggtcgcgatcgcccgggactatgccggctggctcagcgaaagcccgattccgaaactcttcatcaacgccgagccgggatccctgaccacgggccgaatgcgcgacttctgccgcacatggccaaaccagaccgaaatcacggtcgcaggcgcccatttcatccaggaggacagtccggacgagattggcgcggcgattgcggcgtttgtcc	run_01	linb10_mis2_Uall_amplicons.fasta											
ena|aar05978|aar05978.1 sphingomonas paucimobilis linb	Linb_10f_dgp_U_all_gr1	Linb_10r_dgp_U_all_gr1	1	871	871	atgagcctcggcgcaaagccatttggcgagaagaaattcattgagatcaagggccggcgcatggcctatatcgatgaagggaccggcgatccgatcctcttccagcacggcaatccgacgtcgtcctatctgtggcgcaatatcatgccgcattgcgccgggctgggacggctgatcgcctgtgacctgatcggcatgggcgattcggacaagctcgatccgtcggggcccgagcgttatacctatgccgagcatcgtgactatctcgacgcgctgtgggaggcgctcgatctcggggacagggttgttctggtcgtgcatgactgggggtccgtcctcggcttcgactgggcccgccgccaccgcgagcgtgtacaggggattgcctatatggaagcggtcaccatgccgctcgaatgggcggattttcccgaacaggatcgcgatctgtttcaggcctttcgctcgcaggcgggcgaagaattggtgttgcaggacaatgtttttgtcgaacaagttctccccggattgatcctgcgccccttaagcgaagcggagatggccgcctatcgcgagcccttcctcgccgccggcgaagcccgtcgaccgaccctgtcttggcctcgccaaatcccgatcgcaggcaccccggccgacgtggtcgcgatcgcccgggactatgccggctggctcagcgaaagcccgattccgaaactcttcatcaacgccgagccgggacacctgaccacgggccgaatacgcgacttctgccgcacatggccaaaccagaccgaaatcacggtcgcaggcgcccatttcatccaggaggacagtccggacgagattggcgcggcgattgcggcgtttgtcc	run_01	linb10_mis2_Uall_amplicons.fasta											
ena|baf80333|baf80333.1 sphingobium sp. ss04-1 haloalkane dehalogenase	Linb_10f_dgp_U_all_gr1	Linb_10r_dgp_U_all_gr1	1	871	871	atgagcctcggcgcaaagccatttggcgagaagaaattcattgagatcaagggccggcgcatggcctatatcgatgaagggaccggcgatccgatcctcttccagcacggcaatccgacgtcgtcctatctgtggcgcaatatcatgccgcattgcgccgggctgggacggctgatcgcctgtgacctgatcggcatgggcgattcggacaagctcgatccgtcggggcccgagcgttatgcctatgccgagcatcgtgactatctcgacgcgctgtgggaggcgctcgatctcggggacagggttgttctggtcgtgcatgactgggggtccgtcctcggcttcgactgggcccgccgccaccgcgagcgtgtacaggggattgcctatatggaagcgctcgccatgccgatcgaatgggcggattttcccgaacaggatcgcgatctgtttcaggcctttcgctcgcaggcgggcgaagaattggtgttgcaggacaatgtttttgtcgaacaagttctccccggattgatcctgcgccccttaagcgaagcggagatggccgcctatcgcgagcccttcctcgccgccggcgaagcccgtcgaccgaccctgtcttggcctcgccaaatcccgatcgcaggcaccccggccgacgtggtcgcgatcgcccgggactatgccggctggctcagcgaaagcccgattccgaaactcttcatcaacgccgagccgggatccttgaccacgggccgaatacgcgacttctgccgcacatggccaaaccagaccgaaatcacggtcgcaggcgcccatttcatccaggaggacagtccggacgagattggcgcggcgattgcggcgtttgtcc	run_01	linb10_mis2_Uall_amplicons.fasta											
ena|amk20862|amk20862.1 sphingobium sp. mi1205 haloalkane dehalogenase	Linb_10f_dgp_U_all_gr1	Linb_10r_dgp_U_all_gr1	1	871	871	atgagcctcggcgcaaagccatttggcgagaagaaattcattgagatcaagggccggcgcatggcctatatcgatgaagggaccggcgatccgatcctcttccagcacggcaatccgacgtcgtcctatctgtggcgcaatatcatgccgcattgcgccgggctgggacggctgatcgcctgtgacctgatcggcatgggcgattcggacaagctcgatccgtcggggcccgagcgttatacctatgccgagcatcgtgactatctcgacgcgctgtgggaggcgctcgatctcggggacagggttgttctggtcgtgcatgactgggggtccgtcctcggcttcgactgggcccgccgccaccgcgagcgtgtacaggggattgcctatatggaagcggtcaccatgccgctcgaatgggcggattttcccgaacaggatcgcgatctgtttcaggcctttcgctcgcaggcgggcgaagaattggtgttgcaggacaatgtttttgtcgaacaagttctccccggattgatcctgcgccccttaagcgaagcggagatggccgcctatcgcgagcccttcctcgccgccggcgaagcccgtcgaccgaccctgtcttggcctcgccaaatcccgatcgcaggcaccccggccgacgtggtcgcgatcgcccgggactatgccggctggctcagcgaaagcccgattccgaaactcttcatcaacgccgagccgggacacctgaccacgggccgaatacgcgacttctgccgcacatggccaaaccagaccgaaatcacggtcgcaggcgcccatttcatccaggaggacagtccggacgagattggcgcggcgattgcggcgtttgtcc	run_01	linb10_mis2_Uall_amplicons.fasta											
ena|amk20865|amk20865.1 sphingobium sp. mi1205 haloalkane dehalogenase	Linb_10f_dgp_U_all_gr1	Linb_10r_dgp_U_all_gr1	1	871	871	atgagcctcggcgcaaagccatttggcgagaagaaattcattgagatcaagggccggcgcatggcctatatcgatgaagggaccggcgatccgatcctcttccagcacggcaatccgacgtcgtcctatctgtggcgcaatatcatgccgcattgcgccgggctgggacggctgatcgcctgtgacctgatcggcatgggcgattcggacaagctcgatccgtcggggcccgagcgttatacctatgccgagcatcgtgactatctcgacgcgctgtgggaggcgctcgatctcggggacagggttgttctggtcgtgcatgactgggggtccgtcctcggcttcgactgggcccgccgccaccgcgagcgtgtacaggggattgcctatatggaagcggtcaccatgccgctcgaatgggcggattttcccgaacaggatcgcgatctgtttcaggcctttcgctcgcaggcgggcgaagaattggtgttgcaggacaatgtttttgtcgaacaagttctccccggattgatcctgcgccccttaagcgaagcggagatggccgcctatcgcgagcccttcctcgccgccggcgaagcccgtcgaccgaccctgtcttggcctcgccaaatcccgatcgcaggcaccccggccgacgtggtcgcgatcgcccgggactatgccggctggctcagcgaaagcccgattccgaaactcttcatcaacgccgagccgggacacctgaccacgggccgaatacgcgacttctgccgcacatggccaaaccagaccgaaatcacggtcgcaggcgcccatttcatccaggaggacagtccggacgagattggcgcggcgattgcggcgtttgtcc	run_01	linb10_mis2_Uall_amplicons.fasta											
ena|baf56671|baf56671.1 sphingobium sp. mi1205 haloalkane dehalogenase	Linb_10f_dgp_U_all_gr1	Linb_10r_dgp_U_all_gr1	1	871	871	atgagcctcggcgcaaagccatttggcgagaagaaattcattgagatcaagggccggcgcatggcctatatcgatgaagggaccggcgatccgatcctcttccagcacggcaatccgacgtcgtcctatctgtggcgcaatatcatgccgcattgcgccgggctgggacggctgatcgcctgtgacctgatcggcatgggcgattcggacaagctcgatccgtcggggcccgagcgttatacctatgccgagcatcgtgactatctcgacgcgctgtgggaggcgctcgatctcggggacagggttgttctggtcgtgcatgactgggggtccgtcctcggcttcgactgggcccgccgccaccgcgagcgtgtacaggggattgcctatatggaagcggtcaccatgccgctcgaatgggcggattttcccgaacaggatcgcgatctgtttcaggcctttcgctcgcaggcgggcgaagaattggtgttgcaggacaatgtttttgtcgaacaagttctccccggattgatcctgcgccccttaagcgaagcggagatggccgcctatcgcgagcccttcctcgccgccggcgaagcccgtcgaccgaccctgtcttggcctcgccaaatcccgatcgcaggcaccccggccgacgtggtcgcgatcgcccgggactatgccggctggctcagcgaaagcccgattccgaaactcttcatcaacgccgagccgggacacctgaccacgggccgaatacgcgacttctgccgcacatggccaaaccagaccgaaatcacggtcgcaggcgcccatttcatccaggaggacagtccggacgagattggcgcggcgattgcggcgtttgtcc	run_01	linb10_mis2_Uall_amplicons.fasta											
ena|baf56673|baf56673.1 sphingobium sp. mi1205 haloalkane dehalogenase	Linb_10f_dgp_U_all_gr1	Linb_10r_dgp_U_all_gr1	1	871	871	atgagcctcggcgcaaagccatttggcgagaagaaattcattgagatcaagggccggcgcatggcctatatcgatgaagggaccggcgatccgatcctcttccagcacggcaatccgacgtcgtcctatctgtggcgcaatatcatgccgcattgcgccgggctgggacggctgatcgcctgtgacctgatcggcatgggcgattcggacaagctcgatccgtcggggcccgagcgttatacctatgccgagcatcgtgactatctcgacgcgctgtgggaggcgctcgatctcggggacagggttgttctggtcgtgcatgactgggggtccgtcctcggcttcgactgggcccgccgccaccgcgagcgtgtacaggggattgcctatatggaagcggtcaccatgccgctcgaatgggcggattttcccgaacaggatcgcgatctgtttcaggcctttcgctcgcaggcgggcgaagaattggtgttgcaggacaatgtttttgtcgaacaagttctccccggattgatcctgcgccccttaagcgaagcggagatggccgcctatcgcgagcccttcctcgccgccggcgaagcccgtcgaccgaccctgtcttggcctcgccaaatcccgatcgcaggcaccccggccgacgtggtcgcgatcgcccgggactatgccggctggctcagcgaaagcccgattccgaaactcttcatcaacgccgagccgggacacctgaccacgggccgaatacgcgacttctgccgcacatggccaaaccagaccgaaatcacggtcgcaggcgcccatttcatccaggaggacagtccggacgagattggcgcggcgattgcggcgtttgtcc	run_01	linb10_mis2_Uall_amplicons.fasta											
ena|aeb96581|aeb96581.1 uncultured organism haloalkane dehalogenase linb	Linb_10f_dgp_U_all_gr1	Linb_10r_dgp_U_all_gr1	1	871	871	atgagcctcggcgcaaagccatttggcgagaagaaattcattgagatcaagggccggcgcatggcctatatcgatgaagggaccggcgatccgatcctcttccagcacggcaatccgacgtcgtcctatctgtggcgcaatatcatgccgcattgcgccgggctgggacggctgatcgcctgtgacctgatcggcatgggcgattcggacaagctcgatccgtcggggcccgagcgttatgcctatgccgagcatcgtgactatctcgacgcgctgtgggaggcgctcgatctcggggacagggttgttctggtcgtgcatgactgggggtccgtcctcggcttcgactgggcccgccgccaccgcgagcgtgtacaggggattgcctatatggaagcggtcaccatgccgctcgaatgggcggattttcccgaacaggctcgcgatctgtttcaggcctttcgctcgcaggcgggcgaagaattggtgttgcaggacaatgtttttgtcgaacaagttctccccggattgatcctgcgccccttaagcgaagcggagatggccgcctatcgcgagcccttcctcgccgccggcgaagcccgtcgaccgaccctgtcttggcctcgccaaatcccgatcgcaggcaccccggccgacgtggtcgcgatcgcccgggactatgccggctggctcagcgaaagcccgattccgaaactcttcatcaacgccgagccgggacacctgaccacgggccgaatacgcgacttctgccgcacatggccaaaccagaccgaaatcacggtcgcaggcgcccatttcatccaggaggacagtccggacgagattggcgcggcgattgcggcgtttgtcc	run_01	linb10_mis2_Uall_amplicons.fasta											
ena|aeb96582|aeb96582.1 uncultured organism haloalkane dehalogenase linb	Linb_10f_dgp_U_all_gr1	Linb_10r_dgp_U_all_gr1	1	871	871	atgagcctcggcgcaaagccatttggcgagaagaaattcattgagatcaagggccggcgcatggcctatatcgatgaagggaccggcgatccgatcctcttccagcacggcaatccgacgtcgtcctatctgtggcgcaatatcatgccgcattgcgccgggctgggacggctgatcgcctgtgacctgatcggcatgggcgattcggacaagctcgatccgtcggggcccgagcgttatgcctatgccgagcatcgtgactatctcgacgcgctgtgggaggcgctcgatctcggggacagggttgttctggtcgtgcatgactgggggtccgtcctcggcttcgactgggcccgccgccaccgcgagcgtgtacaggggattgcctatatggaagcggtcaccatgccgctcgaatgggcggattttcccgaacaggatcgcgatctgtttcaggcctttcgctcgcaggcgggcgaagaattggtgttgcaggacaatgtttttgtcgaacaagttctccccggattgatcctgcgccccttaagcgaagcggagatggccgcctatcgcgagcccttcctcgccgccggcgaagcccgtcgaccgaccctgtcttggcctcgccaaatcccgatcgcaggcaccccggccgacgtggtcgcgatcgcccgggactatgccggctggctcagcgaaagcccgattccgaaactcttcatcaacgccgagccgggtcacctgaccacgggccgactgcgcgacttctgccgcacatggccaaaccagaccgaaatcacggtcgcaggcgcccatttcatccaggaggacagtccggacgagattggcgcggcgattgcggcgtttgtcc	run_01	linb10_mis2_Uall_amplicons.fasta											
ena|aeb96580|aeb96580.1 uncultured organism haloalkane dehalogenase linb	Linb_10f_dgp_U_all_gr1	Linb_10r_dgp_U_all_gr1	1	871	871	atgagcctcggcgcaaagccatttggcgagaagaaattcattgagatcaagggccggcgcatggcctatatcgatgaagggaccggcgatccgatcctcttccagcacggcaatccgacgtcgtcctatctgtggcgcaatatcatgccgcattgcgccgggctgggacggctgatcgcctgtgacctgatcggcatgggcgattcggacaagctcgatccgtcggggcccgagcgttatgcctatgccgagcatcgtgactatctcgacgcgctgtgggaggcgctcgatctcggggacagggttgttctggtcgtgcatgactgggggtccgtcctcggcttcgactgggcccgccgccaccgcgagcgtgtacaggggattgcctatatggaagcggtcaccatgccgctcgaatgggcggattttcccgaacaggatcgcgatctgtttcaggcctttcgctcgcaggcgggcgaagaattggtgttgcaggacaatgtttttgtcgaacaagttctccccggattgatcctgcgccccttaagcgaagcggagatggccgcctatcgcgagcccttcctcgccgccggcgaagcccgtcgaccgaccctgtcttggcctcgccaaatcccgatcgcaggcaccccggccgacgtggtcgcgatcgcccgggactatgccggctggctcagcgaaagcccgattccgaaactcttcatcaacgccgagccgggacacctgaccacgggccgaatacgcgacttctgccgcacatggccaaaccagaccgaaatcacggtcgcaggcgcccatttcatccaggaggacagtccggacgagattggcgcggcgattgcggcgtttgtcc	run_01	linb10_mis2_Uall_amplicons.fasta											
ena|aeb96583|aeb96583.1 uncultured organism haloalkane dehalogenase linb	Linb_10f_dgp_U_all_gr1	Linb_10r_dgp_U_all_gr1	1	871	871	atgagcctcggcgcaaagccatttggcgagaagaaattcattgagatcaagggccggcgcatggcctatatcgatgaagggaccggcgatccgatcctcttccagcacggcaatccgacgtcgtcctatctgtggcgcaatatcatgccgcattgcgccgggctgggacggctgatcgcctgtgacctgatcggcatgggcgattcggacaagctcgatccgtcggggcccgagcgttatgcctatgccgagcatcgtgactatctcgacgcgctgtgggaggcgctcgatctcggggacagggttgttctggtcgtgcatgactgggggtccgtcctcggcttcgactgggcccgccgccaccgcgagcgtgtacaggggattgcctatatggaagcggtcaccatgccgctcgaatgggcggattttcccgaacaggctcgcgatctgtttcaggcctttcgctcgcaggcgggcgaagaattggtgttgcaggacaatgtttttgtcgaacaagttctccccggattgatcctgcgccccttaagcgaagcggagatggccgcctatcgcgagcccttcctcgccgccggcgaagcccgtcgaccgaccctgtcttggcctcgccaaatcccgatcgcaggcaccccggccgacgtggtcgcgatcgcccgggactatgccggctggctcagcgaaagcccgattccgaaactcttcatcaacgccgagccgggacacctgaccacgggccgattgcgcgacttctgccgcacatggccaaaccagaccgaaatcacggtcgcaggcgcccatttcatccaggaggacagtccggacgagattggcgcggcgattgcggcgtttgtcc	run_01	linb10_mis2_Uall_amplicons.fasta											
"ena|baa03443|baa03443.2 sphingobium indicum 1,3,4,6-tetrachloro-1,4-cyclohexadiene hydrolase"	linb_10f_dgp_u_all_gr1	linb_10r_dgp_u_all_gr1	1	871	871	atgagcctcggcgcaaagccatttggcgagaagaaattcattgagatcaagggccggcgcatggcctatatcgatgaagggaccggcgatccgatcctcttccagcacggcaatccgacgtcgtcctatctgtggcgcaatatcatgccgcattgcgccgggctgggacggctgatcgcctgtgacctgatcggcatgggcgattcggacaagctcgatccgtcggggcccgagcgttatgcctatgccgagcatcgtgactatctcgacgcgctgtgggaggcgctcgatctcggggacagggttgttctggtcgtgcatgactgggggtccgccctcggcttcgactgggcccgccgccaccgcgagcgtgtacaggggattgcctatatggaagcgatcgccatgccgatcgaatgggcggattttcccgaacaggatcgcgatctgtttcaggcctttcgctcgcaggcgggcgaagaattggtgttgcaggacaatgtttttgtcgaacaagttctccccggattgatcctgcgccccttaagcgaagcggagatggccgcctatcgcgagcccttcctcgccgccggcgaagcccgtcgaccgaccctgtcttggcctcgccaaatcccgatcgcaggcaccccggccgacgtggtcgcgatcgcccgggactatgccggctggctcagcgaaagcccgattccgaaactcttcatcaacgccgagccgggagccctgaccacgggccgaatgcgcgacttctgccgcacatggccaaaccagaccgaaatcacggtcgcaggcgcccatttcatccaggaggacagtccggacgagattggcgcggcgattgcggcgtttgtcc	1	linb10_mis2_Uall_amplicons.fasta											
"ena|bai96793|bai96793.1 sphingobium japonicum ut26s 1,3,4,6-tetrachloro-1,4-cyclohexadiene hydrolase linb"	linb_10f_dgp_u_all_gr1	linb_10r_dgp_u_all_gr1	1	871	871	atgagcctcggcgcaaagccatttggcgagaagaaattcattgagatcaagggccggcgcatggcctatatcgatgaagggaccggcgatccgatcctcttccagcacggcaatccgacgtcgtcctatctgtggcgcaatatcatgccgcattgcgccgggctgggacggctgatcgcctgtgacctgatcggcatgggcgattcggacaagctcgatccgtcggggcccgagcgttatgcctatgccgagcatcgtgactatctcgacgcgctgtgggaggcgctcgatctcggggacagggttgttctggtcgtgcatgactgggggtccgccctcggcttcgactgggcccgccgccaccgcgagcgtgtacaggggattgcctatatggaagcgatcgccatgccgatcgaatgggcggattttcccgaacaggatcgcgatctgtttcaggcctttcgctcgcaggcgggcgaagaattggtgttgcaggacaatgtttttgtcgaacaagttctccccggattgatcctgcgccccttaagcgaagcggagatggccgcctatcgcgagcccttcctcgccgccggcgaagcccgtcgaccgaccctgtcttggcctcgccaaatcccgatcgcaggcaccccggccgacgtggtcgcgatcgcccgggactatgccggctggctcagcgaaagcccgattccgaaactcttcatcaacgccgagccgggagccctgaccacgggccgaatgcgcgacttctgccgcacatggccaaaccagaccgaaatcacggtcgcaggcgcccatttcatccaggaggacagtccggacgagattggcgcggcgattgcggcgtttgtcc	1	linb10_mis2_Uall_amplicons.fasta											
"ena|aan64241|aan64241.1 sphingomonas paucimobilis 1,3,4,6-tetrachloro-1,4-cyclohexadiene hydrolase"	linb_10f_dgp_u_all_gr1	linb_10r_dgp_u_all_gr1	1	871	871	atgagcctcggcgcaaagccatttggcgagaagaaattcattgagatcaagggccggcgcatggcctatatcgatgaagggaccggcgatccgatcctcttccagcacggcaatccgacgtcgtcctatctgtggcgcaatatcatgccgcattgcgccgggctgggacggctgatcgcctgtgacctgatcggcatgggcgattcggacaagctcgatccgtcggggcccgagcgttatacctatgccgagcatcgtgactatctcgacgcgctgtgggaggcgctcgatctcggggacagggttgttctggtcgtgcatgactgggggtccgtcctcggcttcgactgggcccgccgccaccgcgagcgtgtacaggggattgcctatatggaagcggtcaccatgccgctcgaatgggcggattttcccgaacaggatcgcgatctgtttcaggcctttcgctcgcaggcgggcgaagaattggtgttgcaggacaatgtttttgtcgaacaagttctccccggattgatcctgcgccccttaagcgaagcggagatggccgcctatcgcgagcccttcctcgccgccggcgaagcccgtcgaccgaccctgtcttggcctcgccaaatcccgatcgcaggcaccccggccgacgtggtcgcgatcgcccgggactatgccggctggctcagcgaaagcccgattccgaaactcttcatcaacgccgagccgggacacctgaccacgggccgaatacgcgacttctgccgcacatggccaaaccagaccgaaatcacggtcgcaggcgcccatttcatccaggaggacagtccggacgagattggcgcggcgattgcggcgtttgtcc	1	linb10_mis2_Uall_amplicons.fasta											
ena|apl96138|apl96138.1 sphingobium indicum b90a haloalkane dehalogenase	linb_10f_dgp_u_all_gr1	linb_10r_dgp_u_all_gr1	1	871	871	atgagcctcggcgcaaagccatttggcgagaagaaattcattgagatcaagggccggcgcatggcctatatcgatgaagggaccggcgatccgatcctcttccagcacggcaatccgacgtcgtcctatctgtggcgcaatatcatgccgcattgcgccgggctgggacggctgatcgcctgtgacctgatcggcatgggcgattcggacaagctcgatccgtcggggcccgagcgttatacctatgccgagcatcgtgactatctcgacgcgctgtgggaggcgctcgatctcggggacagggttgttctggtcgtgcatgactgggggtccgtcctcggcttcgactgggcccgccgccaccgcgagcgtgtacaggggattgcctatatggaagcggtcaccatgccgctcgaatgggcggattttcccgaacaggatcgcgatctgtttcaggcctttcgctcgcaggcgggcgaagaattggtgttgcaggacaatgtttttgtcgaacaagttctccccggattgatcctgcgccccttaagcgaagcggagatggccgcctatcgcgagcccttcctcgccgccggcgaagcccgtcgaccgaccctgtcttggcctcgccaaatcccgatcgcaggcaccccggccgacgtggtcgcgatcgcccgggactatgccggctggctcagcgaaagcccgattccgaaactcttcatcaacgccgagccgggacacctgaccacgggccgaatacgcgacttctgccgcacatggccaaaccagaccgaaatcacggtcgcaggcgcccatttcatccaggaggacagtccggacgagattggcgcggcgattgcggcgtttgtcc	1	linb10_mis2_Uall_amplicons.fasta											
ena|baf80342|baf80342.1 sphingobium sp. ss04-4 haloalkane dehalogenase	linb_10f_dgp_u_all_gr1	linb_10r_dgp_u_all_gr1	1	871	871	atgagcctcggcgcaaagccatttggcgagaagaaattcattgagatcaagggccggcgcatggcctatatcgatgaagggaccggcgatccgatcctcttccagcacggcaatccgacgtcgtcctatctgtggcgcaatatcatgccgcattgcgccgggctgggacggctgatcgcctgtgacctgatcggcatgggcgattcggacaagctcgatccgtcggggcccgagcgttatgcctatgccgagcatcgtgactatctcgacgcgctgtgggaggcgctcgatctcggggacagggttgttctggtcgtgcatgactgggggtccgccctcggcttcgactgggcccgccgccaccgcgagcgtgtacaggggattgcctatatggaagcgatcgccatgccgatcgaatgggcggattttcccgaacaggatcgcgatctgtttcaggcctttcgctcgcaggcgggcgaagaattggtgttgcaggacaatgtttttgtcgaacaagttctccccggattgatcctgcgccccttaagcgaagcggagatggccgcctatcgcgagcccttcctcgccgccggcgaagcccgtcgaccgaccctgtcttggcctcgccaaatcccgatcgcaggcaccccggccgacgtggtcgcgatcgcccgggactatgccggctggctcagcgaaagcccgattccgaaactcttcatcaacgccgagccgggagccctgaccacgggccgaatgcgcgacttctgccgcacatggccaaaccagaccgaaatcacggtcgcaggcgcccatttcatccaggaggacagtccggacgagattggcgcggcgattgcggcgtttgtcc	1	linb10_mis2_Uall_amplicons.fasta											
ena|baf80336|baf80336.1 sphingobium sp. ss04-2 haloalkane dehalogenase	linb_10f_dgp_u_all_gr1	linb_10r_dgp_u_all_gr1	1	871	871	atgagcctcggcgcaaagccatttggcgagaagaaattcattgagatcaagggccggcgcatggcctatatcgatgaagggaccggcgatccgatcctcttccagcacggcaatccgacgtcgtcctatctgtggcgcaatatcatgccgcattgcgccgggctgggacggctgatcgcctgtgacctgatcggcatgggcgattcggacaagctcgatccgtcggggcccgagcgttatgcctatgccgagcatcgtgactatctcgacgcgctgtgggaggcgctcgatctcggggacagggttgttctggtcgtgcatgactgggggtccgccctcggcttcgactgggcccgccgccaccgcgagcgtgtacaggggattgcctatatggaagcgctcgccatgccgatcgaatgggcggattttcccgaacaggatcgcgatctgtttcaggcctttcgctcgcaggcgggcgaagaattggtgttgcaggacaatgtttttgtcgaacaagttctccccggattgatcctgcgccccttaagcgaagcggagatggccgcctatcgcgagcccttcctcgccgccggcgaagcccgtcgaccgaccctgtcttggcctcgccaaatcccgatcgcaggcaccccggccgacgtggtcgcgatcgcccgggactatgccggctggctcagcgaaagcccgattccgaaactcttcatcaacgccgagccgggatccttgaccacgggccgaatacgcgacttctgccgcacatggccaaaccagaccgaaatcacggtcgcaggcgcccatttcatccaggaggacagtccggacgagattggcgcggcgattgcggcgtttgtcc	1	linb10_mis2_Uall_amplicons.fasta											
ena|baf80339|baf80339.1 sphingobium sp. ss04-3 haloalkane dehalogenase	linb_10f_dgp_u_all_gr1	linb_10r_dgp_u_all_gr1	1	871	871	atgagcctcggcgcaaagccatttggcgagaagaaattcattgagatcaagggccggcgcatggcctatatcgatgaagggaccggcgatccgatcctcttccagcacggcaatccgacgtcgtcctatctgtggcgcaatatcatgccgcattgcgccgggctgggacggctgatcgcctgtgacctgatcggcatgggcgattcggacaagctcgatccgtcggggcccgagcgttatgcctatgccgagcatcgtgactatctcgacgcgctgtgggaggcgctcgatctcggggacagggttgttctggtcgtgcatgactgggggtccgtcctcggcttcgactgggcccgccgccaccgcgagcgtgtacaggggattgcctatatggaagcggtcaccatgccgctcgaatgggcggattttcccgaacaggatcgcgatctgtttcaggcctttcgctcgcaggcgggcgaagaattggtgttgcaggacaatgtttttgtcgaacaagttctccccggattgatcctgcgccccttaagcgaagcggagatggccgcctatcgcgagcccttcctcgccgccggcgaagcccgtcgaccgaccctgtcttggcctcgccaaatcccgatcgcaggcaccccggccgacgtggtcgcgatcgcccgggactatgccggctggctcagcgaaagcccgattccgaaactcttcatcaacgccgagccgggatccttgaccacgggccgaatacgcgacttctgccgcacatggccaaaccagaccgaaatcacggtcgcaggcgcccatttcatccaggaggacagtccggacgagattggcgcggcgattgcggcgtttgtcc	1	linb10_mis2_Uall_amplicons.fasta											
ena|baf80345|baf80345.1 sphingobium sp. ss04-5 haloalkane dehalogenase	linb_10f_dgp_u_all_gr1	linb_10r_dgp_u_all_gr1	1	871	871	atgagcctcggcgcaaagccatttggcgagaagaaattcattgagatcaagggccggcgcatggcctatatcgatgaagggaccggcgatccgatcctcttccagcacggcaatccgacgtcgtcctatctgtggcgcaatatcatgccgcattgcgccgggctgggacggctgatcgcctgtgacctgatcggcatgggcgattcggacaagctcgatccgtcggggcccgagcgttatacctatcccgagcatcgtgactatctcgacgcgctgtgggaggcgctcgatctcggggacagggttgttctggtcgtgcatgactgggggtccgccctcggcttcgactgggcccgccgccaccgcgagcgtgtacaggggattgcctatatggaagcgctcgccatgccgatcgaatgggcggattttcccgaacaggatcgcgatctgtttcaggcctttcgctcgcaggcgggcgaagaattggtgttgcaggacaatgtttttgtcgaacaagttctccccggattgatcctgcgccccttaagcgaagcggagatggccgcctatcgcgagcccttcctcgccgccggcgaagcccgtcgaccgaccctgtcttggcctcgccaaatcccgatcgcaggcaccccggccgacgtggtcgcgatcgcccgggactatgccggctggctcagcgaaagcccgattccgaaactcttcatcaacgccgagccgggatccctgaccacgggccgaatgcgcgacttctgccgcacatggccaaaccagaccgaaatcacggtcgcaggcgcccatttcatccaggaggacagtccggacgagattggcgcggcgattgcggcgtttgtcc	1	linb10_mis2_Uall_amplicons.fasta											
ena|acv91872|acv91872.1 sphingomonas sp. hz-1 haloalkane dehalogenase	linb_10f_dgp_u_all_gr1	linb_10r_dgp_u_all_gr1	1	871	871	atgagcctcggcgcaaagccatttggcgagaagaaattcattgagatcaagggccggcgcatggcctatatcgatgaagggaccggcgatccgatcctcttccagcacggcaatccgacgtcgtcctatctgtggcgcaatatcatgccgcattgcgccgggctgggacggctgatcgcctgtgacctgatcggcatgggcgattcggacaagctcgatccgtcggggcccgagcgttatgcctatgccgagcatcgtgactatctcgacgcgctgtgggaggcgctcgatctcggggacagggttgttctggtcgtgcatgactgggggtccgtcctcggcttcgactgggcccgccgccaccgcgagcgtgtacaggggattgcctatatggaagcgatcaccatgccgctcgaatgggcggattttcccgaacaggatcgcgatctgtttcaggcctttcgctcgcaggcgggcgaagaattggtgttgcaggacaatgtttttgtcgaacaagttctccccggattgatcctgcgccccttaagcgaagcggagatggccgcctatcgcgagcccttcctcgccgccggcgaagcccgtcgaccgaccctgtcttggcctcgccaaatcccgatcgcaggcaccccggccgacgtggtcgcgatcgcccgggactatgccggctggctcagcgaaagcccgattccgaaactcttcatcaacgccgagccgggacacctgaccacgggccgaatgcgcgacttctgccgcacatggccaaaccagaccgaaatcacggtcgcaggcgcccatttcatccaggaggacagtccggaggagattggcgcggcgattgcggcgtttgtcc	1	linb10_mis2_Uall_amplicons.fasta											
ena|baf80331|baf80331.1 sphingobium indicum haloalkane dehalogenase	linb_10f_dgp_u_all_gr1	linb_10r_dgp_u_all_gr1	1	871	871	atgagcctcggcgcaaagccatttggcgagaagaaattcattgagatcaagggccggcgcatggcctatatcgatgaagggaccggcgatccgatcctcttccagcacggcaatccgacgtcgtcctatctgtggcgcaatatcatgccgcattgcgccgggctgggacggctgatcgcctgtgacctgatcggcatgggcgattcggacaagctcgatccgtcggggcccgagcgttatgcctatgccgagcatcgtgactatctcgacgcgctgtgggaggcgctcgatctcggggacagggttgttctggtcgtgcatgactgggggtccgccctcggcttcgactgggcccgccgccaccgcgagcgtgtacaggggattgcctatatggaagcgatcgccatgccgatcgaatgggcggattttcccgaacaggatcgcgatctgtttcaggcctttcgctcgcaggcgggcgaagaattggtgttgcaggacaatgtttttgtcgaacaagttctccccggattgatcctgcgccccttaagcgaagcggagatggccgcctatcgcgagcccttcctcgccgccggcgaagcccgtcgaccgaccctgtcttggcctcgccaaatcccgatcgcaggcaccccggccgacgtggtcgcgatcgcccgggactatgccggctggctcagcgaaagcccgattccgaaactcttcatcaacgccgagccgggagccctgaccacgggccgaatgcgcgacttctgccgcacatggccaaaccagaccgaaatcacggtcgcaggcgcccatttcatccaggaggacagtccggacgagattggcgcggcgattgcggcgtttgtcc	1	linb10_mis2_Uall_amplicons.fasta											
ena|aax07227|aax07227.1 sphingomonas paucimobilis haloalkane dehalogenase	linb_10f_dgp_u_all_gr1	linb_10r_dgp_u_all_gr1	1	871	871	atgagcctcggcgcaaagccatttggcgagaagaaattcattgagatcaagggccggcgcatggcctatatcgatgaagggaccggcgatccgatcctcttccagcacggcaatccgacgtcgtcctatctgtggcgcaatatcatgccgcattgcgccgggctgggacggctgatcgcctgtgacctgatcggcatgggcgattcggacaagctcgatccgtcggggcccgagcgttatacctatgccgagcatcgtgactatctcgacgcgctgtgggaggcgctcgatctcggggacagggttgttctggtcgtgcatgactgggggtccgccctcggcttcgactgggcccgccgccaccgcgagcgtgtacaggggattgcctatatggaagcgctcgccatgccgatcgaatgggcggattttcccgaacaggatcgcgatctgtttcaggcctttcgctcgcaggcgggcgaagaattggtgttgcaggacaatgtttttgtcgaacaagttctccccggattgatcctgcgccccttaagcgaagcggagatggccgcctatcgcgagcccttcctcgccgccggcgaagcccgtcgaccgaccctgtcttggcctcgccaaatcccgatcgcaggcaccccggccgacgtggtcgcgatcgcccgggactatgccggctggctcagcgaaagcccgattccgaaactcttcatcaacgccgagccgggatccctgaccacgggccgaatgcgcgacttctgccgcacatggccaaaccagaccgaaatcacggtcgcaggcgcccatttcatccaggaggacagtccggacgagattggcgcggcgattgcggcgtttgtcc	1	linb10_mis2_Uall_amplicons.fasta											
ena|aar05978|aar05978.1 sphingomonas paucimobilis linb	linb_10f_dgp_u_all_gr1	linb_10r_dgp_u_all_gr1	1	871	871	atgagcctcggcgcaaagccatttggcgagaagaaattcattgagatcaagggccggcgcatggcctatatcgatgaagggaccggcgatccgatcctcttccagcacggcaatccgacgtcgtcctatctgtggcgcaatatcatgccgcattgcgccgggctgggacggctgatcgcctgtgacctgatcggcatgggcgattcggacaagctcgatccgtcggggcccgagcgttatacctatgccgagcatcgtgactatctcgacgcgctgtgggaggcgctcgatctcggggacagggttgttctggtcgtgcatgactgggggtccgtcctcggcttcgactgggcccgccgccaccgcgagcgtgtacaggggattgcctatatggaagcggtcaccatgccgctcgaatgggcggattttcccgaacaggatcgcgatctgtttcaggcctttcgctcgcaggcgggcgaagaattggtgttgcaggacaatgtttttgtcgaacaagttctccccggattgatcctgcgccccttaagcgaagcggagatggccgcctatcgcgagcccttcctcgccgccggcgaagcccgtcgaccgaccctgtcttggcctcgccaaatcccgatcgcaggcaccccggccgacgtggtcgcgatcgcccgggactatgccggctggctcagcgaaagcccgattccgaaactcttcatcaacgccgagccgggacacctgaccacgggccgaatacgcgacttctgccgcacatggccaaaccagaccgaaatcacggtcgcaggcgcccatttcatccaggaggacagtccggacgagattggcgcggcgattgcggcgtttgtcc	1	linb10_mis2_Uall_amplicons.fasta											
ena|baf80333|baf80333.1 sphingobium sp. ss04-1 haloalkane dehalogenase	linb_10f_dgp_u_all_gr1	linb_10r_dgp_u_all_gr1	1	871	871	atgagcctcggcgcaaagccatttggcgagaagaaattcattgagatcaagggccggcgcatggcctatatcgatgaagggaccggcgatccgatcctcttccagcacggcaatccgacgtcgtcctatctgtggcgcaatatcatgccgcattgcgccgggctgggacggctgatcgcctgtgacctgatcggcatgggcgattcggacaagctcgatccgtcggggcccgagcgttatgcctatgccgagcatcgtgactatctcgacgcgctgtgggaggcgctcgatctcggggacagggttgttctggtcgtgcatgactgggggtccgtcctcggcttcgactgggcccgccgccaccgcgagcgtgtacaggggattgcctatatggaagcgctcgccatgccgatcgaatgggcggattttcccgaacaggatcgcgatctgtttcaggcctttcgctcgcaggcgggcgaagaattggtgttgcaggacaatgtttttgtcgaacaagttctccccggattgatcctgcgccccttaagcgaagcggagatggccgcctatcgcgagcccttcctcgccgccggcgaagcccgtcgaccgaccctgtcttggcctcgccaaatcccgatcgcaggcaccccggccgacgtggtcgcgatcgcccgggactatgccggctggctcagcgaaagcccgattccgaaactcttcatcaacgccgagccgggatccttgaccacgggccgaatacgcgacttctgccgcacatggccaaaccagaccgaaatcacggtcgcaggcgcccatttcatccaggaggacagtccggacgagattggcgcggcgattgcggcgtttgtcc	1	linb10_mis2_Uall_amplicons.fasta											
ena|amk20862|amk20862.1 sphingobium sp. mi1205 haloalkane dehalogenase	linb_10f_dgp_u_all_gr1	linb_10r_dgp_u_all_gr1	1	871	871	atgagcctcggcgcaaagccatttggcgagaagaaattcattgagatcaagggccggcgcatggcctatatcgatgaagggaccggcgatccgatcctcttccagcacggcaatccgacgtcgtcctatctgtggcgcaatatcatgccgcattgcgccgggctgggacggctgatcgcctgtgacctgatcggcatgggcgattcggacaagctcgatccgtcggggcccgagcgttatacctatgccgagcatcgtgactatctcgacgcgctgtgggaggcgctcgatctcggggacagggttgttctggtcgtgcatgactgggggtccgtcctcggcttcgactgggcccgccgccaccgcgagcgtgtacaggggattgcctatatggaagcggtcaccatgccgctcgaatgggcggattttcccgaacaggatcgcgatctgtttcaggcctttcgctcgcaggcgggcgaagaattggtgttgcaggacaatgtttttgtcgaacaagttctccccggattgatcctgcgccccttaagcgaagcggagatggccgcctatcgcgagcccttcctcgccgccggcgaagcccgtcgaccgaccctgtcttggcctcgccaaatcccgatcgcaggcaccccggccgacgtggtcgcgatcgcccgggactatgccggctggctcagcgaaagcccgattccgaaactcttcatcaacgccgagccgggacacctgaccacgggccgaatacgcgacttctgccgcacatggccaaaccagaccgaaatcacggtcgcaggcgcccatttcatccaggaggacagtccggacgagattggcgcggcgattgcggcgtttgtcc	1	linb10_mis2_Uall_amplicons.fasta											
ena|amk20865|amk20865.1 sphingobium sp. mi1205 haloalkane dehalogenase	linb_10f_dgp_u_all_gr1	linb_10r_dgp_u_all_gr1	1	871	871	atgagcctcggcgcaaagccatttggcgagaagaaattcattgagatcaagggccggcgcatggcctatatcgatgaagggaccggcgatccgatcctcttccagcacggcaatccgacgtcgtcctatctgtggcgcaatatcatgccgcattgcgccgggctgggacggctgatcgcctgtgacctgatcggcatgggcgattcggacaagctcgatccgtcggggcccgagcgttatacctatgccgagcatcgtgactatctcgacgcgctgtgggaggcgctcgatctcggggacagggttgttctggtcgtgcatgactgggggtccgtcctcggcttcgactgggcccgccgccaccgcgagcgtgtacaggggattgcctatatggaagcggtcaccatgccgctcgaatgggcggattttcccgaacaggatcgcgatctgtttcaggcctttcgctcgcaggcgggcgaagaattggtgttgcaggacaatgtttttgtcgaacaagttctccccggattgatcctgcgccccttaagcgaagcggagatggccgcctatcgcgagcccttcctcgccgccggcgaagcccgtcgaccgaccctgtcttggcctcgccaaatcccgatcgcaggcaccccggccgacgtggtcgcgatcgcccgggactatgccggctggctcagcgaaagcccgattccgaaactcttcatcaacgccgagccgggacacctgaccacgggccgaatacgcgacttctgccgcacatggccaaaccagaccgaaatcacggtcgcaggcgcccatttcatccaggaggacagtccggacgagattggcgcggcgattgcggcgtttgtcc	1	linb10_mis2_Uall_amplicons.fasta											
ena|baf56671|baf56671.1 sphingobium sp. mi1205 haloalkane dehalogenase	linb_10f_dgp_u_all_gr1	linb_10r_dgp_u_all_gr1	1	871	871	atgagcctcggcgcaaagccatttggcgagaagaaattcattgagatcaagggccggcgcatggcctatatcgatgaagggaccggcgatccgatcctcttccagcacggcaatccgacgtcgtcctatctgtggcgcaatatcatgccgcattgcgccgggctgggacggctgatcgcctgtgacctgatcggcatgggcgattcggacaagctcgatccgtcggggcccgagcgttatacctatgccgagcatcgtgactatctcgacgcgctgtgggaggcgctcgatctcggggacagggttgttctggtcgtgcatgactgggggtccgtcctcggcttcgactgggcccgccgccaccgcgagcgtgtacaggggattgcctatatggaagcggtcaccatgccgctcgaatgggcggattttcccgaacaggatcgcgatctgtttcaggcctttcgctcgcaggcgggcgaagaattggtgttgcaggacaatgtttttgtcgaacaagttctccccggattgatcctgcgccccttaagcgaagcggagatggccgcctatcgcgagcccttcctcgccgccggcgaagcccgtcgaccgaccctgtcttggcctcgccaaatcccgatcgcaggcaccccggccgacgtggtcgcgatcgcccgggactatgccggctggctcagcgaaagcccgattccgaaactcttcatcaacgccgagccgggacacctgaccacgggccgaatacgcgacttctgccgcacatggccaaaccagaccgaaatcacggtcgcaggcgcccatttcatccaggaggacagtccggacgagattggcgcggcgattgcggcgtttgtcc	1	linb10_mis2_Uall_amplicons.fasta											
ena|baf56673|baf56673.1 sphingobium sp. mi1205 haloalkane dehalogenase	linb_10f_dgp_u_all_gr1	linb_10r_dgp_u_all_gr1	1	871	871	atgagcctcggcgcaaagccatttggcgagaagaaattcattgagatcaagggccggcgcatggcctatatcgatgaagggaccggcgatccgatcctcttccagcacggcaatccgacgtcgtcctatctgtggcgcaatatcatgccgcattgcgccgggctgggacggctgatcgcctgtgacctgatcggcatgggcgattcggacaagctcgatccgtcggggcccgagcgttatacctatgccgagcatcgtgactatctcgacgcgctgtgggaggcgctcgatctcggggacagggttgttctggtcgtgcatgactgggggtccgtcctcggcttcgactgggcccgccgccaccgcgagcgtgtacaggggattgcctatatggaagcggtcaccatgccgctcgaatgggcggattttcccgaacaggatcgcgatctgtttcaggcctttcgctcgcaggcgggcgaagaattggtgttgcaggacaatgtttttgtcgaacaagttctccccggattgatcctgcgccccttaagcgaagcggagatggccgcctatcgcgagcccttcctcgccgccggcgaagcccgtcgaccgaccctgtcttggcctcgccaaatcccgatcgcaggcaccccggccgacgtggtcgcgatcgcccgggactatgccggctggctcagcgaaagcccgattccgaaactcttcatcaacgccgagccgggacacctgaccacgggccgaatacgcgacttctgccgcacatggccaaaccagaccgaaatcacggtcgcaggcgcccatttcatccaggaggacagtccggacgagattggcgcggcgattgcggcgtttgtcc	1	linb10_mis2_Uall_amplicons.fasta											
ena|aeb96581|aeb96581.1 uncultured organism haloalkane dehalogenase linb	linb_10f_dgp_u_all_gr1	linb_10r_dgp_u_all_gr1	1	871	871	atgagcctcggcgcaaagccatttggcgagaagaaattcattgagatcaagggccggcgcatggcctatatcgatgaagggaccggcgatccgatcctcttccagcacggcaatccgacgtcgtcctatctgtggcgcaatatcatgccgcattgcgccgggctgggacggctgatcgcctgtgacctgatcggcatgggcgattcggacaagctcgatccgtcggggcccgagcgttatgcctatgccgagcatcgtgactatctcgacgcgctgtgggaggcgctcgatctcggggacagggttgttctggtcgtgcatgactgggggtccgtcctcggcttcgactgggcccgccgccaccgcgagcgtgtacaggggattgcctatatggaagcggtcaccatgccgctcgaatgggcggattttcccgaacaggctcgcgatctgtttcaggcctttcgctcgcaggcgggcgaagaattggtgttgcaggacaatgtttttgtcgaacaagttctccccggattgatcctgcgccccttaagcgaagcggagatggccgcctatcgcgagcccttcctcgccgccggcgaagcccgtcgaccgaccctgtcttggcctcgccaaatcccgatcgcaggcaccccggccgacgtggtcgcgatcgcccgggactatgccggctggctcagcgaaagcccgattccgaaactcttcatcaacgccgagccgggacacctgaccacgggccgaatacgcgacttctgccgcacatggccaaaccagaccgaaatcacggtcgcaggcgcccatttcatccaggaggacagtccggacgagattggcgcggcgattgcggcgtttgtcc	1	linb10_mis2_Uall_amplicons.fasta											
ena|aeb96582|aeb96582.1 uncultured organism haloalkane dehalogenase linb	linb_10f_dgp_u_all_gr1	linb_10r_dgp_u_all_gr1	1	871	871	atgagcctcggcgcaaagccatttggcgagaagaaattcattgagatcaagggccggcgcatggcctatatcgatgaagggaccggcgatccgatcctcttccagcacggcaatccgacgtcgtcctatctgtggcgcaatatcatgccgcattgcgccgggctgggacggctgatcgcctgtgacctgatcggcatgggcgattcggacaagctcgatccgtcggggcccgagcgttatgcctatgccgagcatcgtgactatctcgacgcgctgtgggaggcgctcgatctcggggacagggttgttctggtcgtgcatgactgggggtccgtcctcggcttcgactgggcccgccgccaccgcgagcgtgtacaggggattgcctatatggaagcggtcaccatgccgctcgaatgggcggattttcccgaacaggatcgcgatctgtttcaggcctttcgctcgcaggcgggcgaagaattggtgttgcaggacaatgtttttgtcgaacaagttctccccggattgatcctgcgccccttaagcgaagcggagatggccgcctatcgcgagcccttcctcgccgccggcgaagcccgtcgaccgaccctgtcttggcctcgccaaatcccgatcgcaggcaccccggccgacgtggtcgcgatcgcccgggactatgccggctggctcagcgaaagcccgattccgaaactcttcatcaacgccgagccgggtcacctgaccacgggccgactgcgcgacttctgccgcacatggccaaaccagaccgaaatcacggtcgcaggcgcccatttcatccaggaggacagtccggacgagattggcgcggcgattgcggcgtttgtcc	1	linb10_mis2_Uall_amplicons.fasta											
ena|aeb96580|aeb96580.1 uncultured organism haloalkane dehalogenase linb	linb_10f_dgp_u_all_gr1	linb_10r_dgp_u_all_gr1	1	871	871	atgagcctcggcgcaaagccatttggcgagaagaaattcattgagatcaagggccggcgcatggcctatatcgatgaagggaccggcgatccgatcctcttccagcacggcaatccgacgtcgtcctatctgtggcgcaatatcatgccgcattgcgccgggctgggacggctgatcgcctgtgacctgatcggcatgggcgattcggacaagctcgatccgtcggggcccgagcgttatgcctatgccgagcatcgtgactatctcgacgcgctgtgggaggcgctcgatctcggggacagggttgttctggtcgtgcatgactgggggtccgtcctcggcttcgactgggcccgccgccaccgcgagcgtgtacaggggattgcctatatggaagcggtcaccatgccgctcgaatgggcggattttcccgaacaggatcgcgatctgtttcaggcctttcgctcgcaggcgggcgaagaattggtgttgcaggacaatgtttttgtcgaacaagttctccccggattgatcctgcgccccttaagcgaagcggagatggccgcctatcgcgagcccttcctcgccgccggcgaagcccgtcgaccgaccctgtcttggcctcgccaaatcccgatcgcaggcaccccggccgacgtggtcgcgatcgcccgggactatgccggctggctcagcgaaagcccgattccgaaactcttcatcaacgccgagccgggacacctgaccacgggccgaatacgcgacttctgccgcacatggccaaaccagaccgaaatcacggtcgcaggcgcccatttcatccaggaggacagtccggacgagattggcgcggcgattgcggcgtttgtcc	1	linb10_mis2_Uall_amplicons.fasta											
ena|aeb96583|aeb96583.1 uncultured organism haloalkane dehalogenase linb	linb_10f_dgp_u_all_gr1	linb_10r_dgp_u_all_gr1	1	871	871	atgagcctcggcgcaaagccatttggcgagaagaaattcattgagatcaagggccggcgcatggcctatatcgatgaagggaccggcgatccgatcctcttccagcacggcaatccgacgtcgtcctatctgtggcgcaatatcatgccgcattgcgccgggctgggacggctgatcgcctgtgacctgatcggcatgggcgattcggacaagctcgatccgtcggggcccgagcgttatgcctatgccgagcatcgtgactatctcgacgcgctgtgggaggcgctcgatctcggggacagggttgttctggtcgtgcatgactgggggtccgtcctcggcttcgactgggcccgccgccaccgcgagcgtgtacaggggattgcctatatggaagcggtcaccatgccgctcgaatgggcggattttcccgaacaggctcgcgatctgtttcaggcctttcgctcgcaggcgggcgaagaattggtgttgcaggacaatgtttttgtcgaacaagttctccccggattgatcctgcgccccttaagcgaagcggagatggccgcctatcgcgagcccttcctcgccgccggcgaagcccgtcgaccgaccctgtcttggcctcgccaaatcccgatcgcaggcaccccggccgacgtggtcgcgatcgcccgggactatgccggctggctcagcgaaagcccgattccgaaactcttcatcaacgccgagccgggacacctgaccacgggccgattgcgcgacttctgccgcacatggccaaaccagaccgaaatcacggtcgcaggcgcccatttcatccaggaggacagtccggacgagattggcgcggcgattgcggcgtttgtcc	1	linb10_mis2_Uall_amplicons.fasta											
sina:knj79_19310 k01563 haloalkane dehalogenase [ec:3.8.1.5] | (genbank) haloalkane dehalogenase (n)	linb_10f_dgp_u_all_gr1	linb_10r_dgp_u_all_gr1	1	871	871	atgagcctcagcgcaaagccatttggcgagaagaaattcattgagatcaagggccggcgcatggcctatatcgatgaagggaccggcgatccgatcctcttccagcacggcaatccgacgtcgtcctatctgtggcgcaatatcatgccgcattgcgccgggctgggacggctgatcgcctgtgacctgatcggcatgggcgattcggacaagctcgatccgtcggggcccgagcgttatgcctatgccgagcatcgtgactatctcgacgcgctgtgggaggcgctcgatctcggggacagggttgttctggtcgtgcatgactgggggtccgtcctcggcttcgactgggcccgccgccaccgcgagcgtgtacaggggattgcctatatggaagcggtcaccatgccgctcgaatgggcggattttcccgaacaggatcgcgatctgtttcaggcctttcgctcgcaggcgggcgaagaattggtgttgcaggacaatgtttttgtcgaacaatttctccccggaatgatcctgcgccccttaagcgaagcggagatggccgcctatcgcgagcccttcctcgccgccggcgaagcccgtcgaccgaccctgtcttggcctcgccaaatcccgatcgcaggcaccccggccgacgtggtcgcgatcgcccgggactatgccggctggctcagcgaaagcccgattccgaaactcttcatcaacgccgagccgggacacgtgaccacgggccgattgcgcgacttctgccgcacatggccaaaccagaccgaaatcacggtcgcaggcgcccatttcatccaggaggacagtccggacgagattggcgcggcgattgcggcgtttgtcc	1	linb10_mis2_Kall_amplicons.fasta											
sinb:sidu_17345 k01563 haloalkane dehalogenase [ec:3.8.1.5] | (genbank) haloalkane dehalogenase (n)	linb_10f_dgp_u_all_gr1	linb_10r_dgp_u_all_gr1	1	871	871	atgagcctcggcgcaaagccatttggcgagaagaaattcattgagatcaagggccggcgcatggcctatatcgatgaagggaccggcgatccgatcctcttccagcacggcaatccgacgtcgtcctatctgtggcgcaatatcatgccgcattgcgccgggctgggacggctgatcgcctgtgacctgatcggcatgggcgattcggacaagctcgatccgtcggggcccgagcgttatacctatgccgagcatcgtgactatctcgacgcgctgtgggaggcgctcgatctcggggacagggttgttctggtcgtgcatgactgggggtccgtcctcggcttcgactgggcccgccgccaccgcgagcgtgtacaggggattgcctatatggaagcggtcaccatgccgctcgaatgggcggattttcccgaacaggatcgcgatctgtttcaggcctttcgctcgcaggcgggcgaagaattggtgttgcaggacaatgtttttgtcgaacaagttctccccggattgatcctgcgccccttaagcgaagcggagatggccgcctatcgcgagcccttcctcgccgccggcgaagcccgtcgaccgaccctgtcttggcctcgccaaatcccgatcgcaggcaccccggccgacgtggtcgcgatcgcccgggactatgccggctggctcagcgaaagcccgattccgaaactcttcatcaacgccgagccgggacacctgaccacgggccgaatacgcgacttctgccgcacatggccaaaccagaccgaaatcacggtcgcaggcgcccatttcatccaggaggacagtccggacgagattggcgcggcgattgcggcgtttgtcc	1	linb10_mis2_Kall_amplicons.fasta											
"sjp:sja_c1-19590 k01563 haloalkane dehalogenase [ec:3.8.1.5] | (genbank) linb; 1,3,4,6-tetrachloro-1,4-cyclohexadiene hydrolase linb (n)"	linb_10f_dgp_u_all_gr1	linb_10r_dgp_u_all_gr1	1	871	871	atgagcctcggcgcaaagccatttggcgagaagaaattcattgagatcaagggccggcgcatggcctatatcgatgaagggaccggcgatccgatcctcttccagcacggcaatccgacgtcgtcctatctgtggcgcaatatcatgccgcattgcgccgggctgggacggctgatcgcctgtgacctgatcggcatgggcgattcggacaagctcgatccgtcggggcccgagcgttatgcctatgccgagcatcgtgactatctcgacgcgctgtgggaggcgctcgatctcggggacagggttgttctggtcgtgcatgactgggggtccgccctcggcttcgactgggcccgccgccaccgcgagcgtgtacaggggattgcctatatggaagcgatcgccatgccgatcgaatgggcggattttcccgaacaggatcgcgatctgtttcaggcctttcgctcgcaggcgggcgaagaattggtgttgcaggacaatgtttttgtcgaacaagttctccccggattgatcctgcgccccttaagcgaagcggagatggccgcctatcgcgagcccttcctcgccgccggcgaagcccgtcgaccgaccctgtcttggcctcgccaaatcccgatcgcaggcaccccggccgacgtggtcgcgatcgcccgggactatgccggctggctcagcgaaagcccgattccgaaactcttcatcaacgccgagccgggagccctgaccacgggccgaatgcgcgacttctgccgcacatggccaaaccagaccgaaatcacggtcgcaggcgcccatttcatccaggaggacagtccggacgagattggcgcggcgattgcggcgtttgtcc	1	linb10_mis2_Kall_amplicons.fasta											
sphm:g432_22000 k01563 haloalkane dehalogenase [ec:3.8.1.5] | (genbank) haloalkane dehalogenase linb (n)	linb_10f_dgp_u_all_gr1	linb_10r_dgp_u_all_gr1	1	871	871	atgagcctcggcgcaaagccatttggcgagaagaaattcattgagatcaagggccggcgcatggcctatatcgatgaagggaccggcgatccgatcctcttccagcacggcaatccgacgtcgtcctatctgtggcgcaatatcatgccgcattgcgccgggctgggacggctgatcgcctgtgacctgatcggcatgggcgattcggacaagctcgatccgtcggggcccgagcgttatgcctatgccgagcatcgtgactatctcgacgcgctgtgggaggcgctcgatctcggggacagggttgttctggtcgtgcatgactgggggtccgtcctcggcttcgactgggcccgccgccaccgcgagcgtgtacaggggattgcctatatggaagcggtcaccatgccgctcgaatgggcggattttcccgaacaggatcgcgatctgtttcaggcctttcgctcgcaggcgggcgaagaattggtgttgcaggacaatgtttttgtcgaacaagttctccccggattgatcctgcgccccttaagcgaagcggagatggccgcctatcgcgagcccttcctcgccgccggcgaagcccgtcgaccgaccctgtcttggcctcgccaaatcccgatcgcaggcaccccggccgacgtggtcgcgatcgtccgggactatgccggctggctcagcgaaagcccgattccgaaactcttcatcaacgccgagccgggatccttgaccacgggccgaatacgcgacttctgccgcacatggccaaaccagaccgaaatcacggtcgcaggcgcccatttcatccaggaggacagtccggacgagattggcgcggcgattgcggcgtttgtcc	1	linb10_mis2_Kall_amplicons.fasta											
spht:k426_01100 k01563 haloalkane dehalogenase [ec:3.8.1.5] | (genbank) haloalkane dehalogenase (n)	linb_10f_dgp_u_all_gr1	linb_10r_dgp_u_all_gr1	1	871	871	atgagcctcggcgcaaagccatttggcgagaagaaattcattgagatcaagggccggcgcatggcctatatcgatgaagggaccggcgatccgatcctcttccagcacggcaatccgacgtcgtcctatctgtggcgcaatatcatgccgcattgcgccgggctgggacggctgatcgcctgtgacctgatcggcatgggcgattcggacaagctcgatccgtcggggcccgagcgttatgcctatgccgagcatcgtgactatctcgacgcgctgtgggaggcgctcgatctcggggacagggttgttctggtcgtgcatgactgggggtccgtcctcggcttcgactgggcccgccgccaccgcgagcgtgtacaggggattgcctatatggaagcggtcgccatgccgctcgaatgggcggattttcccgaacaggatcgcgatctgtttcaggcctttcgctcgcaggcgggcgaagaattggtgttgcaggacaatgtttttgtcgaacaagttctccccggattgatcctgcgccccttaagcgaagcggagatggccgcctatcgcgagcccttcctcgccgccggcgaagcccgtcgaccgaccctgtcttggcctcgccaaatcccgatcgcaggcaccccggccgacgtggtcgcgatcgtccgggactatgccggctggctcagcgaaagcccgattccgaaactcttcatcaacgccgagccgggtcacctgaccacgggccgactgcgcgacttctgccgcacatggccaaaccagaccgaaatcacggtcgcaggcgcccatttcatccaggaggacagtccggacgagattggcgcggcgattgcggcgtttgtcc	1	linb10_mis2_Kall_amplicons.fasta											
spht:k426_28865 k01563 haloalkane dehalogenase [ec:3.8.1.5] | (genbank) haloalkane dehalogenase (n)	linb_10f_dgp_u_all_gr1	linb_10r_dgp_u_all_gr1	1	871	871	atgagcctcggcgcaaagccatttggcgagaagaaattcattgagatcaagggccggcgcatggcctatatcgatgaagggaccggcgatccgatcctcttccagcacggcaatccgacgtcgtcctatctgtggcgcaatatcatgccgcattgcgccgggctgggacggctgatcgcctgtgacctgatcggcatgggcgattcggacaagctcgatccgtcggggcccgagcgttatgcctatgccgagcatcgtgactatctcgacgcgctgtgggaggcgctcgatctcggggacagggttgttctggtcgtgcatgactgggggtccgtcctcggcttcgactgggcccgccgccaccgcgagcgtgtacaggggattgcctatatggaagcggtcaccatgccgctcgaatgggcggattttcccgaacaggctcgcgatctgtttcaggcctttcgctcgcaggcgggcgaagaattggtgttgcaggacaatgtttttgtcgaacaagttctccccggattgatcctgcgccccttaagcgaagcggagatggccgcctatcgcgagcccttcctcgccgccggcgaagcccgtcgaccgaccctgtcttggcctcgccaaatcccgatcgcaggcaccccggccgacgtggtcgcgatcgcccgggactatgccggctggctcagcgaaagcccgattccgaaactcttcatcaacgccgagccgggacacctgaccacgggccgaatacgcgacttctgccgcacatggccaaaccagaccgaaatcacggtcgcaggcgcccatttcatccaggaggacagtccggacgagattggcgcggcgattgcggcgtttgtcc	1	linb10_mis2_Kall_amplicons.fasta											
spmi:k663_20098 k01563 haloalkane dehalogenase [ec:3.8.1.5] | (genbank) haloalkane dehalogenase (n)	linb_10f_dgp_u_all_gr1	linb_10r_dgp_u_all_gr1	1	871	871	atgagcctcggcgcaaagccatttggcgagaagaaattcattgagatcaagggccggcgcatggcctatatcgatgaagggaccggcgatccgatcctcttccagcacggcaatccgacgtcgtcctatctgtggcgcaatatcatgccgcattgcgccgggctgggacggctgatcgcctgtgacctgatcggcatgggcgattcggacaagctcgatccgtcggggcccgagcgttatgcctatgccgagcatcgtgactatctcgacgcgctgtgggaggcgctcgatctcggggacagggttgttctggtcgtgcatgactgggggtccgccctcggcttcgactgggcccgccgccaccgcgagcgtgtacaggggattgcctatatggaagcgctcgccatgccgctcgaatgggcggattttcccgaacaggctcgcgatctgtttcaggcctttcgctcgcaggcgggcgaagaattggtgttgcaggacaatgtttttgtcgaacaagttctccccggattgatcctgcgccccttaagcgaagcggagatggccgcctatcgcgagcccttcctcgccgccggcgaagcccgtcgaccgaccctgtcttggcctcgccaaatcccgatcgcaggcaccccggccgacgtggtcgcgatcgcccgggactatgccggctggctcagcgaaagcccgattccgaaactcttcatcaacgccgagccgggacacctgaccacgggccgaatgcgcgacttctgccgcacatggccaaaccagaccgaaatcacggtcgcaggcgcccatttcatccaggaggacagtccggacgagattggcgcggcgattgcggcgtttgtcc	1	linb10_mis2_Kall_amplicons.fasta											
spmi:k663_22528 k01563 haloalkane dehalogenase [ec:3.8.1.5] | (genbank) haloalkane dehalogenase (n)	linb_10f_dgp_u_all_gr1	linb_10r_dgp_u_all_gr1	1	871	871	atgagcctcggcgcaaagccatttggcgagaagaaattcattgagatcaagggccggcgcatggcctatatcgatgaagggaccggcgatccgatcctcttccagcacggcaatccgacgtcgtcctatctgtggcgcaatatcatgccgcattgcgccgggctgggacggctgatcgcctgtgacctgatcggcatgggcgattcggacaagctcgatccgtcggggcccgagcgttatacctatgccgagcatcgtgactatctcgacgcgctgtgggaggcgctcgatctcggggacagggttgttctggtcgtgcatgactgggggtccgtcctcggcttcgactgggcccgccgccaccgcgagcgtgtacaggggattgcctatatggaagcggtcaccatgccgctcgaatgggcggattttcccgaacaggatcgcgatctgtttcaggcctttcgctcgcaggcgggcgaagaattggtgttgcaggacaatgtttttgtcgaacaagttctccccggattgatcctgcgccccttaagcgaagcggagatggccgcctatcgcgagcccttcctcgccgccggcgaagcccgtcgaccgaccctgtcttggcctcgccaaatcccgatcgcaggcaccccggccgacgtggtcgcgatcgcccgggactatgccggctggctcagcgaaagcccgattccgaaactcttcatcaacgccgagccgggacacctgaccacgggccgaatacgcgacttctgccgcacatggccaaaccagaccgaaatcacggtcgcaggcgcccatttcatccaggaggacagtccggacgagattggcgcggcgattgcggcgtttgtcc	1	linb10_mis2_Kall_amplicons.fasta											
spmi:k663_22543 k01563 haloalkane dehalogenase [ec:3.8.1.5] | (genbank) haloalkane dehalogenase (n)	linb_10f_dgp_u_all_gr1	linb_10r_dgp_u_all_gr1	1	871	871	atgagcctcggcgcaaagccatttggcgagaagaaattcattgagatcaagggccggcgcatggcctatatcgatgaagggaccggcgatccgatcctcttccagcacggcaatccgacgtcgtcctatctgtggcgcaatatcatgccgcattgcgccgggctgggacggctgatcgcctgtgacctgatcggcatgggcgattcggacaagctcgatccgtcggggcccgagcgttatacctatgccgagcatcgtgactatctcgacgcgctgtgggaggcgctcgatctcggggacagggttgttctggtcgtgcatgactgggggtccgtcctcggcttcgactgggcccgccgccaccgcgagcgtgtacaggggattgcctatatggaagcggtcaccatgccgctcgaatgggcggattttcccgaacaggatcgcgatctgtttcaggcctttcgctcgcaggcgggcgaagaattggtgttgcaggacaatgtttttgtcgaacaagttctccccggattgatcctgcgccccttaagcgaagcggagatggccgcctatcgcgagcccttcctcgccgccggcgaagcccgtcgaccgaccctgtcttggcctcgccaaatcccgatcgcaggcaccccggccgacgtggtcgcgatcgcccgggactatgccggctggctcagcgaaagcccgattccgaaactcttcatcaacgccgagccgggacacctgaccacgggccgaatacgcgacttctgccgcacatggccaaaccagaccgaaatcacggtcgcaggcgcccatttcatccaggaggacagtccggacgagattggcgcggcgattgcggcgtttgtcc	1	linb10_mis2_Kall_amplicons.fasta											
spta:sj15t_12510 k01563 haloalkane dehalogenase [ec:3.8.1.5] | dhaa_1; (genbank) haloalkane dehalogenase 3 (n)	linb_10f_dgp_u_all_gr1	linb_10r_dgp_u_all_gr1	1	871	871	atgagcctcggcgcaaagccatttggcgagaagaaattcattgagatcaagggccggcgcatggcctatatcgatgaagggaccggcgatccgatcctcttccagcacggcaatccgacgtcgtcctatctgtggcgcaatatcatgccgcattgcgccgggctgggacggctgatcgcctgtgacctgatcggcatgggcgattcggacaagctcgatccgtcggggcccgagcgttatgcctatgccgagcatcgtgactatctcgacgcgctgtgggaggcgctcgatctcggggacagggttgttctggtcgtgcatgactgggggtccgccctcggcttcgactgggcccgccgccaccgcgagcgtgtacaggggattgcctatatggaagcgatcgccatgccgatcgaatgggcggattttcccgaacaggatcgcgatctgtttcaggcctttcgctcgcaggcgggcgaagaattggtgttgcaggacaatgtttttgtcgaacaagttctccccggattgatcctgcgccccttaagcgaagcggagatggccgcctatcgcgagcccttcctcgccgccggcgaagcccgtcgaccgaccctgtcttggcctcgccaaatcccgatcgcaggcaccccggccgacgtggtcgcgatcgcccgggactatgccggctggctcagcgaaagcccgattccgaaactcttcatcaacgccgagccgggagccctgaccacgggccgaatgcgcgacttctgccgcacatggccaaaccagaccgaaatcacggtcgcaggcgcccatttcatccaggaggacagtccggacgagattggcgcggcgattgcggcgtttgtcc	1	linb10_mis2_Kall_amplicons.fasta											
spta:sj15t_33480 k01563 haloalkane dehalogenase [ec:3.8.1.5] | dhaa_2; (genbank) haloalkane dehalogenase 3 (n)	linb_10f_dgp_u_all_gr1	linb_10r_dgp_u_all_gr1	1	871	871	atgagcctcggcgcaaagccatttggcgagaagaaattcattgagatcaagggccggcgcatggcctatatcgatgaagggaccggcgatccgatcctcttccagcacggcaatccgacgtcgtcctatctgtggcgcaatatcatgccgcattgcgccgggctgggacggctgatcgcctgtgacctgatcggcatgggcgattcggacaagctcgatccgtcggggcccgagcgttatgcctatgccgagcatcgtgactatctcgacgcgctgtgggaggcgctcgatctcggggacagggttgttctggtcgtgcatgactgggggtccgccctcggcttcgactgggcccgccgccaccgcgagcgtgtacaggggattgcctatatggaagcgctcgccatgccgatcgaatgggcggattttcccgaacaggatcgcgatctgtttcaggcctttcgctcgcaggcgggcgaagaattggtgttgcaggacaatgtttttgtcgaacaagttctccccggattgatcctgcgccccttaagcgaagcggagatggccgcctatcgcgagcccttcctcgccgccggcgaagcccgtcgaccgaccctgtcttggcctcgccaaatcccgatcgcaggcaccccggccgacgtggtcgcgatcgtccgggactatgccggctggctcagcgaaagcccgattccgaaactcttcatcaacgccgagccgggagccctgaccacgggccgaatgcgcgacttctgccgcacatggccaaaccagaccgaaatcacggtcgcaggcgcccatttcatccaggaggacagtccggacgagattggcgcggcgattgcggcgtttgtcc	1	linb10_mis2_Kall_amplicons.fasta											
COL_SA_mg_mt_123580	linb_10f_dgp_u_all_gr1	linb_10r_dgp_u_all_gr1	5909	6229	321	taccgcctcggcgcaaagctcttcatcgaccgcgccctgctcgacgcgcccggcgactggcgagcagcgctggtgcttgcccgcacctggaccccgccggagctgccaatcaagggtggcgacgcgctggcgctcggcctcaagcccggccctgcggtgggcgcgctgatcgaagcggtcgagcgctggtggatcgcaggcaacttcacggccgaccgcgccgcctgcctcgccgagctgaagcggctcgccgacgctcaagccccatgagcaagccgggtctcaccttcgtcctgtggttggcgattgcggtgttcgtgg	1	linb10_mis2_MAGspec_amplicons.fasta		pcnB	k_Bacteria;p_Pseudomonadota;c_Alphaproteobacteria	K00970	poly(A) polymerase [EC:2.7.7.19]	"Genetic Information Processing; Folding, sorting and degradation; RNA degradation | Brite Hierarchies; Protein families: genetic information processing; Messenger RNA biogenesis"	COG0617*	tRNA nucleotidyltransferase/poly(A) polymerase	"Translation, ribosomal structure and biogenesis"	PF01743 [Poly A polymerase head domain]	
