Risultati ampliconi Linb_9_cdh_U_all_gr2																					
table_ID	blast_against	seqID	fwd	rev	start	end	length(bp)	amplicon_seq	notes	ID_file	ORF_ID_found	Gene_name	Tax	KEGG_ID	KEGGFUN	KEGGPATH	COG_ID	COGFUN	COGPATH	PFAM	Hits
1	linb_all_KEGG	aalu:abwi00_21160 k01563 haloalkane dehalogenase [ec:3.8.1.5] | (genbank) haloalkane dehalogenase (n)	Linb_9f_cdh_U_all_gr2_cc	Linb_9r_cdh_U_all_gr2_gg	220	446	227	ggaaatccgacatcctcttacctctggcgcaacgtcattcccttcctggagggccggggccgcgttatcgcgccggatctgatcggtttcggaagatccgacaagccggccctggattacaccttccagacccactaccgctttctcaccggcttcatcgaagcgcttgatctgcaaaacgtgacagtcgtcgcgcacgactggggctcggccctgggcctgaccta	1	Linb_9_cdh_U_all_gr2_mis2_blastkegg_amplicons.fasta											
2	linb_all_KEGG	acur:jz785_21370 k01563 haloalkane dehalogenase [ec:3.8.1.5] | (genbank) haloalkane dehalogenase (n)	Linb_9f_cdh_U_all_gr2_cc	Linb_9r_cdh_U_all_gr2_ag	106	347	242	ggtaatcctacgtcgtcatatctttggcgcaacatcattccgtacgtccagaagcttggccgatgcattgtacctgacctgatcggtatgggcgactccgacaaactcccagatagcggtcctgactcatacacgtttgtcgagaatcgtcgctatctcgatgctcttcttacttcgctaggtgtgcaccagcgagtcaccttcgtggtgcacgattggggatcggctctcggatttgattg	1	Linb_9_cdh_U_all_gr2_mis2_blastkegg_amplicons.fasta											
3	linb_all_KEGG	amyd:k1t34_05770 k01563 haloalkane dehalogenase [ec:3.8.1.5] | (genbank) haloalkane dehalogenase (n)	Linb_9f_cdh_U_all_gr2_cc	Linb_9r_cdh_U_all_gr2_gg	103	344	242	gggaacccgacctcgtcctacctgtggcgcaacgtgatgccgcacctggaaggccagggccggctgatcgcgtgcgacctcgtcggcatgggcgactccggccggctggagccgtcgggcccggaccgctactcctacttcgaacaacgccagtacctgttcgcgctgtgggagcacctcgacctcggcgacgacgtcgtattcgtgctgcacgactggggttcggcgctcggcttcgactg	1	Linb_9_cdh_U_all_gr2_mis2_blastkegg_amplicons.fasta											
4	linb_all_KEGG	atee:k9m52_16675 k01563 haloalkane dehalogenase [ec:3.8.1.5] | (genbank) haloalkane dehalogenase (n)	Linb_9f_cdh_U_all_gr2_ca	Linb_9r_cdh_U_all_gr2_gg	133	374	242	ggtaatcctacttcatcctatctctggcgaaatataatgccttattgccgtaattttgggcgccttatcgcctgcgatttgattggtatgggcgactcggaaaagctccccaactcaggacctaaacggtattcatatctagagcaacgtagctttctttttgcactttgggaagaattgaaactgggaacaaaggtgatattggtgcttcacgactggggttcggtattgggctttgattg	1	Linb_9_cdh_U_all_gr2_mis2_blastkegg_amplicons.fasta											
5	linb_all_KEGG	aym:ym304_07150 k01563 haloalkane dehalogenase [ec:3.8.1.5] | (genbank) dhaa; haloalkane dehalogenase (n)	Linb_9f_cdh_U_all_gr2_cc	Linb_9r_cdh_U_all_gr2_ag	124	365	242	ggcaacccgacctcgtcgtatctgtggcgcaacatcatcccccacgtctggaacctgggtcgcgtcgtcgcgcccgacctgatcggtcaaggtgactccgacaaactcgacgacgtcggacccgacagctacaccttcgtcgagcaccgacgctggctcgacgcgctgctcgacgaactcgacctcggtgaccaagtggtgctggtggtgcacgattggggttcggcactcggtttcgactg	1	Linb_9_cdh_U_all_gr2_mis2_blastkegg_amplicons.fasta											
6	linb_all_KEGG	bban:j4g43_020060 k01563 haloalkane dehalogenase [ec:3.8.1.5] | (genbank) haloalkane dehalogenase (n)	Linb_9f_cdh_U_all_gr2_cc	Linb_9r_cdh_U_all_gr2_ga	106	347	242	ggcaatcccacttcgtcgtatctctggcgcaatgtgttgccgcacctgaagccgctgggtcgctgcatcgcccccgacctgatcggcatgggcgattccgacaagctgcctgacagcggtcccaactcgtatcgcttcgtcgagcaccgccgctatctcgacgccctgctcgagtccctggacgtgcgcgaacgggtcaccctcgtcatccatgactggggttcggcgctcggcttcgactg	1	Linb_9_cdh_U_all_gr2_mis2_blastkegg_amplicons.fasta											
7	linb_all_KEGG	bgep:acp2yo_07410 k01563 haloalkane dehalogenase [ec:3.8.1.5] | (genbank) haloalkane dehalogenase (n)	Linb_9f_cdh_U_all_gr2_cc	Linb_9r_cdh_U_all_gr2_gg	64	305	242	gggaatccgacgtcgtcctatctgtggcgcaacgtgatgcggcactgcgccggctcgggacgtctgattgcctgcgacctgatcggcatgggcgggtccgacaagctgtcaaattccggccctgaccgctacgggtaccaggagcagcaggagtttctgttcgggttatgggacaagctggatctcggaaacgacgtgatcctcgtcatacacgactggggctccgccctgggcttcgattg	1	Linb_9_cdh_U_all_gr2_mis2_blastkegg_amplicons.fasta											
8	linb_all_KEGG	bgq:x265_25760 k01563 haloalkane dehalogenase [ec:3.8.1.5] | (genbank) haloalkane dehalogenase (n)	Linb_9f_cdh_U_all_gr2_cc	Linb_9r_cdh_U_all_gr2_gg	127	359	233	ggcaacccgacgccgtcttatctctggcgcaacatcatcccgcatctgctgccgtacggccgttgcctcgcgccggactatgtcggcatgggcaattcgggtcctgcaccgaacgggtcatatcgtttcgtcgatcaccagcgctatctcgacgcctggttcgacgtgatgggcctgagcaggaacgtgatccttgtcgtgcacgactggggttcggcgcttggttttcactg	1	Linb_9_cdh_U_all_gr2_mis2_blastkegg_amplicons.fasta											
9	linb_all_KEGG	bjp:rn69_30125 k01563 haloalkane dehalogenase [ec:3.8.1.5] | (genbank) haloalkane dehalogenase (n)	Linb_9f_cdh_U_all_gr2_cc	Linb_9r_cdh_U_all_gr2_ga	106	347	242	ggcaatcccacttcgtcgtatctctggcgcaatgtgttgccgcacctgaagccgctgggtcgctgcatcgcccccgacctgatcggcatgggcgattccgacaagctgcctgacagcggtcccaactcgtatcgcttcgtggagcaccgccgctatctcgacgccctgctcgagtccctggacgtgcgcgaacgggtcaccctcgtcatccatgactggggttcggcgctcggcttcgactg	1	Linb_9_cdh_U_all_gr2_mis2_blastkegg_amplicons.fasta											
10	linb_all_KEGG	bju:bj6t_62180 k01563 haloalkane dehalogenase [ec:3.8.1.5] | (genbank) hypothetical protein (n)	Linb_9f_cdh_U_all_gr2_cc	Linb_9r_cdh_U_all_gr2_ga	106	347	242	ggcaatcccacttcgtcgtatctctggcgcaatgtgttgccgcacctgaagccgctgggtcgctgcatcgcccccgacctgatcggcatgggcgattccgacaagctgcctgacagcggtcccaactcgtatcgcttcgtggagcaccgccgctatctcgacgccctgctcgagtccctggacgtgcgcgaacgggtcaccctcgtcatccatgactggggttcggcgctcggcttcgactg	1	Linb_9_cdh_U_all_gr2_mis2_blastkegg_amplicons.fasta											
11	linb_all_KEGG	bmon:abdb74_01105 k01563 haloalkane dehalogenase [ec:3.8.1.5] | (genbank) haloalkane dehalogenase (n)	Linb_9f_cdh_U_all_gr2_cc	Linb_9r_cdh_U_all_gr2_gg	115	356	242	ggcaacccgacgtcgtcctacctgtggcgcaacgtgatcccgcacgtgcagcacctcggccgctgcatcgcccccgatctcatcggcatgggcgagtcggacaaactgcccgaccccggcccgggcacgtactcgttcgagacgcacgccgcctacctggaggagttcctggaccgggtctacgtcggcgaccggatcacgctcgtcctgcacgactgggggtcggggctcggcttcgactg	1	Linb_9_cdh_U_all_gr2_mis2_blastkegg_amplicons.fasta											
12	linb_all_KEGG	bosg:gkr98_11970 k01563 haloalkane dehalogenase [ec:3.8.1.5] | (genbank) haloalkane dehalogenase (n)	Linb_9f_cdh_U_all_gr2_cc	Linb_9r_cdh_U_all_gr2_ag	412	638	227	ggcaaccccacgtcgtcatatctgtggcgcaacatcgttccttatgtcaccgacgcccaccgtgcgattgcgcccgatctgatgggcatgggtgacagcgataagcccgcaatgaccgacacttacattgaatcgcgcgattatctgtttgcgttccttgacggacttgaccttcaagacgcagttctggtgatccacgattgggggtcggctctagggtgggaata	1	Linb_9_cdh_U_all_gr2_mis2_blastkegg_amplicons.fasta											
13	linb_all_KEGG	brab:rx331_36035 k01563 haloalkane dehalogenase [ec:3.8.1.5] | (genbank) haloalkane dehalogenase (n)	Linb_9f_cdh_U_all_gr2_cc	Linb_9r_cdh_U_all_gr2_gg	118	350	233	ggcgttccgacgccttcgtatttgtggcgcaacatcatcccttatctgttgccctatggacgctgccttgcacctgactatgtgggcatgggcaattccggtcctgctcctgacggtagttaccggttcttcgatcatcgccgctatctcgatagctggttcgaggagatgggcttgacgaaggacgtgatcctcatcgttcacgactggggctcggcgctgggcttcgattg	1	Linb_9_cdh_U_all_gr2_mis2_blastkegg_amplicons.fasta											
14	linb_all_KEGG	bum:axg89_24680 k01563 haloalkane dehalogenase [ec:3.8.1.5] | (genbank) haloalkane dehalogenase (n)	Linb_9f_cdh_U_all_gr2_cc	Linb_9r_cdh_U_all_gr2_gg	100	341	242	ggtaatccgacgtcgtcttatttgtggcgcaatatcatgccctatcttcaagggcggggaaagttgatcgctcccgatctcattggcatgggtgattcggataagctagaagagagtggcccggatcgttactcctatgtcgaacaccgtcattttctgttcgccttacttgagtcgcttaatgtaagggagaaagtaacgctcatcttgcacgactggggttcggcgctcggatttcattg	1	Linb_9_cdh_U_all_gr2_mis2_blastkegg_amplicons.fasta											
15	linb_all_KEGG	bum:axg89_28010 k01563 haloalkane dehalogenase [ec:3.8.1.5] | (genbank) haloalkane dehalogenase (n)	Linb_9f_cdh_U_all_gr2_cc	Linb_9r_cdh_U_all_gr2_gg	100	341	242	ggtaatccgacgtcgtcttatttgtggcgcaatatcatgccctatcttcaagggcggggaaagttgatcgctcccgatctcattggcatgggtgattcggataagctagaagagagtggcccggatcgttactcctatgtcgaacaccgtcattttctgttcgccttacttgagtcgcttaatgtaagggagaaagtaacgctcatcttgcacgactggggttcggcgctcggatttcattg	1	Linb_9_cdh_U_all_gr2_mis2_blastkegg_amplicons.fasta											
16	linb_all_KEGG	bum:axg89_31710 k01563 haloalkane dehalogenase [ec:3.8.1.5] | (genbank) haloalkane dehalogenase (n)	Linb_9f_cdh_U_all_gr2_cc	Linb_9r_cdh_U_all_gr2_gg	94	320	227	ggtaatccaatgtcgtcctacctgtggcgcaacgtcatcccacatgtggcggcgcatgctcggtgcatagcccctgaccttatcggctttggcgactcggacaagcctgaccttgcctaccgcgtgcctgaccaggcgcgttatctcgaccagttcatcgagaagcttggccttgacgacgtagtgcttgtactgcacgactggggctcggctctcggccttgactg	1	Linb_9_cdh_U_all_gr2_mis2_blastkegg_amplicons.fasta											
17	linb_all_KEGG	ccup:bkk81_07705 k01563 haloalkane dehalogenase [ec:3.8.1.5] | (genbank) haloalkane dehalogenase (n)	Linb_9f_cdh_U_all_gr2_cc	Linb_9r_cdh_U_all_gr2_ga	109	350	242	ggcaacccgacctcgtcctacctgtggcgcaatgtgatgccgcattgccgcggcctgggccgtttggtcgcctgcgacctgatcggcatgggcgattccgacaagctgccgcagtccggcccgcagcgctacggctacgccgagcagcgcgactacctgttcgccttgctcgaccagctcgacctggacgagcgcgtggtgctggtgctgcatgactggggctcggcgctgggtttcgactg	1	Linb_9_cdh_U_all_gr2_mis2_blastkegg_amplicons.fasta											
18	linb_all_KEGG	cup:bkk80_07005 k01563 haloalkane dehalogenase [ec:3.8.1.5] | (genbank) haloalkane dehalogenase (n)	Linb_9f_cdh_U_all_gr2_cc	Linb_9r_cdh_U_all_gr2_ga	109	350	242	ggcaacccgacctcgtcctacctgtggcgcaatgtgatgccgcattgccgcggcctgggccgtttggtcgcctgcgacctgatcggcatgggcgattccgacaagctgccgcagtccggcccgcagcgctacggctacgccgagcagcgcgactacctgttcgccttgctcgaccagctcgacctgggcgagcgcgtggtgctggtgctgcatgactggggctcggcgctgggtttcgactg	1	Linb_9_cdh_U_all_gr2_mis2_blastkegg_amplicons.fasta											
19	linb_all_KEGG	cuu:bkk79_05140 k01563 haloalkane dehalogenase [ec:3.8.1.5] | (genbank) haloalkane dehalogenase (n)	Linb_9f_cdh_U_all_gr2_cc	Linb_9r_cdh_U_all_gr2_ga	109	350	242	ggcaacccgacctcgtcctacctgtggcgcaatgtgatgccgcattgccgcggcctgggccgtttggtcgcctgcgacctgatcggcatgggcgattccgacaagctgccgcagtccggcccgcagcgctacggctacgccgagcagcgcgactacctgttcgccttgctcgaccagctcgacctgggcgagcgcgtggtgctggtgctgcatgactggggctcggcgctgggtttcgactg	1	Linb_9_cdh_U_all_gr2_mis2_blastkegg_amplicons.fasta											
20	linb_all_KEGG	fka:km029_21875 k01563 haloalkane dehalogenase [ec:3.8.1.5] | (genbank) haloalkane dehalogenase (n)	Linb_9f_cdh_U_all_gr2_aa	Linb_9r_cdh_U_all_gr2_aa	124	350	227	ggcaatcccacttcttcttatttatggagaaatatcataccttatttaaaacctttaggcagatgtattgcacctgatttaataggaatgggtaaatctgataagccaaatattggctattcttacaaagatcatactgattatctaacaaaatttattgataaccttgacttaaaaaatatcacattggtacttcatgattggggttcaggtatcggttttcatta	1	Linb_9_cdh_U_all_gr2_mis2_blastkegg_amplicons.fasta											
21	linb_all_KEGG	geo:geob_2043 k01563 haloalkane dehalogenase [ec:3.8.1.5] | (genbank) linb; hydrolytic haloalkane dehalogenase linb (n)	Linb_9f_cdh_U_all_gr2_ca	Linb_9r_cdh_U_all_gr2_ag	118	350	233	gggaatcccacttcctcttatctgtggcgaaatgtgattccacatctggaacaggtcggccgctgtctggcccccgacttggtgggaatgggcgactccggcaaaatgcccggcggcagttatcgcttcgtggatcaggcacgctacctggatgcctggtttgatgcactggggctgacgcataacgtcaccctggtggttcacgattggggatcggccctgggctttcattg	1	Linb_9_cdh_U_all_gr2_mis2_blastkegg_amplicons.fasta											
22	linb_all_KEGG	gob:gobs_0257 k01563 haloalkane dehalogenase [ec:3.8.1.5] | (genbank) alpha/beta hydrolase fold protein (n)	Linb_9f_cdh_U_all_gr2_cc	Linb_9r_cdh_U_all_gr2_gg	130	371	242	ggcaaccccacgtcgtcctacctgtggcgcaacgtcatcccgcacgtgcagcacctcggccgctgtctcgcgccggacctgatcggcatgggggagtcggacaagctgcccgacccgacccgcggcagctactcgttctcggcccacgccggtttcctggagcggttcctcgaggcggtcggcgccaccgagcgggtcaccttcgtgctgcacgactggggctcggcgctgggcttcgactg	1	Linb_9_cdh_U_all_gr2_mis2_blastkegg_amplicons.fasta											
23	linb_all_KEGG	hoe:imcc20628_00940 k01563 haloalkane dehalogenase [ec:3.8.1.5] | (genbank) putative hydrolase or acyltransferase of alpha/beta superfamily (n)	Linb_9f_cdh_U_all_gr2_cc	Linb_9r_cdh_U_all_gr2_gg	103	344	242	ggaaacccgacatcgtcctatctatggcgcaatataatgccgcacctggcgggcaaagggcggctgatcgcgcccgacctgatcggcatgggcgatagcgacaaactcgataattctggccccaacagctatacctatgtggaacagcgtaaatacttgttctcgctgctggagcaattgggtgtcaccgataacgtgacgttggtcatccacgactggggttctggccttggctttcactg	1	Linb_9_cdh_U_all_gr2_mis2_blastkegg_amplicons.fasta											
24	linb_all_KEGG	kbs:epa93_46420 k01563 haloalkane dehalogenase [ec:3.8.1.5] | (genbank) haloalkane dehalogenase (n)	Linb_9f_cdh_U_all_gr2_ct	Linb_9r_cdh_U_all_gr2_aa	106	347	242	ggcaatcccacctcctcttacctctggcgtaatatcctgccctatgtccaaacgcttgggcgctgtatcgcacccgaccttatcggtatgggcgattcggcaaaactagcagatagcggccctgcctcctacaccttcgttgagcatcgccgctaccttgatgccctcttaaatcagcttggagttgaggaacgcgtcacgctgatagcacatgattggggttcggcactgggctttgattg	1	Linb_9_cdh_U_all_gr2_mis2_blastkegg_amplicons.fasta											
25	linb_all_KEGG	kia:g8a07_13370 k01563 haloalkane dehalogenase [ec:3.8.1.5] | (genbank) haloalkane dehalogenase (n)	Linb_9f_cdh_U_all_gr2_cc	Linb_9r_cdh_U_all_gr2_gg	124	356	233	ggcaacccgacctcgtcctatctgtggcgcaacatcattccccatctgcagggcctggggcgctgcctggcgccggacctgccgggcttcggcgcctcgccgctgccggccgaggcgggctgcggcttcgccgaccagctgcgctatctggacgcctggttcgagcgcctggacctgcaacaagacctgaccctggtgctgcacgactggggttcggccctgggtttcgcctg	1	Linb_9_cdh_U_all_gr2_mis2_blastkegg_amplicons.fasta											
26	linb_all_KEGG	lab:la76x_0649 k01563 haloalkane dehalogenase [ec:3.8.1.5] | (genbank) dhaa; haloalkane dehalogenase 3 (n)	Linb_9f_cdh_U_all_gr2_cc	Linb_9r_cdh_U_all_gr2_gg	124	356	233	ggcaacccgacctcgtcgtatctgtggcgcaacatcattccgcaggtacgccacctcggccgttgcctcgcaccggatctggccggcatgggccagtccggcccgatgcccggcggcggctatcgcttcgccgaccacgtgcgctatctcgacgcctggttcgaagccatggacctgcccgcaggcatcgccctggtgctgcacgactggggttcggcgctcggcttccatta	1	Linb_9_cdh_U_all_gr2_mis2_blastkegg_amplicons.fasta											
27	linb_all_KEGG	labp:fj695_27325 k01563 haloalkane dehalogenase [ec:3.8.1.5] | (genbank) haloalkane dehalogenase (n)	Linb_9f_cdh_U_all_gr2_cg	Linb_9r_cdh_U_all_gr2_ga	91	317	227	ggtaatccaacttcctcttatctttggcggaatatcatgccccatgtggaagatcagggccgggtcatcgcgctcgatctcataggattgggcaagtccgataagccggacatcggatacacctaccaggatcactacaagtatgtatctgggttcattgacgctctggaacttcagaacatcacgctcgtcattcatgactggggctcagcactcggtatgcacta	1	Linb_9_cdh_U_all_gr2_mis2_blastkegg_amplicons.fasta											
28	linb_all_KEGG	labr:chh27_15495 k01563 haloalkane dehalogenase [ec:3.8.1.5] | (genbank) haloalkane dehalogenase (n)	Linb_9f_cdh_U_all_gr2_cc	Linb_9r_cdh_U_all_gr2_ga	250	476	227	ggcaacccgacgtcgtcctatctctggcgcaacatcattccgcatctgccggaaggccaccgggccatcgcgccggatctgatcggcatgggcgacagcggcaagccggacattgactacacttttgccgaccatgcggcctatcttgatgcttttctggatcagctggatttgaagaacgcgatcctggtggtgcatgactggggctcggcgcttggcatgcgcta	1	Linb_9_cdh_U_all_gr2_mis2_blastkegg_amplicons.fasta											
29	linb_all_KEGG	laq:gla29479_2842 k01563 haloalkane dehalogenase [ec:3.8.1.5] | (genbank) linb; haloalkane dehalogenase (n)	Linb_9f_cdh_U_all_gr2_cc	Linb_9r_cdh_U_all_gr2_gg	124	356	233	ggcaacccgacctcgtcgtatctgtggcgcaacatcattccgcaggtgcgccacctcggccgttgcctcgcaccggatctggccggcatgggtcagtccggcccgatgcccggcggcggctatcgcttcgccgaccacgtgcgctatctcgacgcctggttcgaagccatggacctgcccgcaggcatcgccctggtgctgcacgactggggctcggcgctcggcttccatta	1	Linb_9_cdh_U_all_gr2_mis2_blastkegg_amplicons.fasta											
30	linb_all_KEGG	lck:hn018_03895 k01563 haloalkane dehalogenase [ec:3.8.1.5] | (genbank) haloalkane dehalogenase (n)	Linb_9f_cdh_U_all_gr2_cc	Linb_9r_cdh_U_all_gr2_ag	109	350	242	ggcaatccaacctcgtcctatctctggcgcaacattatgccggcggttaagggcatgggacggttgatcgccgccgatctgattggccagggggattcggacaagctcccgaattcggggcctgacagctatagctttgccgaacagaggagctacatccatgcgttgtgggacaagctcgatctgggcgacaatatcatcttcgtcatccacgattggggctcggcgctcgccttcgacta	1	Linb_9_cdh_U_all_gr2_mis2_blastkegg_amplicons.fasta											
31	linb_all_KEGG	lev:etw23_14455 k01563 haloalkane dehalogenase [ec:3.8.1.5] | (genbank) haloalkane dehalogenase (n)	Linb_9f_cdh_U_all_gr2_cc	Linb_9r_cdh_U_all_gr2_gg	142	368	227	ggcaatccgacttcgtcttacctttggcgcaacatcatcccttatgccgccaagaaccaccgtgttgttgcgccggacctcatcggaatgggggacagctcaaagccggacatcaactatacttttgcagatcacgtgcgctacgtggacggtttcatcgaggctatggggctgcgtgatatcaccttggttgtccacgactggggctcggttctgggcatgagata	1	Linb_9_cdh_U_all_gr2_mis2_blastkegg_amplicons.fasta											
32	linb_all_KEGG	many:many_09360 k01563 haloalkane dehalogenase [ec:3.8.1.5] | (genbank) dhaa; haloalkane dehalogenase 3 (n)	Linb_9f_cdh_U_all_gr2_cc	Linb_9r_cdh_U_all_gr2_gg	106	347	242	ggcaaccccacgtcgtcctacctgtggcgcaatgtcatgccgcacctcgagggtctgggccggctggtcgcctgcgacctgatcggcatgggcaactcggccaagctgcccgactccggccccgacggttaccactaccaacagcaacgcgaccacctcttcgcgctctgggatgccctggacctcggcgacaacgtcatcctggtgctgcacgactggggcaccgcgctgggattcgactg	1	Linb_9_cdh_U_all_gr2_mis2_blastkegg_amplicons.fasta											
33	linb_all_KEGG	marq:marge09_p0048 k01563 haloalkane dehalogenase [ec:3.8.1.5] | (genbank) haloalkane dehalogenase (n)	Linb_9f_cdh_U_all_gr2_ct	Linb_9r_cdh_U_all_gr2_ag	223	449	227	ggccaaccgacctcttcttatttgtggcgtaacatcatgccgtttatggaaggtaaaggccgcttgattgcgcccgacaatatcggttttggaaaatccgatcagccagatcttgattatacctttggtgatcactaccgatattttgaagcctttgttaaaaaactaaagctgaaaaatattacgctggtggttcacgattggggttctgggttggggttgcatta	1	Linb_9_cdh_U_all_gr2_mis2_blastkegg_amplicons.fasta											
34	linb_all_KEGG	mbai:mb901379_00096 k01563 haloalkane dehalogenase [ec:3.8.1.5] | (genbank) dhaa_1; haloalkane dehalogenase 3 (n)	Linb_9f_cdh_U_all_gr2_cc	Linb_9r_cdh_U_all_gr2_gg	109	350	242	ggcaacccgacgtcgtcgtatttgtggcgcaacatcatcccgcatgtctccgatcgcgcccgctgcatcgcacccgacctcatcggtcacggcgactcggacaaactcgacgacaccggagcagacagttatcgcttcgtccagcaccgccactacctggatggactacttgaccagctcgacctcggcgatgatgtcgtcttcgtgatccacgactggggctccgccctgggctttgattg	1	Linb_9_cdh_U_all_gr2_mis2_blastkegg_amplicons.fasta											
35	linb_all_KEGG	mcx:bn42_40560 k01563 haloalkane dehalogenase [ec:3.8.1.5] | (genbank) dhaa; haloalkane dehalogenase dhaa (1-chlorohexane halidohydrolase) (n)	Linb_9f_cdh_U_all_gr2_cc	Linb_9r_cdh_U_all_gr2_gg	112	353	242	ggcaaccccacgtcgtcttacctgtggcgcaacatcatgccgcacttggaagggctgggccggctggtggcctgcgatctgatcgggatgggcgcgtcggacaagctcagcccgtcgggacccgaccgctatagctatggcgagcaacgagactttttgttcgcgctctgggatgcgctcgacctcggcgaccgcgtggtactggtgctgcacgactggggctcggcgctcggcttcgactg	1	Linb_9_cdh_U_all_gr2_mis2_blastkegg_amplicons.fasta											
36	linb_all_KEGG	mcz:bn45_50969 k01563 haloalkane dehalogenase [ec:3.8.1.5] | (genbank) dhaa; haloalkane dehalogenase dhaa (1-chlorohexane halidohydrolase) (n)	Linb_9f_cdh_U_all_gr2_cc	Linb_9r_cdh_U_all_gr2_gg	112	353	242	ggcaaccccacgtcgtcttacctgtggcgcaacatcatgccgcacttggaagggctgggccggctggtggcctgcgatctgatcgggatgggcgcgtcggacaagctcagcccatcgggacccgagagctatagctatggcgagcaacgagactttttgttcgcgctctgggatgcgctcgacctcggcgaccacgtggtactggtgctgcacgactggggctcggcgctcggcttcgactg	1	Linb_9_cdh_U_all_gr2_mis2_blastkegg_amplicons.fasta											
37	linb_all_KEGG	mdx:bto20_19105 k01563 haloalkane dehalogenase [ec:3.8.1.5] | (genbank) haloalkane dehalogenase (n)	Linb_9f_cdh_U_all_gr2_cc	Linb_9r_cdh_U_all_gr2_gg	115	356	242	ggcaatcccacctcatcatacctgtggcgcaacgtgatgccgcacctggaagggctgggccggctggtggcgtgcgacctcatcggcatgggtgggtcggacaaactcgacgattccgggcccgaccgttatcactatgcagaacatcgcgatttcctcttcaagctctgggattcgctcgacctcggcgaccgcgtggtgctggtgttgcacgactggggatcggcactcggattcgactg	1	Linb_9_cdh_U_all_gr2_mis2_blastkegg_amplicons.fasta											
38	linb_all_KEGG	meef:jwz97_05105 k01563 haloalkane dehalogenase [ec:3.8.1.5] | (genbank) haloalkane dehalogenase (n)	Linb_9f_cdh_U_all_gr2_cc	Linb_9r_cdh_U_all_gr2_ag	118	344	227	ggcaacccgacctggtcctatctctggcgcaacatcatccctcatgtccgggatctcggccgctgcctggccccggatctggtgggcatgggccagtccgggccggggtcgggctaccgtttcttcgaccatgtgaagtatctggacgcctggttcgaggccgtgggcatcggcccccgggtggtcctggtggtccacgattggggttcggccctgggcttccattg	1	Linb_9_cdh_U_all_gr2_mis2_blastkegg_amplicons.fasta											
39	linb_all_KEGG	metu:gnh96_10250 k01563 haloalkane dehalogenase [ec:3.8.1.5] | (genbank) haloalkane dehalogenase (n)	Linb_9f_cdh_U_all_gr2_cc	Linb_9r_cdh_U_all_gr2_gg	118	350	233	ggcaacccgacctggtcctacctgtggcgcaacatcatcccctacgtccagcccctcggccgctgcctggcgccggatctggtggggatgggccagtcggacggtgcgcccgcatcggcttatcgatacttcgatcacgcccgatatctcgatgcctggttcgaagcagcgggcatcggcggtgacgtgatcctggtggtccacgactggggctcggccctgggcttccgctg	1	Linb_9_cdh_U_all_gr2_mis2_blastkegg_amplicons.fasta											
40	linb_all_KEGG	mhol:k3u96_14965 k01563 haloalkane dehalogenase [ec:3.8.1.5] | (genbank) haloalkane dehalogenase (n)	Linb_9f_cdh_U_all_gr2_cc	Linb_9r_cdh_U_all_gr2_gg	124	365	242	ggcaaccccacctcctcgtatctgtggcgcaacgtgatgccacacctcgacggactgggccggctggtggcatgcgacctgatcggcatgggcgcctccgacaagctcgaggactccgggccggaccgctaccactacgccgaacagcgcgactacctgttcgcgctgtgggacgaactcgatctgggtgaccgtgtcatcctcgtgctgcacgactggggatcggcgctgggcttcgactg	1	Linb_9_cdh_U_all_gr2_mis2_blastkegg_amplicons.fasta											
41	linb_all_KEGG	mich:fjk98_14015 k01563 haloalkane dehalogenase [ec:3.8.1.5] | (genbank) haloalkane dehalogenase (n)	Linb_9f_cdh_U_all_gr2_cc	Linb_9r_cdh_U_all_gr2_gg	190	422	233	ggcaaccccacctactcgtacctgtggcgcaacgtcatcccggcggtccgcgacctgggccgctgcctcgcccccgacctggtcggcatgggcgactccggtccggcgcccgacggcggctaccgcttcaccgaccaggtgcgctacctcgacgcctggttcgacgccgtggtcggcgaccagccggtcacgctggtgctgcacgactggggctcggcgctggggttccactg	1	Linb_9_cdh_U_all_gr2_mis2_blastkegg_amplicons.fasta											
42	linb_all_KEGG	minw:acmvy4_07450 k01563 haloalkane dehalogenase [ec:3.8.1.5] | (genbank) haloalkane dehalogenase (n)	Linb_9f_cdh_U_all_gr2_cc	Linb_9r_cdh_U_all_gr2_gg	106	347	242	ggcaacccgacatcgtcctatctgtggcgcaacatcatgccccacgtggcgcatctgggccgctgcatcgcgccggatctgatcggcatgggcgattccgagaagctgcccgacagcggtcccgaccggtaccgcttcgtcgagcaccggcagtatctggacggcatcctcgaggcgctgggcgtgactgagaacgccgtgctggtgatccacgactggggttccggcctcggcttcgactg	1	Linb_9_cdh_U_all_gr2_mis2_blastkegg_amplicons.fasta											
43	linb_all_KEGG	mlan:jy572_40160 k01563 haloalkane dehalogenase [ec:3.8.1.5] | (genbank) haloalkane dehalogenase (n)	Linb_9f_cdh_U_all_gr2_cc	Linb_9r_cdh_U_all_gr2_ga	118	344	227	ggcaatcccacgtcctcgtatctgtggcgcaacatcatcccgcatgtgaagggattgggccgctgcatcgctccggacctcatcggcatggggcgctcggacaagccggacctggcgtaccgcttcgccgaccacgcgcgctatctcgacggcttcatctccgcgctggggctcaagcgaatcaccctggtgcttcatgactggggttcggcgctcggtctggattg	1	Linb_9_cdh_U_all_gr2_mis2_blastkegg_amplicons.fasta											
44	linb_all_KEGG	mli:mulp_00098 k01563 haloalkane dehalogenase [ec:3.8.1.5] | (genbank) dhaa_1; haloalkane dehalogenase dhaa_1 (n)	Linb_9f_cdh_U_all_gr2_cc	Linb_9r_cdh_U_all_gr2_gg	205	446	242	ggcaatccgacctcatcgtatttgtggcgcaacatcattccgcatgtgtccgatcgcgcacgctgtatcgctcccgatctcatcgggcagggtgactcggacaagctcgatgacaccggaccgggcagttaccgcttcgttgagcatcggcattacctcgacggccttcttgaccagctcgacctcggcgatgatgtcgttttggtgatccacgactggggctcggccctcggattcgactg	1	Linb_9_cdh_U_all_gr2_mis2_blastkegg_amplicons.fasta											
45	linb_all_KEGG	mli:mulp_04277 k01563 haloalkane dehalogenase [ec:3.8.1.5] | (genbank) dhaa; haloalkane dehalogenase dhaa (n)	Linb_9f_cdh_U_all_gr2_cc	Linb_9r_cdh_U_all_gr2_gg	133	365	233	ggcaacccgacttcgtcctacctgtggcgcaacgtgatcccgcatctcagcgacgtgggtcgatgcctggcgccggacctgatcggcatgggggcctccggcacctctccgaccttctcctaccggttcgccgaccatgtccggtacctcgacgcgtggttcgaggccgtcgggattaccgagaacgtggtgttggtggtgcacgactggggttcggcgctgggtttctaccg	1	Linb_9_cdh_U_all_gr2_mis2_blastkegg_amplicons.fasta											
46	linb_all_KEGG	mlw:mjo58_22190 k01563 haloalkane dehalogenase [ec:3.8.1.5] | (genbank) haloalkane dehalogenase (n)	Linb_9f_cdh_U_all_gr2_cc	Linb_9r_cdh_U_all_gr2_ga	106	347	242	ggcaacccgacatcgacgtacctgtggcgcaatgtgatgcctcatctggaaggcctaggccggctgatcgcatgcgatctgatcggaatggggcattcggacaagctcagcccgtctggacctgaccgctaccattacgcggagcaccgcgattacctattcgcgctttgggaggcgctcgacctcggcgacaacgtgatcctggtgattcatgactggggctcggtgcttggcttcgactg	1	Linb_9_cdh_U_all_gr2_mis2_blastkegg_amplicons.fasta											
47	linb_all_KEGG	mmae:mmare11_01010 k01563 haloalkane dehalogenase [ec:3.8.1.5] | (genbank) dhaa_1; haloalkane dehalogenase dhaa_1 (n)	Linb_9f_cdh_U_all_gr2_cc	Linb_9r_cdh_U_all_gr2_gg	205	446	242	ggcaatccgacctcatcgtatttgtggcgcaacatcattccgcatgtgtccgatcgcgcgcgctgtatcgctcccgatctcatcgggcagggtgactcggacaagctcgatgacaccggaccgggcagttaccgcttcgttgagcatcggcattacctcgacggccttcttgaccagctcgacctcggcgatgatgtcgttttggtgatccacgactggggctcggccctcggattcgactg	1	Linb_9_cdh_U_all_gr2_mis2_blastkegg_amplicons.fasta											
48	linb_all_KEGG	mmae:mmare11_39230 k01563 haloalkane dehalogenase [ec:3.8.1.5] | (genbank) dhaa; haloalkane dehalogenase dhaa (n)	Linb_9f_cdh_U_all_gr2_cc	Linb_9r_cdh_U_all_gr2_gg	79	311	233	ggcaacccgacttcgtcctacctgtggcgcaacgtgatcccgcatctcagcgacgtgggtcggtgcctggcgccggacctgatcggcatgggggcctccggcacctcgccgaccttctcctaccggttcgccgaccatgtccggtacctcgacgcgtggttcgaggccgtcgggattaccgagaacgtggtgttggtggtgcacgactggggttcggcgctgggtttctaccg	1	Linb_9_cdh_U_all_gr2_mis2_blastkegg_amplicons.fasta											
49	linb_all_KEGG	mmar:modmu_0271 k01563 haloalkane dehalogenase [ec:3.8.1.5] | (genbank) dhaa; haloalkane dehalogenase (n)	Linb_9f_cdh_U_all_gr2_cc	Linb_9r_cdh_U_all_gr2_gg	121	362	242	ggcaacccgacgtcgtcctacctgtggcgcaacgtcatcccgcacgtgcagcacctcgggcgctgcctggcccccgacctgatcggcatgggggagtccagcaagctggccgacccggcgccgggcagctactccttcgcgttccacgccgggtacctcgcccggttcctggagcacgtcgaggcgaccgagcgggtgacgttcgtgctgcacgactggggctcggcgctgggcttcgactg	1	Linb_9_cdh_U_all_gr2_mis2_blastkegg_amplicons.fasta											
50	linb_all_KEGG	mmeo:oot43_04430 k01563 haloalkane dehalogenase [ec:3.8.1.5] | (genbank) haloalkane dehalogenase (n)	Linb_9f_cdh_U_all_gr2_cc	Linb_9r_cdh_U_all_gr2_gg	118	350	233	ggcaacccgacctggtcctacctgtggcgcaacatcatcccccatgtccagcccctcggccgctgcctggcgccggatctggtggggatgggccagtcgggcggtgcgcccgcgtcggcttatcgatacttcgatcacgcccggtatctcgatgcctggttcgaggcggtgggcatcggcggtgaggtgatcctggtggtccacgactggggctcggccctgggcttccattg	1	Linb_9_cdh_U_all_gr2_mis2_blastkegg_amplicons.fasta											
51	linb_all_KEGG	mmi:mmar_0112 k01563 haloalkane dehalogenase [ec:3.8.1.5] | (genbank) dhaa_1; haloalkane dehalogenase dhaa_1 (n)	Linb_9f_cdh_U_all_gr2_cc	Linb_9r_cdh_U_all_gr2_gg	205	446	242	ggcaatccgacctcatcgtatttgtggcgcaacatcattccgcatgtatccgatcgcgcacgctgtatcgctcccgatctcatcgggcagggtgactcggacaagctcgatgacaccggaccgggcagttaccgcttcgttgagcatcggcattacctcgacggccttcttgaccagctcgacctcggcgatgatgtcgttttggtgatccacgactggggctcggccctcggattcgactg	1	Linb_9_cdh_U_all_gr2_mis2_blastkegg_amplicons.fasta											
52	linb_all_KEGG	mmi:mmar_4113 k01563 haloalkane dehalogenase [ec:3.8.1.5] | (genbank) dhaa; haloalkane dehalogenase dhaa (n)	Linb_9f_cdh_U_all_gr2_cc	Linb_9r_cdh_U_all_gr2_gg	79	311	233	ggcaacccgacttcgtcctacctgtggcgcaacgtgatcccgcatctcagcgatgtgggtcgatgcctggcgccggacctgatcggcatgggggcctccggtacctcgccgaccttctcctaccggttcgccgaccatgtccggtacctcgacgcgtggttcgaggccgtcgggattaccgagaacgtggtgttggtggtgcacgactggggttcggcgctgggtttctaccg	1	Linb_9_cdh_U_all_gr2_mis2_blastkegg_amplicons.fasta											
53	linb_all_KEGG	mpse:mpsd_01070 k01563 haloalkane dehalogenase [ec:3.8.1.5] | (genbank) dhaa_1; haloalkane dehalogenase (n)	Linb_9f_cdh_U_all_gr2_cc	Linb_9r_cdh_U_all_gr2_gg	205	446	242	ggcaatccgacctcatcgtatttgtggcgcaacatcattccgcatgtgtccgatcgcgcacgctgtatcgctcccgatctcatcgggcagggtgactcggacaagctcgatgacaccggaccgggcagttaccgcttcgttgagcatcggcattacctcgacggccttcttgaccagctcgacctcggcgatgatgtcgttttggtgatccacgactggggctcggccctcggattcgactg	1	Linb_9_cdh_U_all_gr2_mis2_blastkegg_amplicons.fasta											
54	linb_all_KEGG	mpse:mpsd_17640 k01563 haloalkane dehalogenase [ec:3.8.1.5] | (genbank) dhaa_2; haloalkane dehalogenase 3 (n)	Linb_9f_cdh_U_all_gr2_cc	Linb_9r_cdh_U_all_gr2_gg	133	365	233	ggcaacccgacttcgtcctacctgtggcgcaacgtgatcccgcatctcagcgacgtgggtcgatgcctggcgccggacctgatcggcatgggggcctccggcacctctccgaccttctcctaccggttcgccgaccatgtccggtacctcgacgcgtggttcgaggccgtcgggattaccgagaacgtggtgttggtggtgcacgactggggttcggcgctgggtttctaccg	1	Linb_9_cdh_U_all_gr2_mis2_blastkegg_amplicons.fasta											
55	linb_all_KEGG	msa:mycsm_02742 k01563 haloalkane dehalogenase [ec:3.8.1.5] | (genbank) putative hydrolase or acyltransferase of alpha/beta superfamily (n)	Linb_9f_cdh_U_all_gr2_cc	Linb_9r_cdh_U_all_gr2_gg	106	347	242	ggcaacccgacgtcgtcgtatctgtggcgcaacgtcatgccgcatctagaggggctgggtcggctcattgcctgcgacctgatcggcatgggcgcctcggacaagctcgacgactccggaccggaccgctaccactacgccgaacagcgtgacttcctgttcgcgctttgggatgaactcgatctcggcgatcgggtgatcctcgttctgcacgactggggttcggcgctgggattcgactg	1	Linb_9_cdh_U_all_gr2_mis2_blastkegg_amplicons.fasta											
56	linb_all_KEGG	msd:mysti_05419 k01563 haloalkane dehalogenase [ec:3.8.1.5] | (genbank) haloalkane dehalogenase (n)	Linb_9f_cdh_U_all_gr2_cc	Linb_9r_cdh_U_all_gr2_ga	118	344	227	ggcaatcccacgtcgtcctatctgtggcgcaacatcctcccgcatgtgaagggattgggccgctgcatcgcgccggacctcatcggcatgggacgctcggacaagccggacctggcgtatcgcttcgccgaccacgcccgctatctcgacgggttcatctccgcgctgggcctcgagcgcatcaccctggtgctccatgactggggctccgcgctcgggttggattg	1	Linb_9_cdh_U_all_gr2_mis2_blastkegg_amplicons.fasta											
57	linb_all_KEGG	mshj:mshi_19390 k01563 haloalkane dehalogenase [ec:3.8.1.5] | (genbank) dhaa; haloalkane dehalogenase 3 (n)	Linb_9f_cdh_U_all_gr2_cc	Linb_9r_cdh_U_all_gr2_ga	112	353	242	ggcaatcccacgtcgtcgtacctgtggcgcaacatcatgccgcatctgcagggactaggccggctggtggcctgcgatctgatcgggatgggagcgtcggacaagctcagccagtcgggacccgaccggtacaactacgacgagcagcgtgacttcttgttcgcactctgggatgcgctcgacctcggcgatcgcgtggtgttggtgctgcatgactggggcgcggcgctgggcttcgactg	1	Linb_9_cdh_U_all_gr2_mis2_blastkegg_amplicons.fasta											
58	linb_all_KEGG	msho:msho_01110 k01563 haloalkane dehalogenase [ec:3.8.1.5] | (genbank) dhaa_1; haloalkane dehalogenase 3 (n)	Linb_9f_cdh_U_all_gr2_cc	Linb_9r_cdh_U_all_gr2_gg	133	365	233	ggcaacccgacttcgtcctacctgtggcgcaacgtgatcccgcatctcagcgacgtgggtcggtgcctggcgccggacctgatcggcatgggggcctccggcacctcgccgaccttctcctaccggttcgccgaccatgtccggtacctcgacgcgtggttcgaggccgtcgggattaccgagaacgtggtgttggtgatgcacgactggggttcggcgctgggtttctaccg	1	Linb_9_cdh_U_all_gr2_mis2_blastkegg_amplicons.fasta											
59	linb_all_KEGG	msho:msho_11780 k01563 haloalkane dehalogenase [ec:3.8.1.5] | (genbank) dhaa_2; haloalkane dehalogenase (n)	Linb_9f_cdh_U_all_gr2_cc	Linb_9r_cdh_U_all_gr2_gg	262	503	242	ggcaatccgacctcatcgtatttgtggcgcaacatcattccgcatgtgtccgatcgcgcgcgctgtatcgctcccgatctcatcgggcagggtgactcggacaagctcgatgacaccggaccgggcagttaccgcttcgttgagcatcggcattacctcgacggtcttcttgaccagctcgacctcggcgatgatgtcgttttggtgatccacgactggggctcggccctcggattcgactg	1	Linb_9_cdh_U_all_gr2_mis2_blastkegg_amplicons.fasta											
60	linb_all_KEGG	mspg:f6b93_08815 k01563 haloalkane dehalogenase [ec:3.8.1.5] | (genbank) haloalkane dehalogenase (n)	Linb_9f_cdh_U_all_gr2_cc	Linb_9r_cdh_U_all_gr2_gg	112	353	242	ggcaatccgacatcgtcgtatctgtggcgcaacgtcatgccgcacctggaaggactggggcgcctggtcgcgtgcgatctgatcgggatgggtgcctcggacaaactcagcggctccggcccggaccgctatcactacgccgaacaccgcgattacctcttcgccctgtgggatgcgctcgagcttggcgaccgcgtggtgttggtcttacacgactggggatcagggttgggcttcgattg	1	Linb_9_cdh_U_all_gr2_mis2_blastkegg_amplicons.fasta											
61	linb_all_KEGG	mste:mste_02831 k01563 haloalkane dehalogenase [ec:3.8.1.5] | (genbank) dhaa; haloalkane dehalogenase 3 (n)	Linb_9f_cdh_U_all_gr2_cc	Linb_9r_cdh_U_all_gr2_ga	103	344	242	ggcaaccccacctcctcatatctgtggcgcaacgtactgccccatcttgaaggactcggccgccttgtcgcctgcgaccttatcgggatgggcggctcagacaagctccagaactcggggccagagcgataccactacgccgagcaccgcgactacctgttcgcattgtgggacgctctcgagctcggcgaccgcgtgacgctagtactgcatgactggggctcggcgctgggttttgattg	1	Linb_9_cdh_U_all_gr2_mis2_blastkegg_amplicons.fasta											
62	linb_all_KEGG	mthn:4412656_02462 k01563 haloalkane dehalogenase [ec:3.8.1.5] | (genbank) dhaa_2; haloalkane dehalogenase dhaa (1-chlorohexane halidohydrolase) (n)	Linb_9f_cdh_U_all_gr2_cc	Linb_9r_cdh_U_all_gr2_gg	106	347	242	ggaaacccgacgtcctcgtacctgtggcgcaacgtcttaccgcatctggagggcctaggacgtctcgtcgcatgcgacctgatcgggatgggcggatccgagaagctctcaccatcgggccctgaccgatatcactacggcgagcaccgggactatctgttcgctttatgggaggagctcgagctcggtgaccgggtggtgctggtactacacgactggggctcggtcctcggcttcgactg	1	Linb_9_cdh_U_all_gr2_mis2_blastkegg_amplicons.fasta											
63	linb_all_KEGG	mul:mul_3979 k01563 haloalkane dehalogenase [ec:3.8.1.5] | (genbank) dhaa; haloalkane dehalogenase dhaa (n)	Linb_9f_cdh_U_all_gr2_cc	Linb_9r_cdh_U_all_gr2_gg	79	311	233	ggcaacccgacttcgtcctacctgtggcgcaacgtgatcccgcatctcagcgacgtgggtcgatgcctggcgccggacctgatcggcatgggggcctccggcacctctccgaccttctcctaccagttcgccgaccatgtccggtacctcgacgcgtggttcgaggccgtcgggattaccgagaacgtggtgttggtggtgcacgactggggttcggcgctgggtttctaccg	1	Linb_9_cdh_U_all_gr2_mis2_blastkegg_amplicons.fasta											
64	linb_all_KEGG	muy:sne26_17410 k01563 haloalkane dehalogenase [ec:3.8.1.5] | (genbank) haloalkane dehalogenase (n)	Linb_9f_cdh_U_all_gr2_cg	Linb_9r_cdh_U_all_gr2_ag	244	485	242	ggcaatccaacctcatcgtatttgtggcggaacatcatcccttacctgcagggacagggacgctgcattgcacctgacctggtaggaatgggcgattctgaaaaactgcccaacagcgggcccaactcctatacctttgaagagcagcgcaaataccttgacgaactgctttcacaattaggcgtgaaccagaagattaccttcgttgtgcacgattggggttctgcactggctttcgactg	1	Linb_9_cdh_U_all_gr2_mis2_blastkegg_amplicons.fasta											
65	linb_all_KEGG	nann:o0s08_36320 k01563 haloalkane dehalogenase [ec:3.8.1.5] | (genbank) haloalkane dehalogenase (n)	Linb_9f_cdh_U_all_gr2_cc	Linb_9r_cdh_U_all_gr2_gg	118	344	227	ggcaaccccacctcctcctatttgtggcgcaacgtcctgccgcacgtgcgcggcctcggccgctgcatcgccgtcgacctgatcggcatgggcgactccgacaagcccgacatcgcctaccggttcgacgatcacgctcgttacctcgcggccttcatcgccgccctcggcctcgagcgaatcaccctcgtcgtccacgactggggctccgcgctcggcttcgactg	1	Linb_9_cdh_U_all_gr2_mis2_blastkegg_amplicons.fasta											
66	linb_all_KEGG	nax:hc341_04385 k01563 haloalkane dehalogenase [ec:3.8.1.5] | (genbank) haloalkane dehalogenase (n)	Linb_9f_cdh_U_all_gr2_cc	Linb_9r_cdh_U_all_gr2_gg	103	344	242	gggaatccgacgtcgtcctacctgtggcgcaacatcatcccctacatggagggccacgcccgctgcattgcacccgatctcatcggcatgggtgattccgccaagctggccgagtcgggccccggccgttaccgcttcgtggagcaccgggagtacctcgatgccctgcttgagcagctggatctcggtgatcgcgtcacgctcgtactccacgactggggctcggccctgggcttcgactg	1	Linb_9_cdh_U_all_gr2_mis2_blastkegg_amplicons.fasta											
67	linb_all_KEGG	ngv:cdo52_16010 k01563 haloalkane dehalogenase [ec:3.8.1.5] | (genbank) haloalkane dehalogenase (n)	Linb_9f_cdh_U_all_gr2_cc	Linb_9r_cdh_U_all_gr2_gg	91	332	242	gggaacccgacgtcgtcctacctgtggcgcaacatcgtccccgccgtggccgaccaggggcgtgtgatcgccccggacctcatcggcatgggtgactccggcaagctcgatggaaccggtgacgggcgctaccgctttgttgagcaaagcgcatacctcgacgctctcctggaaaggttgggcgtggtcgacgacgttgttctcgtcgttcacgactgggggtcggctctgggattcgactg	1	Linb_9_cdh_U_all_gr2_mis2_blastkegg_amplicons.fasta											
68	linb_all_KEGG	nso:niaso_08995 k01563 haloalkane dehalogenase [ec:3.8.1.5] | (genbank) haloalkane dehalogenase (n)	Linb_9f_cdh_U_all_gr2_aa	Linb_9r_cdh_U_all_gr2_ga	49	290	242	ggtaatcctacctcctcctatctctggagaaatataatgccctgctgccgtggtcttggacgccttattgcctgcgatctgattggtatgggcgactcggaaaaactatccggctccgggccggaacgatattcttattcggagcagcgtagttttctttttgcgctttgggaagaattgaaactggagagaaacgtaacacttgtgcttcatgactggggttctgtattgggttttgattg	1	Linb_9_cdh_U_all_gr2_mis2_blastkegg_amplicons.fasta											
69	linb_all_KEGG	palj:lzc94_09255 k01563 haloalkane dehalogenase [ec:3.8.1.5] | (genbank) haloalkane dehalogenase (n)	Linb_9f_cdh_U_all_gr2_cc	Linb_9r_cdh_U_all_gr2_gg	97	365	269	ggcaaccccacgtcctcgtatctctggcgcaacgtcatcgatccgctcgcggcgcgcgggcggtgcatcgcgcccgatctgatcgggatgggcgattcggacaagctcgacgagaccgggccggacgcgtactccttctttcggcaccgcgcgttcctcgacgcgttcctcgaggcgctcttctccggcgaggcgatgggcgcggcgccgcccgacggcaagatcacgttggtggtccacgactggggctcggcgctcgggttcgactg	1	Linb_9_cdh_U_all_gr2_mis2_blastkegg_amplicons.fasta											
70	linb_all_KEGG	pbj:vn24_08605 k01563 haloalkane dehalogenase [ec:3.8.1.5] | (genbank) haloalkane dehalogenase (n)	Linb_9f_cdh_U_all_gr2_cc	Linb_9r_cdh_U_all_gr2_gg	106	347	242	ggtaatcccgcatcctcctatctttggcgcaacatcatgccttacgcacggaagtttggccgctgtatcgcgcctgatctcgtcggcatgggtgattccgacaaactcccgaacagcgggcctaacgcgtacaccttcgtcgagcaccgccgctatctcgacaagctcctcgaacagctgggcgtcagcgagcgtgtgacgttcgtcgtgcacgactggggatcggcgctggggtttgattg	1	Linb_9_cdh_U_all_gr2_mis2_blastkegg_amplicons.fasta											
71	linb_all_KEGG	pbru:lzc95_32960 k01563 haloalkane dehalogenase [ec:3.8.1.5] | (genbank) haloalkane dehalogenase (n)	Linb_9f_cdh_U_all_gr2_cc	Linb_9r_cdh_U_all_gr2_gg	118	344	227	ggcaaccccgcctcgtcgtatctctggcgcaacatcattccgcatgtccgcggtctggggcgggccatcgcgccggatctcatcggcatgggccgctcggacaagccggacatcggctaccaatttgccgatcatgcgcgctacctggagggcttcatcgagaagctcggtctggagcgcatcaccctggtgatccacgactggggttcggcgcttggcttcgattg	1	Linb_9_cdh_U_all_gr2_mis2_blastkegg_amplicons.fasta											
72	linb_all_KEGG	"pect:bn1012_phect1773 k01563 haloalkane dehalogenase [ec:3.8.1.5] | (genbank) 1,3,4,6-tetrachloro-1,4-cyclohexadiene hydrolase(ec:3.8.1.5) (n)"	Linb_9f_cdh_U_all_gr2_cc	Linb_9r_cdh_U_all_gr2_gg	103	344	242	ggcaatcccacatcgtcctatctgtggcgcaacatcatgccgtatctcgcgggcaagggccgcctgatagcgcctgacctcatcggcatgggggactcagacaaactcgatgacagcggccctgaccgctacacatatgtggagcaccgcaaatacctgtttgccctgctggaacagctgggtgtcacaagcaatgtcaccctggtaatccacgactggggctccggtcttggatttcactg	1	Linb_9_cdh_U_all_gr2_mis2_blastkegg_amplicons.fasta											
73	linb_all_KEGG	pla:plav_1611 k01563 haloalkane dehalogenase [ec:3.8.1.5] | (genbank) alpha/beta hydrolase fold (n)	Linb_9f_cdh_U_all_gr2_cg	Linb_9r_cdh_U_all_gr2_ga	115	356	242	ggcaatccgacatcctcctatctgtggcggaacgtcatgccgcatctggccgaccagggccgctgcatcgcgcccgacctgatcggcatgggcgacagcgacaagctcgaaccctcaggccctgaacgctacaccttccgcgagcaccgccgttttctcgaaagctttctggaagcgctgggcatccacaagaacgtgacgctggtgatccatgactggggctcggcgctcggcttcgattg	1	Linb_9_cdh_U_all_gr2_mis2_blastkegg_amplicons.fasta											
74	linb_all_KEGG	pmar:b0x71_10340 k01563 haloalkane dehalogenase [ec:3.8.1.5] | (genbank) haloalkane dehalogenase (n)	Linb_9f_cdh_U_all_gr2_ct	Linb_9r_cdh_U_all_gr2_aa	115	347	233	ggcaatccgacgtcctcttatttatggcgtaacgtcataccggaagtggctggcgaaggccgacgggtactggcgccggatctggtcggcatgggggaatccggaaaagcaccagacggttcgtaccgctttttcgatcacgcccgttatttggatgcctggtttgatgcactggcactcgataacgtcgtcctcgtcatccatgattggggatcaggcctcggttttcattg	1	Linb_9_cdh_U_all_gr2_mis2_blastkegg_amplicons.fasta											
75	linb_all_KEGG	pmes:fx988_00712 k01563 haloalkane dehalogenase [ec:3.8.1.5] | (genbank) haloalkane dehalogenase (n)	Linb_9f_cdh_U_all_gr2_ct	Linb_9r_cdh_U_all_gr2_ag	235	461	227	ggagagccaacgtcatcgtatttgtggcgtaatgtcatgcctcacttagaagggcaaggccgattaattgcgccggataatattggcttcggaaaatcagatcaacctgagatggattacacgtttggcgatcaatacccttatttcgaagcattcgttaaaaagcttgatctaaaaaatataacgcttgtcgttcacgattggggctctggtcttggcttacatta	1	Linb_9_cdh_U_all_gr2_mis2_blastkegg_amplicons.fasta											
76	linb_all_KEGG	pmob:hg718_00320 k01563 haloalkane dehalogenase [ec:3.8.1.5] | (genbank) haloalkane dehalogenase (n)	Linb_9f_cdh_U_all_gr2_cg	Linb_9r_cdh_U_all_gr2_gg	109	350	242	ggcaatccgacctcctcctatctgtggcggaacatcatgccgcatctgaagggcctgggccgctgcatcgcccccgacctgatcggcatgggagactccgacaaactcgataatccgggtccggacagttacacctttgcacagcaccgcgagtatctggatggtgtgctggacgccctcggtgtgaccggaaacgtcgtgctggtcatccacgactgggggtccgccctgggctttgattg	1	Linb_9_cdh_U_all_gr2_mis2_blastkegg_amplicons.fasta											
77	linb_all_KEGG	poq:kzx46_22315 k01563 haloalkane dehalogenase [ec:3.8.1.5] | (genbank) haloalkane dehalogenase (n)	Linb_9f_cdh_U_all_gr2_ag	Linb_9r_cdh_U_all_gr2_ga	130	362	233	ggtaacccgacgtcgtcctatctgtggaggaatgtgattccccacgtggccgacctcggacggtgtcttgcgccggacatgatcggcatgggtgaatccgggcgttcgccgctctatgactaccggtacgtcaaccaagccgcctacctcgacgcctggttcgatgccgcagacgtcggcgacaatgccgtcctcgtcgtccatgactggggttccgccctcgggttcgaccg	1	Linb_9_cdh_U_all_gr2_mis2_blastkegg_amplicons.fasta											
78	linb_all_KEGG	prue:lvj94_32250 k01563 haloalkane dehalogenase [ec:3.8.1.5] | (genbank) haloalkane dehalogenase (n)	Linb_9f_cdh_U_all_gr2_cc	Linb_9r_cdh_U_all_gr2_ag	118	344	227	gggaatcccacgtcgtcgtatctctggcgcaacatcattccgcacgtacgtggcttgggccgcgccatcgcgcccgatctcatcggcatgggccgctcggacaagccggacatcggctaccgcttcgccgaccacgcacgctacctcgacgggttcatctcggccttggggctcgagcgcatcaccctggtgatccacgattggggctcggcgctcggtttcgactg	1	Linb_9_cdh_U_all_gr2_mis2_blastkegg_amplicons.fasta											
79	linb_all_KEGG	psam:hu731_002825 k01563 haloalkane dehalogenase [ec:3.8.1.5] | (genbank) haloalkane dehalogenase (n)	Linb_9f_cdh_U_all_gr2_cc	Linb_9r_cdh_U_all_gr2_ga	130	359	230	ggcaacccgacgtggtcgtatctatggcgcaacatcattcctcacgcgctgccacacggcagatgcctggcgccggacctggtcggcatggggctttcgggcaagtcgccgacccgtgcctatcgttttgaggaccatgcccgctatctcgatgcctggttcgaggccatggggttgaccaacgttgtgttggtcaccgatgactggggcactgcgctgggggcgcactg	1	Linb_9_cdh_U_all_gr2_mis2_blastkegg_amplicons.fasta											
80	linb_all_KEGG	pseg:d3h65_21105 k01563 haloalkane dehalogenase [ec:3.8.1.5] | (genbank) haloalkane dehalogenase (n)	Linb_9f_cdh_U_all_gr2_cc	Linb_9r_cdh_U_all_gr2_gg	154	386	233	ggcaatcccacttcttcttttctctggcgcaatattattccctggctcagcaaataccggcgctgcctggctcccgacctgatcggcatgggccaatccggcaaatctcccggtaagtcctatcggttcgtggaccatgcagcttacctcgatgcgtggtttgaatcggtaggactggagaaagatatcatcctcgtactgcacgactggggttctgccctgggctttcaccg	1	Linb_9_cdh_U_all_gr2_mis2_blastkegg_amplicons.fasta											
81	linb_all_KEGG	psmm:pspmm1_36860 k01563 haloalkane dehalogenase [ec:3.8.1.5] | (genbank) dhaa; haloalkane dehalogenase 3 (n)	Linb_9f_cdh_U_all_gr2_ct	Linb_9r_cdh_U_all_gr2_ag	235	461	227	ggacagccaacgtcatcgtatttgtggcgtaatgtcatgcctcacttagaagggcaaggccgattaattgcgccggataatattggcttcggaaaatcagatcaacctgagatggattacacgtttggcgatcaatacccttatttcgaagcattcgttaaaaagcttgatctaaaaaatataacgcttgtcgttcacgattggggctctggtcttggcttacatta	1	Linb_9_cdh_U_all_gr2_mis2_blastkegg_amplicons.fasta											
82	linb_all_KEGG	rbm:tef_16230 k01563 haloalkane dehalogenase [ec:3.8.1.5] | (genbank) haloalkane dehalogenase (n)	Linb_9f_cdh_U_all_gr2_cg	Linb_9r_cdh_U_all_gr2_gg	106	347	242	ggcaatccgacatcctcttatctctggcggaacatcatgccccacgccgccgggctgggccgctgcatcgcgccggacctgatcggcatgggcgattccgagaagctgcctgactccggacccgaccgttaccgcttcgtggagcatcgccggtatctggatggcttcctcgaggccgtgggcgttgagcgcaacgcggtcttcgtcattcacgactggggttcggcgctgggtttcgactg	1	Linb_9_cdh_U_all_gr2_mis2_blastkegg_amplicons.fasta											
83	linb_all_KEGG	rbs:rhodosms8_02659 k01563 haloalkane dehalogenase [ec:3.8.1.5] | (genbank) linb; haloalkane dehalogenase (n)	Linb_9f_cdh_U_all_gr2_cc	Linb_9r_cdh_U_all_gr2_ag	112	353	242	ggcaatcccacatcgtcctatctttggcgcaacatcatgccgcatctcaaagaccatgggagatgcattgcgcccgatctcatcggtatgggcgacagtgagaaattggataacccaggcgccgacagctatcgctttgtggaacaccgtgaatatctggacggtatccttgagacccttggcgtcacagagaatgtcactcttgtcattcacgattggggctcagcgctcggtttcgactg	1	Linb_9_cdh_U_all_gr2_mis2_blastkegg_amplicons.fasta											
84	linb_all_KEGG	rbu:pg1c_07060 k01563 haloalkane dehalogenase [ec:3.8.1.5] | (genbank) haloalkane dehalogenase (n)	Linb_9f_cdh_U_all_gr2_cc	Linb_9r_cdh_U_all_gr2_ga	124	350	227	ggcaatcccacctcatcctatctgtggcgcaacatcattccttatcttgagccgtatgcgcgctgtatcgcgccggatctgatcggttttggaaaatcggataaaccagcactcgaatatcgcgtgtttgaccatgtcagatatctggatgaatttttcgatgcgctgggtttgaaaaaattcacgctggtcattcatgactggggttcggcgcttggttttaatta	1	Linb_9_cdh_U_all_gr2_mis2_blastkegg_amplicons.fasta											
85	linb_all_KEGG	rcon:k3740_02905 k01563 haloalkane dehalogenase [ec:3.8.1.5] | (genbank) haloalkane dehalogenase (n)	Linb_9f_cdh_U_all_gr2_cc	Linb_9r_cdh_U_all_gr2_aa	121	347	227	ggcaacccgacctcgtcctatctgtggcgcaacatcgtcccctatgccgcccggcagaaccgcgctatcgcaatggatctgatcggtatgggcaagtcggataagccggatattccctaccgctttgtcgaccacgttccctacgttgacggattcatcaaggcgttgggactgaaggacgtgacgctcgtcattcatgattggggctccgcattggggttccacca	1	Linb_9_cdh_U_all_gr2_mis2_blastkegg_amplicons.fasta											
86	linb_all_KEGG	rpj:n234_21575 k01563 haloalkane dehalogenase [ec:3.8.1.5] | (genbank) hypothetical protein (n)	Linb_9f_cdh_U_all_gr2_cc	Linb_9r_cdh_U_all_gr2_gg	133	365	233	ggcaatccaacctcctcatacctgtggcgcaacgtcatcccgcacgtcgaagacatcggccgttgcctggcgccggatctcgcaggcatgggccagtccggcccggtcccggacggcgcctgccgctttgccgatcatgcccgctatctcgatgcctggttcgacgccgtggtgccgcaaggacaagtcacgctggtgctgcacgactggggctcggcgctgggcttcgactg	1	Linb_9_cdh_U_all_gr2_mis2_blastkegg_amplicons.fasta											
87	linb_all_KEGG	rpop:k1718_05580 k01563 haloalkane dehalogenase [ec:3.8.1.5] | (genbank) haloalkane dehalogenase (n)	Linb_9f_cdh_U_all_gr2_cc	Linb_9r_cdh_U_all_gr2_aa	256	482	227	ggcaatccgacctcatcctatctgtggcgcaatgtgatcccgcacatgccggaaggatatcgtgcgattgctcctgacctcatcggaatgggtgacagcggcaaacccgatatcgattacagctttgccgatcatgcagcctatcttgacgcctttctgaccgaccttgatctcaacgacgttgttcttgtcgtgcatgattggggatcagcgctcggcatgcggta	1	Linb_9_cdh_U_all_gr2_mis2_blastkegg_amplicons.fasta											
88	linb_all_KEGG	"saln:salb1_1651 k01563 haloalkane dehalogenase [ec:3.8.1.5] | (genbank) 1,3,4,6-tetrachloro-1,4-cyclohexadiene hydrolase (n)"	Linb_9f_cdh_U_all_gr2_cc	Linb_9r_cdh_U_all_gr2_gg	40	281	242	ggcaatccgacgtcttcttatctgtggcgcaacgtgatgccacacttggagaaactgggccgttgcatcgcgccggatctgatcggtatgggggattccgacaagctgcccgacagcggccccgcctcataccgtttcgtcgagcaccgtaaatatctggatgcgctgctagaaaagctcgatgtaaaagaaaacgtgaccctggtcatccacgactggggctcgggcctgggtttcgattg	1	Linb_9_cdh_U_all_gr2_mis2_blastkegg_amplicons.fasta											
89	linb_all_KEGG	scl:sce2168 k01563 haloalkane dehalogenase [ec:3.8.1.5] | (genbank) dha; haloalkane dehalogenase (n)	Linb_9f_cdh_U_all_gr2_cg	Linb_9r_cdh_U_all_gr2_gg	94	335	242	gggaacccgacgtcgtcgtacctgtggcggaacatccttgggccgacctcggcgcggcgtcgctgcctcgcgccggacctcatcggcatgggcgactcggacaagctgccggagacgggcaggcaagcctacgggtacgccacgcatgcgaggttcctcgacgcctggttcgacgcggtcgtgcctgcggagcccgtcgtgctcgccgtgcacgactgggggtcggcgctcggcttcgactg	1	Linb_9_cdh_U_all_gr2_mis2_blastkegg_amplicons.fasta											
90	linb_all_KEGG	sedi:ebb79_12975 k01563 haloalkane dehalogenase [ec:3.8.1.5] | (genbank) haloalkane dehalogenase (n)	Linb_9f_cdh_U_all_gr2_ct	Linb_9r_cdh_U_all_gr2_ag	175	401	227	ggcaatcctgcatcggcctatctgtggcgtaatatcattccccatgtggcaggcagccatcgggccattgcgccagatctgatcgggatgggtgacagcgataagccggtgctggaaaacacctatactgactccgccgaatacctgtttgcctttcttgacgcccttgagctgaaagacgccgtgctggttattcacgattgggggtctgggcttggctgggagta	1	Linb_9_cdh_U_all_gr2_mis2_blastkegg_amplicons.fasta											
91	linb_all_KEGG	shau:k9s39_41280 k01563 haloalkane dehalogenase [ec:3.8.1.5] | (genbank) haloalkane dehalogenase (n)	Linb_9f_cdh_U_all_gr2_cc	Linb_9r_cdh_U_all_gr2_ga	88	329	242	ggcaacccgacctcgtcctatgtgtggcgcaacatcatcccgcacgtggccggccggcggcgggccattgctccggacctcatcggcatgggcgactcggccaaactgccgggcaccggcgatgcccggtaccgcttcgtcgagcaccgccgtcacctcgacgctctgctcgaccagctcggcgtggccggcaacgtcgtcctcgtggtgcatgactgggggtccgcgctgggcttcgactg	1	Linb_9_cdh_U_all_gr2_mis2_blastkegg_amplicons.fasta											
92	linb_all_KEGG	sina:knj79_19310 k01563 haloalkane dehalogenase [ec:3.8.1.5] | (genbank) haloalkane dehalogenase (n)	Linb_9f_cdh_U_all_gr2_cc	Linb_9r_cdh_U_all_gr2_ga	109	350	242	ggcaatccgacgtcgtcctatctgtggcgcaatatcatgccgcattgcgccgggctgggacggctgatcgcctgtgacctgatcggcatgggcgattcggacaagctcgatccgtcggggcccgagcgttatgcctatgccgagcatcgtgactatctcgacgcgctgtgggaggcgctcgatctcggggacagggttgttctggtcgtgcatgactgggggtccgtcctcggcttcgactg	1	Linb_9_cdh_U_all_gr2_mis2_blastkegg_amplicons.fasta											
93	linb_all_KEGG	sinb:sidu_17345 k01563 haloalkane dehalogenase [ec:3.8.1.5] | (genbank) haloalkane dehalogenase (n)	Linb_9f_cdh_U_all_gr2_cc	Linb_9r_cdh_U_all_gr2_ga	109	350	242	ggcaatccgacgtcgtcctatctgtggcgcaatatcatgccgcattgcgccgggctgggacggctgatcgcctgtgacctgatcggcatgggcgattcggacaagctcgatccgtcggggcccgagcgttatacctatgccgagcatcgtgactatctcgacgcgctgtgggaggcgctcgatctcggggacagggttgttctggtcgtgcatgactgggggtccgtcctcggcttcgactg	1	Linb_9_cdh_U_all_gr2_mis2_blastkegg_amplicons.fasta											
94	linb_all_KEGG	"sjp:sja_c1-19590 k01563 haloalkane dehalogenase [ec:3.8.1.5] | (genbank) linb; 1,3,4,6-tetrachloro-1,4-cyclohexadiene hydrolase linb (n)"	Linb_9f_cdh_U_all_gr2_cc	Linb_9r_cdh_U_all_gr2_ga	109	350	242	ggcaatccgacgtcgtcctatctgtggcgcaatatcatgccgcattgcgccgggctgggacggctgatcgcctgtgacctgatcggcatgggcgattcggacaagctcgatccgtcggggcccgagcgttatgcctatgccgagcatcgtgactatctcgacgcgctgtgggaggcgctcgatctcggggacagggttgttctggtcgtgcatgactgggggtccgccctcggcttcgactg	1	Linb_9_cdh_U_all_gr2_mis2_blastkegg_amplicons.fasta											
95	linb_all_KEGG	slia:ha039_00885 k01563 haloalkane dehalogenase [ec:3.8.1.5] | (genbank) haloalkane dehalogenase (n)	Linb_9f_cdh_U_all_gr2_cg	Linb_9r_cdh_U_all_gr2_gg	103	344	242	ggcaacccgacctcctcctacctgtggcggaacgtgatgccgcacctggcgggactgggccggctgatcgcctgcgatctcgtggggatgggggactcgggacgcctcgcgccgtcaggcccggaccggtacacctaccaggagcagcgggagcacctgttcgccctgtgggagcacctggatctcggcgacgaggtggtgctggtccttcacgactggggttccgcgctcggtttcgactg	1	Linb_9_cdh_U_all_gr2_mis2_blastkegg_amplicons.fasta											
96	linb_all_KEGG	slj:egc82_20380 k01563 haloalkane dehalogenase [ec:3.8.1.5] | (genbank) haloalkane dehalogenase (n)	Linb_9f_cdh_U_all_gr2_ct	Linb_9r_cdh_U_all_gr2_ga	226	452	227	ggtaccccgatgtcttcttatctgtggcgtaatattatgccacacgttgaaaatcaaggacgcataatcgcgccggatttaatcggtatgggtaaatcagacaagccagatctcaaatatacttttgatgatcagtacaaatacctcgatgcttttataaaaaaaatgaacttaaagaatattacgcttgttgtccatgactggggctctggtttaggtcttcatta	1	Linb_9_cdh_U_all_gr2_mis2_blastkegg_amplicons.fasta											
97	linb_all_KEGG	sof:nctc11214_01991 k01563 haloalkane dehalogenase [ec:3.8.1.5] | (genbank) dhaa; haloalkane dehalogenase (n)	Linb_9f_cdh_U_all_gr2_ct	Linb_9r_cdh_U_all_gr2_ag	79	305	227	gggaatccgacctcctcctatttgtggcgtaatatcctgccggcaatcgaggggccgtttcgctgtttggcaccggacctgattggtatgggacagtcgggtaagccaccgctcaattacgatttttcagatcatgcgcgttatctgaatgcctggttcgacgtcatggggttgcaagacatgatcctggtcggccacgattggggcgcggcattggcctttgactg	1	Linb_9_cdh_U_all_gr2_mis2_blastkegg_amplicons.fasta											
98	linb_all_KEGG	spap:h3z74_20070 k01563 haloalkane dehalogenase [ec:3.8.1.5] | (genbank) haloalkane dehalogenase (n)	Linb_9f_cdh_U_all_gr2_cc	Linb_9r_cdh_U_all_gr2_ga	121	353	233	ggcaatcccacgccttcctatctgtggcgcaagatcatcccttatgcgctgccgtttggccgttgcctcgcacccgattatccggggatggggaattcgggcgccgagcccaacggggcctatcggctggtcgatcagcagaattatgtcgatggttggttcgatgcgctggggctcgatcatgacgtcatcctcgtggttcatgactggggctcggcgcttggctttgactg	1	Linb_9_cdh_U_all_gr2_mis2_blastkegg_amplicons.fasta											
99	linb_all_KEGG	sphm:g432_22000 k01563 haloalkane dehalogenase [ec:3.8.1.5] | (genbank) haloalkane dehalogenase linb (n)	Linb_9f_cdh_U_all_gr2_cc	Linb_9r_cdh_U_all_gr2_ga	109	350	242	ggcaatccgacgtcgtcctatctgtggcgcaatatcatgccgcattgcgccgggctgggacggctgatcgcctgtgacctgatcggcatgggcgattcggacaagctcgatccgtcggggcccgagcgttatgcctatgccgagcatcgtgactatctcgacgcgctgtgggaggcgctcgatctcggggacagggttgttctggtcgtgcatgactgggggtccgtcctcggcttcgactg	1	Linb_9_cdh_U_all_gr2_mis2_blastkegg_amplicons.fasta											
100	linb_all_KEGG	spht:k426_01100 k01563 haloalkane dehalogenase [ec:3.8.1.5] | (genbank) haloalkane dehalogenase (n)	Linb_9f_cdh_U_all_gr2_cc	Linb_9r_cdh_U_all_gr2_ga	109	350	242	ggcaatccgacgtcgtcctatctgtggcgcaatatcatgccgcattgcgccgggctgggacggctgatcgcctgtgacctgatcggcatgggcgattcggacaagctcgatccgtcggggcccgagcgttatgcctatgccgagcatcgtgactatctcgacgcgctgtgggaggcgctcgatctcggggacagggttgttctggtcgtgcatgactgggggtccgtcctcggcttcgactg	1	Linb_9_cdh_U_all_gr2_mis2_blastkegg_amplicons.fasta											
101	linb_all_KEGG	spht:k426_28865 k01563 haloalkane dehalogenase [ec:3.8.1.5] | (genbank) haloalkane dehalogenase (n)	Linb_9f_cdh_U_all_gr2_cc	Linb_9r_cdh_U_all_gr2_ga	109	350	242	ggcaatccgacgtcgtcctatctgtggcgcaatatcatgccgcattgcgccgggctgggacggctgatcgcctgtgacctgatcggcatgggcgattcggacaagctcgatccgtcggggcccgagcgttatgcctatgccgagcatcgtgactatctcgacgcgctgtgggaggcgctcgatctcggggacagggttgttctggtcgtgcatgactgggggtccgtcctcggcttcgactg	1	Linb_9_cdh_U_all_gr2_mis2_blastkegg_amplicons.fasta											
102	linb_all_KEGG	spmi:k663_20098 k01563 haloalkane dehalogenase [ec:3.8.1.5] | (genbank) haloalkane dehalogenase (n)	Linb_9f_cdh_U_all_gr2_cc	Linb_9r_cdh_U_all_gr2_ga	109	350	242	ggcaatccgacgtcgtcctatctgtggcgcaatatcatgccgcattgcgccgggctgggacggctgatcgcctgtgacctgatcggcatgggcgattcggacaagctcgatccgtcggggcccgagcgttatgcctatgccgagcatcgtgactatctcgacgcgctgtgggaggcgctcgatctcggggacagggttgttctggtcgtgcatgactgggggtccgccctcggcttcgactg	1	Linb_9_cdh_U_all_gr2_mis2_blastkegg_amplicons.fasta											
103	linb_all_KEGG	spmi:k663_22528 k01563 haloalkane dehalogenase [ec:3.8.1.5] | (genbank) haloalkane dehalogenase (n)	Linb_9f_cdh_U_all_gr2_cc	Linb_9r_cdh_U_all_gr2_ga	109	350	242	ggcaatccgacgtcgtcctatctgtggcgcaatatcatgccgcattgcgccgggctgggacggctgatcgcctgtgacctgatcggcatgggcgattcggacaagctcgatccgtcggggcccgagcgttatacctatgccgagcatcgtgactatctcgacgcgctgtgggaggcgctcgatctcggggacagggttgttctggtcgtgcatgactgggggtccgtcctcggcttcgactg	1	Linb_9_cdh_U_all_gr2_mis2_blastkegg_amplicons.fasta											
104	linb_all_KEGG	spmi:k663_22543 k01563 haloalkane dehalogenase [ec:3.8.1.5] | (genbank) haloalkane dehalogenase (n)	Linb_9f_cdh_U_all_gr2_cc	Linb_9r_cdh_U_all_gr2_ga	109	350	242	ggcaatccgacgtcgtcctatctgtggcgcaatatcatgccgcattgcgccgggctgggacggctgatcgcctgtgacctgatcggcatgggcgattcggacaagctcgatccgtcggggcccgagcgttatacctatgccgagcatcgtgactatctcgacgcgctgtgggaggcgctcgatctcggggacagggttgttctggtcgtgcatgactgggggtccgtcctcggcttcgactg	1	Linb_9_cdh_U_all_gr2_mis2_blastkegg_amplicons.fasta											
105	linb_all_KEGG	spot:g6548_04930 k01563 haloalkane dehalogenase [ec:3.8.1.5] | (genbank) haloalkane dehalogenase (n)	Linb_9f_cdh_U_all_gr2_cc	Linb_9r_cdh_U_all_gr2_ga	103	344	242	ggcaatccgatgtcgtcctatctgtggcgcaatgtgatgccccaccttgccgggaaaggcaggctgatcgcgccagacctgattggcatgggcgatagtgacaagctcgataattctggcccggacagctataccttcgtcgaacaccgcaaatatctgtttgctttgcttgaacaattgggcgtcaccgagaacgtcacactggtcatccatgactggggttccggtttgggtttccattg	1	Linb_9_cdh_U_all_gr2_mis2_blastkegg_amplicons.fasta											
106	linb_all_KEGG	spso:g4g27_20335 k01563 haloalkane dehalogenase [ec:3.8.1.5] | (genbank) haloalkane dehalogenase (n)	Linb_9f_cdh_U_all_gr2_cc	Linb_9r_cdh_U_all_gr2_ga	121	353	233	ggcaatcccacgccctcctatctgtggcgcaacatcatcccccatgcgctgccgttcggccgctgcctcgcgcccgattatccaggcatggggaattcgggcgctgagccaaacggtgcttatcggctggtcgatcagcagaattatgtggacggctggctcgatgcgctcgggctcgaccatgacgttatcctcgtggttcatgactggggctcggcgcttggctttgactg	1	Linb_9_cdh_U_all_gr2_mis2_blastkegg_amplicons.fasta											
107	linb_all_KEGG	spta:sj15t_12510 k01563 haloalkane dehalogenase [ec:3.8.1.5] | dhaa_1; (genbank) haloalkane dehalogenase 3 (n)	Linb_9f_cdh_U_all_gr2_cc	Linb_9r_cdh_U_all_gr2_ga	109	350	242	ggcaatccgacgtcgtcctatctgtggcgcaatatcatgccgcattgcgccgggctgggacggctgatcgcctgtgacctgatcggcatgggcgattcggacaagctcgatccgtcggggcccgagcgttatgcctatgccgagcatcgtgactatctcgacgcgctgtgggaggcgctcgatctcggggacagggttgttctggtcgtgcatgactgggggtccgccctcggcttcgactg	1	Linb_9_cdh_U_all_gr2_mis2_blastkegg_amplicons.fasta											
108	linb_all_KEGG	spta:sj15t_33480 k01563 haloalkane dehalogenase [ec:3.8.1.5] | dhaa_2; (genbank) haloalkane dehalogenase 3 (n)	Linb_9f_cdh_U_all_gr2_cc	Linb_9r_cdh_U_all_gr2_ga	109	350	242	ggcaatccgacgtcgtcctatctgtggcgcaatatcatgccgcattgcgccgggctgggacggctgatcgcctgtgacctgatcggcatgggcgattcggacaagctcgatccgtcggggcccgagcgttatgcctatgccgagcatcgtgactatctcgacgcgctgtgggaggcgctcgatctcggggacagggttgttctggtcgtgcatgactgggggtccgccctcggcttcgactg	1	Linb_9_cdh_U_all_gr2_mis2_blastkegg_amplicons.fasta											
109	linb_all_KEGG	srpz:hep85_01935 k01563 haloalkane dehalogenase [ec:3.8.1.5] | (genbank) haloalkane dehalogenase (n)	Linb_9f_cdh_U_all_gr2_cc	Linb_9r_cdh_U_all_gr2_ga	100	332	233	ggcaatccgacctcgtcgtacctgtggcgcaacgtgatgccgcacctcacccagttcggtcgctgcctggcgcctgacctggccggcatgggcgactccgacccgcttcccgagcggggcatgcgactggcggatcacgccgcgttcttggagcgcctgttggagcggctcgacgtccgcgagcgcgtcgtgctcgtcgtccatgactggggctctgtcctcggcttcgactg	1	Linb_9_cdh_U_all_gr2_mis2_blastkegg_amplicons.fasta											
110	linb_all_KEGG	stsd:hep87_55180 k01563 haloalkane dehalogenase [ec:3.8.1.5] | (genbank) haloalkane dehalogenase (n)	Linb_9f_cdh_U_all_gr2_cc	Linb_9r_cdh_U_all_gr2_ag	115	356	242	ggaaatccagcttcctcgtacctgtggcgcaatatcatgccccacctcgaaggactcggacgcctcatcgcgtgcgacctgattggcatgggagattcggaaaaactcgattcatctggccctgaccgttacacgtttgaggaacagcgagaatatctatctgccctgtgggagcagctggaggtcgatcgcgatgtcgtcctggttatccacgattggggctccgtcctaggctttgactg	1	Linb_9_cdh_U_all_gr2_mis2_blastkegg_amplicons.fasta											
111	linb_all_KEGG	sulb:iv89_002729 k01563 haloalkane dehalogenase [ec:3.8.1.5] | (genbank) haloalkane dehalogenase (n)	Linb_9f_cdh_U_all_gr2_cc	Linb_9r_cdh_U_all_gr2_ga	103	344	242	ggcaacccgatgtcgtcctatctgtggcgcaatgtgatgccccaccttgcaggcaagggacgcttgatcgcgccagacctgattggcatgggcgatagtgacaagctcgataattctggcccggacagctataccttcgtcgaacaccgcaaatatctgtttgctttgcttgaacaattgggcgtcaccgacaacgtcacactggtcatccatgactggggttccggcttgggtttccattg	1	Linb_9_cdh_U_all_gr2_mis2_blastkegg_amplicons.fasta											
112	linb_all_KEGG	tact:sg35_003840 k01563 haloalkane dehalogenase [ec:3.8.1.5] | (genbank) haloalkane dehalogenase (n)	Linb_9f_cdh_U_all_gr2_cc	Linb_9r_cdh_U_all_gr2_ga	175	401	227	ggcaatcctacctcttcttacctgtggcgcaatattattccgtatattgccaaagactaccgggctatcgccccggatctgatcggcatgggcgacagcgccaaacctaagctgaaatacacctaccgggagcaggcaaattatttacacgcctttttggataaactggatctcaaggatgcggtattggtggtacatgactggggctctgccctggggttccatta	1	Linb_9_cdh_U_all_gr2_mis2_blastkegg_amplicons.fasta											
113	linb_all_KEGG	taty:acerhn_00510 k01563 haloalkane dehalogenase [ec:3.8.1.5] | (genbank) haloalkane dehalogenase (n)	Linb_9f_cdh_U_all_gr2_cc	Linb_9r_cdh_U_all_gr2_ga	199	425	227	ggaaatcccacatcgtcctacctgtggcgcaacatcattccattcgtgagcgacacacatcgcgcaattgcccccgatctcattggcatgggcgacagtgacaagcccgacatcgattatacgttcgccgaccatgcggaatacctcgacggcttcatcgaagcgcttggattgcaggatatcaccctggtcatccatgactggggctcggtcctggggatgcgata	1	Linb_9_cdh_U_all_gr2_mis2_blastkegg_amplicons.fasta											
114	linb_all_KEGG	tvd:sg34_004245 k01563 haloalkane dehalogenase [ec:3.8.1.5] | (genbank) haloalkane dehalogenase (n)	Linb_9f_cdh_U_all_gr2_ca	Linb_9r_cdh_U_all_gr2_ga	175	401	227	ggcaaccccacttcatcctacctgtggcgaaacatcatcccctatgtatccggcaaataccgggcgatagccccggatcttatcggcatgggggacagcgacaagcccggcttgaaatacacctaccaggaacaagcaacttatttgcatgcttttttagataagctgaagctcaaaaatgctgtgctggtggtgcatgactggggctcggcactggggtttcatta	1	Linb_9_cdh_U_all_gr2_mis2_blastkegg_amplicons.fasta											
115	linb_all_KEGG	vab:wps_26370 k01563 haloalkane dehalogenase [ec:3.8.1.5] | (genbank) dhaa; haloalkane dehalogenase 3 (n)	Linb_9f_cdh_U_all_gr2_cc	Linb_9r_cdh_U_all_gr2_ga	211	443	233	gggaacccgacgtggtcgtatctgtggcgcaacgtcatcagcggcttgcacgggacgggccggctgctcgcgcccgatctcgtcgggatggggcaatcgagtccctcgccgcaacgccggtaccaggtcgtcgatcacgcgcggtatctggacgcgtggttcgatgcagtcggggcgacgaagaacgtcacgctcgtgctgcatgactggggttcggcgctggggtttcaccg	1	Linb_9_cdh_U_all_gr2_mis2_blastkegg_amplicons.fasta											
116	linb_all_UNIPROT	ena|cab3751286|cab3751286.1 paraburkholderia humisilvae haloalkane dehalogenase	Linb_9f_cdh_U_all_gr2_cc	Linb_9r_cdh_U_all_gr2_gg	109	350	242	ggcaatccgacctcatcgtatttgtggcgcaacatcattccgcatgtgtccgatcgcgcgcgctgtatcgctcccgatctcatcgggcagggtgactcggacaagctcgatgacaccggaccgggcagttaccgcttcgttgagcatcggcattacctcgacggccttcttgaccagctcgacctcggcgatgatgtcgttttggtgatccacgactggggctcggccctcggattcgactg	1	Linb_9_cdh_U_all_gr2_mis2_blastuniprot_ourFULLCDS_amplicons.fasta											
117	linb_all_UNIPROT	ena|ban01029|ban01029.1 ilumatobacter coccineus ym16-304 haloalkane dehalogenase	Linb_9f_cdh_U_all_gr2_cc	Linb_9r_cdh_U_all_gr2_ga	109	350	242	ggcaatccgacgtcgtcctatctgtggcgcaatatcatgccgcattgcgccgggctgggacggctgatcgcctgtgacctgatcggcatgggcgattcggacaagctcgatccgtcggggcccgagcgttatgcctatgccgagcatcgtgactatctcgacgcgctgtgggaggcgctcgatctcggggacagggttgttctggtcgtgcatgactgggggtccgtcctcggcttcgactg	1	Linb_9_cdh_U_all_gr2_mis2_blastuniprot_ourFULLCDS_amplicons.fasta											
118	linb_all_UNIPROT	ena|nna77458|nna77458.1 pseudomonas lactis haloalkane dehalogenase	Linb_9f_cdh_U_all_gr2_cc	Linb_9r_cdh_U_all_gr2_gg	133	365	233	ggcaacccgacttcatcctacctgtggcgcaacgtgatcccgcatctcagcgacgtgggtcgatgcctggcgccggacctgatcggcatgggggcctccggcacctctccgaccttctcctaccggttcgccgaccatgtccggtacctcgacgcgtggttcgaggccgtcgggattaccgagaacgtggtgtcggtggtgcacgactggggttcggcgctgggtttctaccg	1	Linb_9_cdh_U_all_gr2_mis2_blastuniprot_ourFULLCDS_amplicons.fasta											
119	linb_all_UNIPROT	ena|aeo24280|aeo24280.1 sphingobium sp. cgr-l2 partial hch-dehalogenase linb	Linb_9f_cdh_U_all_gr2_cc	Linb_9r_cdh_U_all_gr2_gg	79	311	233	ggcaacccgacttcgtcctacctgtggcgcaacgtgatcccgcatctcagcgacgtgggtcgatgcctggcgccggacctgatcggcatgggggcctccggcacctctccgaccttctcctaccagttcgccgaccatgtccggtacctcgacgcgtggttcgaggccgtcgggattaccgagaacgtggtgttggtggtgcacgactggggttcggcgctgggtttctaccg	1	Linb_9_cdh_U_all_gr2_mis2_blastuniprot_ourFULLCDS_amplicons.fasta											
132	linb_all_UNIPROT	"ena|baa03443|baa03443.2 sphingobium indicum 1,3,4,6-tetrachloro-1,4-cyclohexadiene hydrolase"	Linb_9f_cdh_U_all_gr2_cc	Linb_9r_cdh_U_all_gr2_ga	109	350	242	ggcaatccgacgtcgtcctatctgtggcgcaatatcatgccgcattgcgccgggctgggacggctgatcgcctgtgacctgatcggcatgggcgattcggacaagctcgatccgtcggggcccgagcgttatgcctatgccgagcatcgtgactatctcgacgcgctgtgggaggcgctcgatctcggggacagggttgttctggtcgtgcatgactgggggtccgccctcggcttcgactg	1	Linb_9_cdh_U_all_gr2_mis2_uniprot_amplicons.fasta											
133	linb_all_UNIPROT	"ena|bai96793|bai96793.1 sphingobium japonicum ut26s 1,3,4,6-tetrachloro-1,4-cyclohexadiene hydrolase linb"	Linb_9f_cdh_U_all_gr2_cc	Linb_9r_cdh_U_all_gr2_ga	109	350	242	ggcaatccgacgtcgtcctatctgtggcgcaatatcatgccgcattgcgccgggctgggacggctgatcgcctgtgacctgatcggcatgggcgattcggacaagctcgatccgtcggggcccgagcgttatgcctatgccgagcatcgtgactatctcgacgcgctgtgggaggcgctcgatctcggggacagggttgttctggtcgtgcatgactgggggtccgccctcggcttcgactg	1	Linb_9_cdh_U_all_gr2_mis2_uniprot_amplicons.fasta											
134	linb_all_UNIPROT	"ena|aan64241|aan64241.1 sphingomonas paucimobilis 1,3,4,6-tetrachloro-1,4-cyclohexadiene hydrolase"	Linb_9f_cdh_U_all_gr2_cc	Linb_9r_cdh_U_all_gr2_ga	109	350	242	ggcaatccgacgtcgtcctatctgtggcgcaatatcatgccgcattgcgccgggctgggacggctgatcgcctgtgacctgatcggcatgggcgattcggacaagctcgatccgtcggggcccgagcgttatacctatgccgagcatcgtgactatctcgacgcgctgtgggaggcgctcgatctcggggacagggttgttctggtcgtgcatgactgggggtccgtcctcggcttcgactg	1	Linb_9_cdh_U_all_gr2_mis2_uniprot_amplicons.fasta											
135	linb_all_UNIPROT	ena|apl96138|apl96138.1 sphingobium indicum b90a haloalkane dehalogenase	Linb_9f_cdh_U_all_gr2_cc	Linb_9r_cdh_U_all_gr2_ga	109	350	242	ggcaatccgacgtcgtcctatctgtggcgcaatatcatgccgcattgcgccgggctgggacggctgatcgcctgtgacctgatcggcatgggcgattcggacaagctcgatccgtcggggcccgagcgttatacctatgccgagcatcgtgactatctcgacgcgctgtgggaggcgctcgatctcggggacagggttgttctggtcgtgcatgactgggggtccgtcctcggcttcgactg	1	Linb_9_cdh_U_all_gr2_mis2_uniprot_amplicons.fasta											
136	linb_all_UNIPROT	ena|baf80342|baf80342.1 sphingobium sp. ss04-4 haloalkane dehalogenase	Linb_9f_cdh_U_all_gr2_cc	Linb_9r_cdh_U_all_gr2_ga	109	350	242	ggcaatccgacgtcgtcctatctgtggcgcaatatcatgccgcattgcgccgggctgggacggctgatcgcctgtgacctgatcggcatgggcgattcggacaagctcgatccgtcggggcccgagcgttatgcctatgccgagcatcgtgactatctcgacgcgctgtgggaggcgctcgatctcggggacagggttgttctggtcgtgcatgactgggggtccgccctcggcttcgactg	1	Linb_9_cdh_U_all_gr2_mis2_uniprot_amplicons.fasta											
137	linb_all_UNIPROT	ena|baf80336|baf80336.1 sphingobium sp. ss04-2 haloalkane dehalogenase	Linb_9f_cdh_U_all_gr2_cc	Linb_9r_cdh_U_all_gr2_ga	109	350	242	ggcaatccgacgtcgtcctatctgtggcgcaatatcatgccgcattgcgccgggctgggacggctgatcgcctgtgacctgatcggcatgggcgattcggacaagctcgatccgtcggggcccgagcgttatgcctatgccgagcatcgtgactatctcgacgcgctgtgggaggcgctcgatctcggggacagggttgttctggtcgtgcatgactgggggtccgccctcggcttcgactg	1	Linb_9_cdh_U_all_gr2_mis2_uniprot_amplicons.fasta											
138	linb_all_UNIPROT	ena|baf80339|baf80339.1 sphingobium sp. ss04-3 haloalkane dehalogenase	Linb_9f_cdh_U_all_gr2_cc	Linb_9r_cdh_U_all_gr2_ga	109	350	242	ggcaatccgacgtcgtcctatctgtggcgcaatatcatgccgcattgcgccgggctgggacggctgatcgcctgtgacctgatcggcatgggcgattcggacaagctcgatccgtcggggcccgagcgttatgcctatgccgagcatcgtgactatctcgacgcgctgtgggaggcgctcgatctcggggacagggttgttctggtcgtgcatgactgggggtccgtcctcggcttcgactg	1	Linb_9_cdh_U_all_gr2_mis2_uniprot_amplicons.fasta											
139	linb_all_UNIPROT	ena|baf80345|baf80345.1 sphingobium sp. ss04-5 haloalkane dehalogenase	Linb_9f_cdh_U_all_gr2_cc	Linb_9r_cdh_U_all_gr2_ga	109	350	242	ggcaatccgacgtcgtcctatctgtggcgcaatatcatgccgcattgcgccgggctgggacggctgatcgcctgtgacctgatcggcatgggcgattcggacaagctcgatccgtcggggcccgagcgttatacctatcccgagcatcgtgactatctcgacgcgctgtgggaggcgctcgatctcggggacagggttgttctggtcgtgcatgactgggggtccgccctcggcttcgactg	1	Linb_9_cdh_U_all_gr2_mis2_uniprot_amplicons.fasta											
140	linb_all_UNIPROT	ena|acv91872|acv91872.1 sphingomonas sp. hz-1 haloalkane dehalogenase	Linb_9f_cdh_U_all_gr2_cc	Linb_9r_cdh_U_all_gr2_ga	109	350	242	ggcaatccgacgtcgtcctatctgtggcgcaatatcatgccgcattgcgccgggctgggacggctgatcgcctgtgacctgatcggcatgggcgattcggacaagctcgatccgtcggggcccgagcgttatgcctatgccgagcatcgtgactatctcgacgcgctgtgggaggcgctcgatctcggggacagggttgttctggtcgtgcatgactgggggtccgtcctcggcttcgactg	1	Linb_9_cdh_U_all_gr2_mis2_uniprot_amplicons.fasta											
141	linb_all_UNIPROT	ena|baf80331|baf80331.1 sphingobium indicum haloalkane dehalogenase	Linb_9f_cdh_U_all_gr2_cc	Linb_9r_cdh_U_all_gr2_ga	109	350	242	ggcaatccgacgtcgtcctatctgtggcgcaatatcatgccgcattgcgccgggctgggacggctgatcgcctgtgacctgatcggcatgggcgattcggacaagctcgatccgtcggggcccgagcgttatgcctatgccgagcatcgtgactatctcgacgcgctgtgggaggcgctcgatctcggggacagggttgttctggtcgtgcatgactgggggtccgccctcggcttcgactg	1	Linb_9_cdh_U_all_gr2_mis2_uniprot_amplicons.fasta											
142	linb_all_UNIPROT	ena|aax07227|aax07227.1 sphingomonas paucimobilis haloalkane dehalogenase	Linb_9f_cdh_U_all_gr2_cc	Linb_9r_cdh_U_all_gr2_ga	109	350	242	ggcaatccgacgtcgtcctatctgtggcgcaatatcatgccgcattgcgccgggctgggacggctgatcgcctgtgacctgatcggcatgggcgattcggacaagctcgatccgtcggggcccgagcgttatacctatgccgagcatcgtgactatctcgacgcgctgtgggaggcgctcgatctcggggacagggttgttctggtcgtgcatgactgggggtccgccctcggcttcgactg	1	Linb_9_cdh_U_all_gr2_mis2_uniprot_amplicons.fasta											
143	linb_all_UNIPROT	ena|aar05978|aar05978.1 sphingomonas paucimobilis linb	Linb_9f_cdh_U_all_gr2_cc	Linb_9r_cdh_U_all_gr2_ga	109	350	242	ggcaatccgacgtcgtcctatctgtggcgcaatatcatgccgcattgcgccgggctgggacggctgatcgcctgtgacctgatcggcatgggcgattcggacaagctcgatccgtcggggcccgagcgttatacctatgccgagcatcgtgactatctcgacgcgctgtgggaggcgctcgatctcggggacagggttgttctggtcgtgcatgactgggggtccgtcctcggcttcgactg	1	Linb_9_cdh_U_all_gr2_mis2_uniprot_amplicons.fasta											
144	linb_all_UNIPROT	ena|baf80333|baf80333.1 sphingobium sp. ss04-1 haloalkane dehalogenase	Linb_9f_cdh_U_all_gr2_cc	Linb_9r_cdh_U_all_gr2_ga	109	350	242	ggcaatccgacgtcgtcctatctgtggcgcaatatcatgccgcattgcgccgggctgggacggctgatcgcctgtgacctgatcggcatgggcgattcggacaagctcgatccgtcggggcccgagcgttatgcctatgccgagcatcgtgactatctcgacgcgctgtgggaggcgctcgatctcggggacagggttgttctggtcgtgcatgactgggggtccgtcctcggcttcgactg	1	Linb_9_cdh_U_all_gr2_mis2_uniprot_amplicons.fasta											
145	linb_all_UNIPROT	ena|abg77567|abg77567.1 sphingomonas sp. nm05 haloalkane dehalogenase	Linb_9f_cdh_U_all_gr2_cc	Linb_9r_cdh_U_all_gr2_ga	109	350	242	ggcaatccgacgtcgtcctatctgtggcgcaatatcatgccgcattgcgccgggctgggacggctgatcgcctgtgacctgatcggcatgggcgattcggacaagctcgatccgtcggggcccgagcgttatgcctatgccgagcatcgtgactatctcgacgcgctgtgggaggcgctcgatctcggggacagggttgttctggtcgtgcatgactgggggtccgtcctcggcttcgactg	1	Linb_9_cdh_U_all_gr2_mis2_uniprot_amplicons.fasta											
146	linb_all_UNIPROT	ena|cuh83756|cuh83756.1 thalassobius mediterraneus haloalkane dehalogenase	Linb_9f_cdh_U_all_gr2_cc	Linb_9r_cdh_U_all_gr2_gg	103	344	242	ggcaatccgacctcatcctatctgtggcgcaatgtgatgccgcaccttcgcgggatgggccgcttgatcgcgccggatctgatcggcatgggcgatagcgataaactcgataacagcgggccggacagctacacctttgtgcagcatcgcgactacctctatgcgttgcttgatcaactgggcgtgcatgaaaacgtaacgcttgtgatccacgactggggctctgcgcttgggtttcgctg	1	Linb_9_cdh_U_all_gr2_mis2_uniprot_amplicons.fasta											
147	linb_all_UNIPROT	ena|rfz35305|rfz35305.1 mycobacterium marinum haloalkane dehalogenase	Linb_9f_cdh_U_all_gr2_cc	Linb_9r_cdh_U_all_gr2_gg	109	350	242	ggcaatccgacctcatcgtatttgtggcgcaacatcattccgcatgtgtccgatcgcgcgcgctgtatcgctcccgatctcatcgggcagggtgactcggacaagctcgatgacaccggaccgggcagttaccgcttcgttgagcatcggcattacctcgacggccttcttgaccagctcgacctcggcgatgatgtcgttttggtgatccacgactggggctcggccctcggattcgactg	1	Linb_9_cdh_U_all_gr2_mis2_uniprot_amplicons.fasta											
148	linb_all_UNIPROT	ena|amk20862|amk20862.1 sphingobium sp. mi1205 haloalkane dehalogenase	Linb_9f_cdh_U_all_gr2_cc	Linb_9r_cdh_U_all_gr2_ga	109	350	242	ggcaatccgacgtcgtcctatctgtggcgcaatatcatgccgcattgcgccgggctgggacggctgatcgcctgtgacctgatcggcatgggcgattcggacaagctcgatccgtcggggcccgagcgttatacctatgccgagcatcgtgactatctcgacgcgctgtgggaggcgctcgatctcggggacagggttgttctggtcgtgcatgactgggggtccgtcctcggcttcgactg	1	Linb_9_cdh_U_all_gr2_mis2_uniprot_amplicons.fasta											
149	linb_all_UNIPROT	ena|amk20865|amk20865.1 sphingobium sp. mi1205 haloalkane dehalogenase	Linb_9f_cdh_U_all_gr2_cc	Linb_9r_cdh_U_all_gr2_ga	109	350	242	ggcaatccgacgtcgtcctatctgtggcgcaatatcatgccgcattgcgccgggctgggacggctgatcgcctgtgacctgatcggcatgggcgattcggacaagctcgatccgtcggggcccgagcgttatacctatgccgagcatcgtgactatctcgacgcgctgtgggaggcgctcgatctcggggacagggttgttctggtcgtgcatgactgggggtccgtcctcggcttcgactg	1	Linb_9_cdh_U_all_gr2_mis2_uniprot_amplicons.fasta											
150	linb_all_UNIPROT	ena|baf56671|baf56671.1 sphingobium sp. mi1205 haloalkane dehalogenase	Linb_9f_cdh_U_all_gr2_cc	Linb_9r_cdh_U_all_gr2_ga	109	350	242	ggcaatccgacgtcgtcctatctgtggcgcaatatcatgccgcattgcgccgggctgggacggctgatcgcctgtgacctgatcggcatgggcgattcggacaagctcgatccgtcggggcccgagcgttatacctatgccgagcatcgtgactatctcgacgcgctgtgggaggcgctcgatctcggggacagggttgttctggtcgtgcatgactgggggtccgtcctcggcttcgactg	1	Linb_9_cdh_U_all_gr2_mis2_uniprot_amplicons.fasta											
151	linb_all_UNIPROT	ena|baf56673|baf56673.1 sphingobium sp. mi1205 haloalkane dehalogenase	Linb_9f_cdh_U_all_gr2_cc	Linb_9r_cdh_U_all_gr2_ga	109	350	242	ggcaatccgacgtcgtcctatctgtggcgcaatatcatgccgcattgcgccgggctgggacggctgatcgcctgtgacctgatcggcatgggcgattcggacaagctcgatccgtcggggcccgagcgttatacctatgccgagcatcgtgactatctcgacgcgctgtgggaggcgctcgatctcggggacagggttgttctggtcgtgcatgactgggggtccgtcctcggcttcgactg	1	Linb_9_cdh_U_all_gr2_mis2_uniprot_amplicons.fasta											
152	linb_all_UNIPROT	ena|aeb96581|aeb96581.1 uncultured organism haloalkane dehalogenase linb	Linb_9f_cdh_U_all_gr2_cc	Linb_9r_cdh_U_all_gr2_ga	109	350	242	ggcaatccgacgtcgtcctatctgtggcgcaatatcatgccgcattgcgccgggctgggacggctgatcgcctgtgacctgatcggcatgggcgattcggacaagctcgatccgtcggggcccgagcgttatgcctatgccgagcatcgtgactatctcgacgcgctgtgggaggcgctcgatctcggggacagggttgttctggtcgtgcatgactgggggtccgtcctcggcttcgactg	1	Linb_9_cdh_U_all_gr2_mis2_uniprot_amplicons.fasta											
153	linb_all_UNIPROT	ena|abi93216|abi93216.1 xanthomonas sp. ich12 partial linb	Linb_9f_cdh_U_all_gr2_cc	Linb_9r_cdh_U_all_gr2_ga	109	350	242	ggcaatccgacgtcgtcctatctgtggcgcaatatcatgccgcattgcgccgggctgggacggctgatcgcctgtgacctgatcggcatgggcgattcggacaagctcgatccgtcggggcccgagcgttatgcctatgccgagcatcgtgactatctcgacgcgctgtgggaggcgctcgatctcggggacagggttgttctggtcgtgcatgactgggggtccgtcctcggcttcgactg	1	Linb_9_cdh_U_all_gr2_mis2_uniprot_amplicons.fasta											
154	linb_all_UNIPROT	ena|acr66970|acr66970.1 sphingobium sp. p7 partial haloalkane dehalogenase	Linb_9f_cdh_U_all_gr2_cc	Linb_9r_cdh_U_all_gr2_ga	109	350	242	ggcaatccgacgtcgtcctatctgtggcgcaatatcatgccgcattgcgccgggctgggacggctgatcgcctgtgacctgatcggcatgggcgattcggacaagctcgatccgtcggggcccgagcgttatgcctatgccgagcatcgtgactatctcgacgcgctgtgggaggcgctcgatctcggggacagggttgttctggtcgtgcatgactgggggtccgtcctcggcttcgactg	1	Linb_9_cdh_U_all_gr2_mis2_uniprot_amplicons.fasta											
155	linb_all_UNIPROT	ena|aeb96582|aeb96582.1 uncultured organism haloalkane dehalogenase linb	Linb_9f_cdh_U_all_gr2_cc	Linb_9r_cdh_U_all_gr2_ga	109	350	242	ggcaatccgacgtcgtcctatctgtggcgcaatatcatgccgcattgcgccgggctgggacggctgatcgcctgtgacctgatcggcatgggcgattcggacaagctcgatccgtcggggcccgagcgttatgcctatgccgagcatcgtgactatctcgacgcgctgtgggaggcgctcgatctcggggacagggttgttctggtcgtgcatgactgggggtccgtcctcggcttcgactg	1	Linb_9_cdh_U_all_gr2_mis2_uniprot_amplicons.fasta											
156	linb_all_UNIPROT	ena|aeb96580|aeb96580.1 uncultured organism haloalkane dehalogenase linb	Linb_9f_cdh_U_all_gr2_cc	Linb_9r_cdh_U_all_gr2_ga	109	350	242	ggcaatccgacgtcgtcctatctgtggcgcaatatcatgccgcattgcgccgggctgggacggctgatcgcctgtgacctgatcggcatgggcgattcggacaagctcgatccgtcggggcccgagcgttatgcctatgccgagcatcgtgactatctcgacgcgctgtgggaggcgctcgatctcggggacagggttgttctggtcgtgcatgactgggggtccgtcctcggcttcgactg	1	Linb_9_cdh_U_all_gr2_mis2_uniprot_amplicons.fasta											
157	linb_all_UNIPROT	ena|aeb96583|aeb96583.1 uncultured organism haloalkane dehalogenase linb	Linb_9f_cdh_U_all_gr2_cc	Linb_9r_cdh_U_all_gr2_ga	109	350	242	ggcaatccgacgtcgtcctatctgtggcgcaatatcatgccgcattgcgccgggctgggacggctgatcgcctgtgacctgatcggcatgggcgattcggacaagctcgatccgtcggggcccgagcgttatgcctatgccgagcatcgtgactatctcgacgcgctgtgggaggcgctcgatctcggggacagggttgttctggtcgtgcatgactgggggtccgtcctcggcttcgactg	1	Linb_9_cdh_U_all_gr2_mis2_uniprot_amplicons.fasta											
158	linb_all_UNIPROT	ena|acr66969|acr66969.1 sphingobium sp. p1 partial haloalkane dehalogenase	Linb_9f_cdh_U_all_gr2_cc	Linb_9r_cdh_U_all_gr2_ga	109	350	242	ggcaatccgacgtcgtcctatctgtggcgcaatatcatgccgcattgcgccgggctgggacggctgatcgcctgtgacctgatcggcatgggcgattcggacaagctcgatccgtcggggcccgagcgttatgcctatgccgagcatcgtgactatctcgacgcgctgtgggaggcgctcgatctcggggacagggttgttctggtcgtgcatgactgggggtccgtcctcggcttcgactg	1	Linb_9_cdh_U_all_gr2_mis2_uniprot_amplicons.fasta											
159	linb_all_UNIPROT	ena|acr66973|acr66973.1 sphingobium sp. p21 partial haloalkane dehalogenase	Linb_9f_cdh_U_all_gr2_cc	Linb_9r_cdh_U_all_gr2_ga	109	350	242	ggcaatccgacgtcgtcctatctgtggcgcaatatcatgccgcattgcgccgggctgggacggctgatcgcctgtgacctgatcggcatgggcgattcggacaagctcgatccgtcggggcccgagcgttatgcctatgccgagcatcgtgactatctcgacgcgctgtgggaggcgctcgatctcggggacagggttgttctggtcgtgcatgactgggggtccgtcctcggcttcgactg	1	Linb_9_cdh_U_all_gr2_mis2_uniprot_amplicons.fasta											
160	linb_all_UNIPROT	ena|acr66971|acr66971.1 sphingobium sp. p8 partial haloalkane dehalogenase	Linb_9f_cdh_U_all_gr2_cc	Linb_9r_cdh_U_all_gr2_ga	109	350	242	ggcaatccgacgtcgtcctatctgtggcgcaatatcatgccgcattgcgccgggctgggacggctgatcgcctgtgacctgatcggcatgggcgattcggacaagctcgatccgtcggggcccgagcgttatgcctatgccgagcatcgtgactatctcgacgcgctgtgggaggcgctcgatctcggggacagggttgttctggtcgtgcatgactgggggtccgtcctcggcttcgactg	1	Linb_9_cdh_U_all_gr2_mis2_uniprot_amplicons.fasta											
161	linb_all_UNIPROT	ena|acr66972|acr66972.1 sphingobium sp. p12 partial haloalkane dehalogenase	Linb_9f_cdh_U_all_gr2_cc	Linb_9r_cdh_U_all_gr2_ga	109	350	242	ggcaatccgacgtcgtcctatctgtggcgcaatatcatgccgcattgcgccgggctgggacggctgatcgcctgtgacctgatcggcatgggcgattcggacaagctcgatccgtcggggcccgagcgttatgcctatgccgagcatcgtgactatctcgacgcgctgtgggaggcgctcgatctcggggacagggttgttctggtcgtgcatgactgggggtccgtcctcggcttcgactg	1	Linb_9_cdh_U_all_gr2_mis2_uniprot_amplicons.fasta											
162	linb_all_UNIPROT	ena|acm20399|acm20399.1 geobacter daltonii frc-32 hydrolytic haloalkane dehalogenase linb	Linb_9f_cdh_U_all_gr2_ca	Linb_9r_cdh_U_all_gr2_ag	118	350	233	gggaatcccacttcctcttatctgtggcgaaatgtgattccacatctggaacaggtcggccgctgtctggcccccgacttggtgggaatgggcgactccggcaaaatgcccggcggcagttatcgcttcgtggatcaggcacgctacctggatgcctggtttgatgcactggggctgacgcataacgtcaccctggtggttcacgattggggatcggccctgggctttcattg	1	Linb_9_cdh_U_all_gr2_mis2_uniprot_amplicons.fasta											
163	linb_all_UNIPROT	ena|kwv76175|kwv76175.1 pseudomonas fluorescens haloalkane dehalogenase	Linb_9f_cdh_U_all_gr2_cc	Linb_9r_cdh_U_all_gr2_ga	130	359	230	ggcaacccgacgtggtcgtatctatggcgcaacatcattccccatgcgctgccacacggcagatgcctggcgccggacctggtgggcatggggctttcgggcaagtcgccgacccgcgcctatcgctttgaggaccacgcccgctacctcgatgcctggttcgaggccatggggttgagtaacgttgtgttggttaccgatgactggggcactgcgctgggggcgcattg	1	Linb_9_cdh_U_all_gr2_mis2_uniprot_amplicons.fasta											
164	linb_all_UNIPROT	ena|cag7651876|cag7651876.1 paenibacillus sp. jj-447 haloalkane dehalogenase	Linb_9f_cdh_U_all_gr2_ct	Linb_9r_cdh_U_all_gr2_ag	106	347	242	ggcaaccctacttcctcttatctctggcgtaaaattcttccttatgctcaagatttcggtcgttgcattgctcctgacctcataggtatgggtgattccgagaaaattcctcacagtggccccgactcttacacctttgtagagaatcgtcgctatctcgatgcccttttggatcaacttgatgttcgcaagcgggttacttttgtggtacacgattgggggtcggcccttggatttgattg	1	Linb_9_cdh_U_all_gr2_mis2_uniprot_amplicons.fasta											
165	linb_all_UNIPROT	ena|cag7647082|cag7647082.1 paenibacillus solanacearum haloalkane dehalogenase	Linb_9f_cdh_U_all_gr2_ct	Linb_9r_cdh_U_all_gr2_ag	106	347	242	ggcaaccctacatcctcttatctctggcgtaaaattgttccttatgctcaagatttcggtcgttgcattgctcctgacctcataggcatgggggattccgagaaaattcctcatagtggttccgacacatacacctttgtagagaatcgtcgctatctcgatgcccttttggatcaacttggtgttcgcaagcgggttacttttgtggtacacgattggggctcggcccttggatttgattg	1	Linb_9_cdh_U_all_gr2_mis2_uniprot_amplicons.fasta											
166	linb_all_UNIPROT	ena|eua87132|eua87132.1 mycobacterium ulcerans str. harvey haloalkane dehalogenase	Linb_9f_cdh_U_all_gr2_cc	Linb_9r_cdh_U_all_gr2_gg	79	311	233	ggcaacccgacttcgtcctacctgtggcgcaacgtgatcccgcatctcagcgacgtgggtcgatgcctggcgccggacctgatcggcatgggggcctccggcacctctccgaccttctcctaccagttcgccgaccatgtccggtacctcgacgcgtggttcgaggccgtcgggattaccgagaacgtggtgttggtggtgcacgactggggttcggcgctgggtttctaccg	1	Linb_9_cdh_U_all_gr2_mis2_uniprot_amplicons.fasta											
167	linb_all_UNIPROT	ena|ccv03868|ccv03868.1 mesorhizobium metallidurans stm 2683 haloalkane dehalogenase	Linb_9f_cdh_U_all_gr2_cc	Linb_9r_cdh_U_all_gr2_gg	40	272	233	ggcaatccgacgccgtcttatctctggcgcaacattatcccgtatctcctgccctacgggcgctgccttgcaccggactatgtgggcatgggcaattccggccacgcaccggacgggaactaccgcttcgtcgaccatcgccgctacctcgacgcctggttcgaggcattgggcctcacctcgaatgtgatcctcgtcgtccacgactgggggtcggcgcttggcttcgactg	1	Linb_9_cdh_U_all_gr2_mis2_uniprot_amplicons.fasta											
168	linb_all_UNIPROT	ena|cab3751286|cab3751286.1 paraburkholderia humisilvae haloalkane dehalogenase	Linb_9f_cdh_U_all_gr2_cc	Linb_9r_cdh_U_all_gr2_ga	40	281	242	ggcaacccgacgtcgtcctatctgtggcgcaatgtggtgccccacttgcagccgtttggtcgatgcatcgtgcccgacctgattggcatgggcgacgccgacaagcttcctgacagtggccccaactcgtatcgcttcgttgaacaccgtgcttacctcgatgctctgctgaaggcactggatgtgcgcgagagcgtcacgctggtgattcatgactggggttccgcgctaggcttccactg	1	Linb_9_cdh_U_all_gr2_mis2_uniprot_amplicons.fasta											
169	linb_all_UNIPROT	ena|aar37538|aar37538.1 uncultured marine bacterium 311 haloalkane dehalogenase	Linb_9f_cdh_U_all_gr2_aa	Linb_9r_cdh_U_all_gr2_gg	115	353	239	ggaaatccaacatcctcatatctctggagaaatattatgccctacgctgaagaggctggtcgtattattgctcccgacttaattggtatgggagactcagaaaagctcgagaattctgggcctgacagttacacctttcaagaacacgctaaatatctttacaaactctttgaagaattggaattagataatgtcaatttagtaatccacgactggggttctgctttggggtttaactg	1	Linb_9_cdh_U_all_gr2_mis2_uniprot_amplicons.fasta											
170	linb_all_UNIPROT	ena|ban01029|ban01029.1 ilumatobacter coccineus ym16-304 haloalkane dehalogenase	Linb_9f_cdh_U_all_gr2_cc	Linb_9r_cdh_U_all_gr2_ag	124	365	242	ggcaacccgacctcgtcgtatctgtggcgcaacatcatcccccacgtctggaacctgggtcgcgtcgtcgcgcccgacctgatcggtcaaggtgactccgacaaactcgacgacgtcggacccgacagctacaccttcgtcgagcaccgacgctggctcgacgcgctgctcgacgaactcgacctcggtgaccaagtggtgctggtggtgcacgattggggttcggcactcggtttcgactg	1	Linb_9_cdh_U_all_gr2_mis2_uniprot_amplicons.fasta											
171	linb_all_UNIPROT	ena|rfz35491|rfz35491.1 mycobacterium marinum haloalkane dehalogenase	Linb_9f_cdh_U_all_gr2_cc	Linb_9r_cdh_U_all_gr2_gg	133	365	233	ggcaacccgacttcatcctacctgtggcgcaacgtgatcccgcatctcagcgacgtgggtcgatgcctggcgccggacctgatcggcatgggggcctccggcacctctccgaccttctcctaccggttcgccgaccatgtccggtacctcgacgcgtggttcgaggccgtcgggattaccgagaacgtggtgtcggtggtgcacgactggggttcggcgctgggtttctaccg	1	Linb_9_cdh_U_all_gr2_mis2_uniprot_amplicons.fasta											
172	linb_all_UNIPROT	ena|eik63944|eik63944.1 pseudomonas fluorescens ss101 haloalkane dehalogenase	Linb_9f_cdh_U_all_gr2_cc	Linb_9r_cdh_U_all_gr2_ga	130	359	230	ggcaaccccacgtggtcctatctgtggcgcaatatcattcctcacgcgctgccacacggcagatgcctggcgccggacctggtgggtatggggctctcgggcaagtcgccgactcgcgcctattgcttcgaggatcatgcccgctatctcgatgcctggttcgaggccatggggttgaccaacgttgtgttggtcaccgatgactggggcactgcactgggagcgcattg	1	Linb_9_cdh_U_all_gr2_mis2_uniprot_amplicons.fasta											
173	linb_all_UNIPROT	ena|nna43381|nna43381.1 pseudomonas lactis haloalkane dehalogenase	Linb_9f_cdh_U_all_gr2_cc	Linb_9r_cdh_U_all_gr2_ga	130	359	230	ggcaaccccacgtggtcctatctgtggcgcaatatcattcctcacgcgctgccacacggcagatgcctggcgccggacctggtgggtatggggctctcgggcaagtcgccgactcgcgcctattgcttcgaggatcatgcccgctatctcgatgcctggttcgaggccatggggttgaccaacgttgtgttggtcaccgatgactggggcactgcactgggagcgcattg	1	Linb_9_cdh_U_all_gr2_mis2_uniprot_amplicons.fasta											
174	linb_all_UNIPROT	ena|nna73631|nna73631.1 pseudomonas lactis haloalkane dehalogenase	Linb_9f_cdh_U_all_gr2_cc	Linb_9r_cdh_U_all_gr2_ga	130	359	230	ggcaaccccacgtggtcctatctgtggcgcaatatcattcctcacgcgctgccacacggcagatgcctggcgccggacctggtgggtatggggctctcgggcaagtcgccgactcgcgcctattgcttcgaggatcatgcccgctatctcgatgcctggttcgaggccatggggttgaccaacgttgtgttggtcaccgatgactggggcactgcactgggagcgcattg	1	Linb_9_cdh_U_all_gr2_mis2_uniprot_amplicons.fasta											
175	linb_all_UNIPROT	ena|nna77458|nna77458.1 pseudomonas lactis haloalkane dehalogenase	Linb_9f_cdh_U_all_gr2_cc	Linb_9r_cdh_U_all_gr2_ga	130	359	230	ggcaaccccacgtggtcctatctgtggcgcaatatcattcctcacgcgctgccacacggcagatgcctggcgccggacctggtgggtatggggctctcgggcaagtcgccgactcgcgcctattgcttcgaggatcatgcccgctatctcgatgcctggttcgaggccatggggttgaccaacgttgtgttggtcaccgatgactggggcactgcactgggagcgcattg	1	Linb_9_cdh_U_all_gr2_mis2_uniprot_amplicons.fasta											
176	linb_all_UNIPROT	ena|aeo24280|aeo24280.1 sphingobium sp. cgr-l2 partial hch-dehalogenase linb	Linb_9f_cdh_U_all_gr2_cc	Linb_9r_cdh_U_all_gr2_ga	36	277	242	ggcaatccgacgtcgtcctatctgtggcgcaatatcatgccgcattgcgccgggctgggacggctgatcgcctgtgacctgatcggcatgggcgattcggacaagctcgatccgtcggggcccgagcgttatgcctatgccgagcatcgtgactatctcgacgcgctgtgggaggcgctcgatctcggggacagggttgttctggtcgtgcatgactgggggtccgtcctcggcttcgactg	1	Linb_9_cdh_U_all_gr2_mis2_uniprot_amplicons.fasta											
177	linb_all_UNIPROT	"ena|efe96722|efe96722.1 serratia odorifera dsm 4582 hydrolase, alpha/beta domain protein"	Linb_9f_cdh_U_all_gr2_ct	Linb_9r_cdh_U_all_gr2_ag	139	365	227	gggaatccgacctcctcctatttgtggcgtaatatcctgccggcaatcgaggggccgtttcgctgtttggcaccggacctgattggtatgggacagtcgggtaagccaccgctcaattacgatttttcagatcatgcgcgttatctgaatgcctggttcgacgtcatggggttgcaagacatgatcctggtcggccacgattggggcgcggcattggcctttgactg	1	Linb_9_cdh_U_all_gr2_mis2_uniprot_amplicons.fasta											
178	all_ourMAGs	COL_SA_mg_mt_148503	Linb_9r_cdh_U_all_gr2_ga	Linb_9f_cdh_U_all_gr2_cc	34802	35034	233	cagtagaagccgagcgccgatccccagtcatgcagcaccagggttacgtcccgcgtcaggttcagcgcctcgaaccaggcatcgagatagcgggcgtggtcccaaaagtgataggcaccgctcggcgaagcgccagattgccccatgcccacaaggtctggcgccaagcatcgaccgaggtcgcgcacatgcgggatgatgttgcgccagagataagacgaggtcggattgcc	1	Linb_9_cdh_U_all_gr2_mis2_blastMAGspecificity_amplicons.fasta	COL_SA_mg_mt_148503_34234-35148	dhaA	k_Bacteria	K01563*	haloalkane dehalogenase [EC:3.8.1.5]	Metabolism; Xenobiotics biodegradation and metabolism; Chloroalkane and chloroalkene degradation | Metabolism; Xenobiotics biodegradation and metabolism; Chlorocyclohexane and chlorobenzene degradation	ENOG410ZVHB	haloalkane dehalogenase activity	Function unknown	PF00561 [alpha/beta hydrolase fold]	25
179	all_ourMAGs	COL_SA_mg_mt_17677	Linb_9r_cdh_U_all_gr2_aa	Linb_9f_cdh_U_all_gr2_ac	14502	14551	50	cggaataggcngcgcgcacngcnccnannatnagcttgtcgcggaccggc	2	Linb_9_cdh_U_all_gr2_mis2_blastMAGspecificity_amplicons.fasta	COL_SA_mg_mt_17677_13516-15327	mutL	k_Bacteria;p_Pseudomonadota;c_Alphaproteobacteria;o_Hyphomicrobiales;f_Nitrobacteraceae;g_Bradyrhizobium	K03572*	DNA mismatch repair protein MutL	Genetic Information Processing; Replication and repair; Mismatch repair | Brite Hierarchies; Protein families: genetic information processing; DNA repair and recombination proteins	COG0323*	DNA mismatch repair enzyme (predicted ATPase)	"DNA replication, recombination and repair"	"PF01119 [DNA mismatch repair protein, C-terminal domain];PF08676 [MutL C terminal dimerisation domain]"	25
