seqID	fwd	rev	start	end	length(bp)	amplicon_seq	notes	ID_file												
rpi:rpic_4500 k21607 tetrachlorobenzoquinone reductase [ec:1.1.1.404] | (genbank) ferredoxin (n)	tcbq_7f_dgp_k_all_t	tcbq_7r_dgp_k_all_a	23	163	141	gcgtgcacgccatgcgctacgaagcccaaggcatcgtgagcgtggagctgcgcgatgtcgacggcaaaacgctgcccgagtacgcacccggcgcgcatatcgaactgcatctcggcaacgggctggtgcgcagctattcgc	1	tcbq_7_dgp_k_all_mis1_KEGG_our_amplicons.fasta												
rpi:rpic_4500 k21607 tetrachlorobenzoquinone reductase [ec:1.1.1.404] | (genbank) ferredoxin (n)	tcbq_7f_dgp_k_all_c	tcbq_7r_dgp_k_all_a	23	163	141	gcgtgcacgccatgcgctacgaagcccaaggcatcgtgagcgtggagctgcgcgatgtcgacggcaaaacgctgcccgagtacgcacccggcgcgcatatcgaactgcatctcggcaacgggctggtgcgcagctattcgc	6	tcbq_7_dgp_k_all_mis2_KEGG_our_amplicons.fasta												
psil:pma3_18885 k21607 tetrachlorobenzoquinone reductase [ec:1.1.1.404] | (genbank) ferredoxin (n)	tcbq_7f_dgp_k_all_t	tcbq_7r_dgp_k_all_g	29	169	141	tcgtgcacaccctgcgctacgaagccgaaggcatcatcagcgtcgaattgcggccctatggcgacaccgtcttccctccgttcgaagccggctcgcacattgacctgcacctgcccaacgggctggtgcgcagctactcgc	1	tcbq_7_dgp_k_all_mis1_KEGG_all_amplicons.fasta												
rpi:rpic_4500 k21607 tetrachlorobenzoquinone reductase [ec:1.1.1.404] | (genbank) ferredoxin (n)	tcbq_7f_dgp_k_all_t	tcbq_7r_dgp_k_all_a	23	163	141	gcgtgcacgccatgcgctacgaagcccaaggcatcgtgagcgtggagctgcgcgatgtcgacggcaaaacgctgcccgagtacgcacccggcgcgcatatcgaactgcatctcggcaacgggctggtgcgcagctattcgc	1	tcbq_7_dgp_k_all_mis1_KEGG_all_amplicons.fasta												
rpf:rpic12d_4632 k21607 tetrachlorobenzoquinone reductase [ec:1.1.1.404] | (genbank) ferredoxin (n)	tcbq_7f_dgp_k_all_t	tcbq_7r_dgp_k_all_a	23	163	141	gcgtgcacgccatgcgctacgaagcccaaggcatcgtgagcgtggagctgcgcgatgtcgacggcaaaacgctgcccgagtacgcacccggcgcgcatatcgaactgcatctcggcaacgggctggtgcgcagctattcgc	1	tcbq_7_dgp_k_all_mis1_KEGG_all_amplicons.fasta												
rin:acs15_4618 k21607 tetrachlorobenzoquinone reductase [ec:1.1.1.404] | (genbank) 2fe-2s iron-sulfur cluster binding domain protein (n)	tcbq_7f_dgp_k_all_t	tcbq_7r_dgp_k_all_a	1	139	141	gtgcacgccatgcgctacgaagcccagggcatcgtgagcgtggagctgcgcgatgtggacggcaagaccctgcccgagtacgcgccgggcgcacatatcgacctgcacctgggcaatggcctggtgcgcagctactcgctg	2	tcbq_7_dgp_k_all_mis1_KEGG_all_amplicons.fasta												
vap:vapar_3159 k21607 tetrachlorobenzoquinone reductase [ec:1.1.1.404] | (genbank) ferredoxin (n)	tcbq_7f_dgp_k_all_t	tcbq_7r_dgp_k_all_g	26	169	144	tggtgcacacgatgcgctacgaggccgacggcatcgtcagcgtcgagttccggccggcttcgcccgagacggagtttcccgccttcgaggccggctcccacatcgacctgcacctgcccaacgggctggtgcgcagctactcgc	1	tcbq_7_dgp_k_all_mis1_KEGG_all_amplicons.fasta												
vpe:varpa_3582 k21607 tetrachlorobenzoquinone reductase [ec:1.1.1.404] | (genbank) oxidoreductase fad/nad(p)-binding domain protein (n)	tcbq_7f_dgp_k_all_t	tcbq_7r_dgp_k_all_g	26	169	144	tcgtgcacacgatgcgctacgaggctgacggcatcgtcagtgtcgagttccggcctgccacgcccgccgtggacttcccggccttcgaagccggctcccacatcgacctgcatctgcccaacgggctggtgcgcagctactcgc	1	tcbq_7_dgp_k_all_mis1_KEGG_all_amplicons.fasta												
vpd:vapa_1c32460 k21607 tetrachlorobenzoquinone reductase [ec:1.1.1.404] | (genbank) putative fad/nad(p)-binding oxidoreductase (n)	tcbq_7f_dgp_k_all_c	tcbq_7r_dgp_k_all_g	26	169	144	tcgtgcacaccatgcgctacgaggccgacggcatcgtcagcgtcgagttccgcccggcttcgcccgaaacggactttcccgccttcgaggccggctcccacatcgacctgcacctgcccaacgggctggtgcgcagctactcgc	3	tcbq_7_dgp_k_all_mis1_KEGG_all_amplicons.fasta												
vbo:cky39_14805 k21607 tetrachlorobenzoquinone reductase [ec:1.1.1.404] | (genbank) oxidoreductase (n)	tcbq_7f_dgp_k_all_c	tcbq_7r_dgp_k_all_g	26	169	144	tcgtgcacaccatgcgctacgaggccgacggcatcgtcagcgtcgagttccggccggccacgccggcggtggactttcccgccttcgaggccggctcccacatcgacctgcacctgcccaacgggctggtgcgcagctactcgc	3	tcbq_7_dgp_k_all_mis1_KEGG_all_amplicons.fasta												
vaz:h7f35_33940 k21607 tetrachlorobenzoquinone reductase [ec:1.1.1.404] | (genbank) oxidoreductase (n)	tcbq_7f_dgp_k_all_c	tcbq_7r_dgp_k_all_g	26	169	144	tcgtgcacaccatgcgctacgaggccgacggcatcgtcagcgtcgagttccggccggccacgcctgccgtggactttcccgccttcgaggccggctcccacatcgacctgcacctgcccaacgggctggtgcgcagctactcgc	3	tcbq_7_dgp_k_all_mis1_KEGG_all_amplicons.fasta												
vav:ig196_12455 k21607 tetrachlorobenzoquinone reductase [ec:1.1.1.404] | (genbank) oxidoreductase (n)	tcbq_7f_dgp_k_all_c	tcbq_7r_dgp_k_all_g	26	169	144	tcgtgcacaccatgcgctacgaggccgacggcatcgtcagcgtcgagttccggccggccacgccggcggtggactttcccgccttcgaggccggctcccacatcgacctgcacctgcccaacgggctggtgcgcagctactcgc	3	tcbq_7_dgp_k_all_mis1_KEGG_all_amplicons.fasta												
vae:rze79_13030 k21607 tetrachlorobenzoquinone reductase [ec:1.1.1.404] | (genbank) pdr/vanb family oxidoreductase (n)	tcbq_7f_dgp_k_all_c	tcbq_7r_dgp_k_all_g	26	169	144	tcgtgcacaccatgcgctacgaggccgacggcatcgtcagcgtcgagttccggccggccacgccggcggtggactttcccgccttcgaggccggctcccacatcgacctgcacctgcccaacgggctggtgcgcagctactcgt	3	tcbq_7_dgp_k_all_mis1_KEGG_all_amplicons.fasta												
vaw:sfb74_19150 k21607 tetrachlorobenzoquinone reductase [ec:1.1.1.404] | (genbank) pdr/vanb family oxidoreductase (n)	tcbq_7f_dgp_k_all_c	tcbq_7r_dgp_k_all_g	26	169	144	tcgtgcacaccatgcgctacgaggccgacggcatcgtgagcgtcgaattccggccggccacgcccgcggtggatttccccgccttcgaggccggctcacatatcgacctgcacctgcccaacgggctggtgcgcagctactcgc	3	tcbq_7_dgp_k_all_mis1_KEGG_all_amplicons.fasta												
pmud:nctc8068_05358 k21607 tetrachlorobenzoquinone reductase [ec:1.1.1.404] | (genbank) vanb; vanillate o-demethylase oxidoreductase (n)	tcbq_7f_dgp_k_all_t	tcbq_7r_dgp_k_all_g	23	163	141	gcgtccacaccctgcgctacgaagccgaaggcattatcagcgtcgaactcagaccgttgggcgataccgtattcacgccgttcgacgccggttcgcacatcgacctgcatttggccaacggcctggtgcgtagttactcgt	1	tcbq_7_dgp_k_all_mis2_KEGG_all_amplicons.fasta												
psil:pma3_18885 k21607 tetrachlorobenzoquinone reductase [ec:1.1.1.404] | (genbank) ferredoxin (n)	tcbq_7f_dgp_k_all_t	tcbq_7r_dgp_k_all_a	29	169	141	tcgtgcacaccctgcgctacgaagccgaaggcatcatcagcgtcgaattgcggccctatggcgacaccgtcttccctccgttcgaagccggctcgcacattgacctgcacctgcccaacgggctggtgcgcagctactcgc	2	tcbq_7_dgp_k_all_mis2_KEGG_all_amplicons.fasta												
psmz:v6l79_20675 k21607 tetrachlorobenzoquinone reductase [ec:1.1.1.404] | (genbank) pdr/vanb family oxidoreductase (n)	tcbq_7f_dgp_k_all_t	tcbq_7r_dgp_k_all_g	23	163	141	gcgtgcataccctgcgctacgaggccgaaggcattatcagtgtcgaattgcgcccttacggtgacaccgtgttcgcacctttcgacgcgggttcacatattgacctgcacctgcccaacggtctggtgcgcagttactcgt	1	tcbq_7_dgp_k_all_mis2_KEGG_all_amplicons.fasta												
rpi:rpic_4500 k21607 tetrachlorobenzoquinone reductase [ec:1.1.1.404] | (genbank) ferredoxin (n)	tcbq_7f_dgp_k_all_c	tcbq_7r_dgp_k_all_a	23	163	141	gcgtgcacgccatgcgctacgaagcccaaggcatcgtgagcgtggagctgcgcgatgtcgacggcaaaacgctgcccgagtacgcacccggcgcgcatatcgaactgcatctcggcaacgggctggtgcgcagctattcgc	6	tcbq_7_dgp_k_all_mis2_KEGG_all_amplicons.fasta												
rpf:rpic12d_4632 k21607 tetrachlorobenzoquinone reductase [ec:1.1.1.404] | (genbank) ferredoxin (n)	tcbq_7f_dgp_k_all_c	tcbq_7r_dgp_k_all_a	23	163	141	gcgtgcacgccatgcgctacgaagcccaaggcatcgtgagcgtggagctgcgcgatgtcgacggcaaaacgctgcccgagtacgcacccggcgcgcatatcgaactgcatctcggcaacgggctggtgcgcagctattcgc	6	tcbq_7_dgp_k_all_mis2_KEGG_all_amplicons.fasta												
rin:acs15_4618 k21607 tetrachlorobenzoquinone reductase [ec:1.1.1.404] | (genbank) 2fe-2s iron-sulfur cluster binding domain protein (n)	tcbq_7f_dgp_k_all_c	tcbq_7r_dgp_k_all_a	1	139	141	gtgcacgccatgcgctacgaagcccagggcatcgtgagcgtggagctgcgcgatgtggacggcaagaccctgcccgagtacgcgccgggcgcacatatcgacctgcacctgggcaatggcctggtgcgcagctactcgctg	6	tcbq_7_dgp_k_all_mis2_KEGG_all_amplicons.fasta												
vap:vapar_3159 k21607 tetrachlorobenzoquinone reductase [ec:1.1.1.404] | (genbank) ferredoxin (n)	tcbq_7f_dgp_k_all_c	tcbq_7r_dgp_k_all_a	26	169	144	tggtgcacacgatgcgctacgaggccgacggcatcgtcagcgtcgagttccggccggcttcgcccgagacggagtttcccgccttcgaggccggctcccacatcgacctgcacctgcccaacgggctggtgcgcagctactcgc	6	tcbq_7_dgp_k_all_mis2_KEGG_all_amplicons.fasta												
vpe:varpa_3582 k21607 tetrachlorobenzoquinone reductase [ec:1.1.1.404] | (genbank) oxidoreductase fad/nad(p)-binding domain protein (n)	tcbq_7f_dgp_k_all_c	tcbq_7r_dgp_k_all_a	26	169	144	tcgtgcacacgatgcgctacgaggctgacggcatcgtcagtgtcgagttccggcctgccacgcccgccgtggacttcccggccttcgaagccggctcccacatcgacctgcatctgcccaacgggctggtgcgcagctactcgc	6	tcbq_7_dgp_k_all_mis2_KEGG_all_amplicons.fasta												
vpd:vapa_1c32460 k21607 tetrachlorobenzoquinone reductase [ec:1.1.1.404] | (genbank) putative fad/nad(p)-binding oxidoreductase (n)	tcbq_7f_dgp_k_all_c	tcbq_7r_dgp_k_all_a	26	169	144	tcgtgcacaccatgcgctacgaggccgacggcatcgtcagcgtcgagttccgcccggcttcgcccgaaacggactttcccgccttcgaggccggctcccacatcgacctgcacctgcccaacgggctggtgcgcagctactcgc	6	tcbq_7_dgp_k_all_mis2_KEGG_all_amplicons.fasta												
vbo:cky39_14805 k21607 tetrachlorobenzoquinone reductase [ec:1.1.1.404] | (genbank) oxidoreductase (n)	tcbq_7f_dgp_k_all_c	tcbq_7r_dgp_k_all_a	26	169	144	tcgtgcacaccatgcgctacgaggccgacggcatcgtcagcgtcgagttccggccggccacgccggcggtggactttcccgccttcgaggccggctcccacatcgacctgcacctgcccaacgggctggtgcgcagctactcgc	6	tcbq_7_dgp_k_all_mis2_KEGG_all_amplicons.fasta												
vaz:h7f35_33940 k21607 tetrachlorobenzoquinone reductase [ec:1.1.1.404] | (genbank) oxidoreductase (n)	tcbq_7f_dgp_k_all_c	tcbq_7r_dgp_k_all_a	26	169	144	tcgtgcacaccatgcgctacgaggccgacggcatcgtcagcgtcgagttccggccggccacgcctgccgtggactttcccgccttcgaggccggctcccacatcgacctgcacctgcccaacgggctggtgcgcagctactcgc	6	tcbq_7_dgp_k_all_mis2_KEGG_all_amplicons.fasta												
vav:ig196_12455 k21607 tetrachlorobenzoquinone reductase [ec:1.1.1.404] | (genbank) oxidoreductase (n)	tcbq_7f_dgp_k_all_c	tcbq_7r_dgp_k_all_a	26	169	144	tcgtgcacaccatgcgctacgaggccgacggcatcgtcagcgtcgagttccggccggccacgccggcggtggactttcccgccttcgaggccggctcccacatcgacctgcacctgcccaacgggctggtgcgcagctactcgc	6	tcbq_7_dgp_k_all_mis2_KEGG_all_amplicons.fasta												
vae:rze79_13030 k21607 tetrachlorobenzoquinone reductase [ec:1.1.1.404] | (genbank) pdr/vanb family oxidoreductase (n)	tcbq_7f_dgp_k_all_c	tcbq_7r_dgp_k_all_a	26	169	144	tcgtgcacaccatgcgctacgaggccgacggcatcgtcagcgtcgagttccggccggccacgccggcggtggactttcccgccttcgaggccggctcccacatcgacctgcacctgcccaacgggctggtgcgcagctactcgt	6	tcbq_7_dgp_k_all_mis2_KEGG_all_amplicons.fasta												
vaw:sfb74_19150 k21607 tetrachlorobenzoquinone reductase [ec:1.1.1.404] | (genbank) pdr/vanb family oxidoreductase (n)	tcbq_7f_dgp_k_all_c	tcbq_7r_dgp_k_all_a	26	169	144	tcgtgcacaccatgcgctacgaggccgacggcatcgtgagcgtcgaattccggccggccacgcccgcggtggatttccccgccttcgaggccggctcacatatcgacctgcacctgcccaacgggctggtgcgcagctactcgc	6	tcbq_7_dgp_k_all_mis2_KEGG_all_amplicons.fasta												
COL_SA_mg_mt_298861	tcbq_7r_dgp_k_all_g	tcbq_7f_dgp_k_all_c	11549	11692	144	gcgagtagctgcgcaccagcccgttgggcaggtgcaggtcgatgtgggagccggcctcgaaggcgggaaagtccgtttcgggcgaagccgggcggaactcgacgctgacgatgccgtcggcctcgtagcgcatggtgtgcacga	3	tcbq_7_dgp_k_all_mis1_MAGspecificity_amplicons.fasta	COL_SA_mg_mt_298861_10749-11717	pcpD	k_Bacteria;p_Pseudomonadota;c_Betaproteobacteria;o_Burkholderiales;f_Comamonadaceae;g_Variovorax	K21607*	tetrachlorobenzoquinone reductase [EC:1.1.1.404]	Metabolism; Xenobiotics biodegradation and metabolism; Chlorocyclohexane and chlorobenzene degradation	COG1018*	Flavodoxin reductases (ferredoxin-NADPH reductases) family 1	Energy production and conversion		25	1
COL_SA_mg_mt_298861	tcbq_7r_dgp_k_all_a	tcbq_7f_dgp_k_all_c	11549	11692	144	gcgagtagctgcgcaccagcccgttgggcaggtgcaggtcgatgtgggagccggcctcgaaggcgggaaagtccgtttcgggcgaagccgggcggaactcgacgctgacgatgccgtcggcctcgtagcgcatggtgtgcacga	6	tcbq_7_dgp_k_all_mis2_MAGspecificity_amplicons.fasta	COL_SA_mg_mt_298861_10749-11717	pcpD	k_Bacteria;p_Pseudomonadota;c_Betaproteobacteria;o_Burkholderiales;f_Comamonadaceae;g_Variovorax	K21607*	tetrachlorobenzoquinone reductase [EC:1.1.1.404]	Metabolism; Xenobiotics biodegradation and metabolism; Chlorocyclohexane and chlorobenzene degradation	COG1018*	Flavodoxin reductases (ferredoxin-NADPH reductases) family 1	Energy production and conversion		25	2
COL_SA_mg_mt_23183	tcbq_7r_dgp_k_all_g	tcbq_7r_dgp_k_all_a	20098	20257	160	gtgcgnaccggcncnccngngaccttccangtcanngacatcaccatcttntcgtcgatnggngtgtccggntccatgccggtnatgaaggcnntgtaatcgacatacgcgccgctcggaaacacgttgcggcactcctgcntggtgcgcagnancgnat	2	tcbq_7_dgp_k_all_mis2_MAGspecificity_amplicons.fasta	COL_SA_mg_mt_23183_19824-20495		k_Bacteria;p_Pseudomonadota;c_Alphaproteobacteria;o_Hyphomicrobiales;f_Nitrobacteraceae;g_Bradyrhizobium							"PF16461 [Lambda phage tail tube protein, TTP]"	11	2
