seqID	fwd	rev	start	end	length(bp)	amplicon_seq	notes	ID_file
rpi:rpic_4500 k21607 tetrachlorobenzoquinone reductase [ec:1.1.1.404] | (genbank) ferredoxin (n)	tcbq_6f_dgp_k_all_t	tcbq_6r_dgp_k_all_a	24	164	141	cgtgcacgccatgcgctacgaagcccaaggcatcgtgagcgtggagctgcgcgatgtcgacggcaaaacgctgcccgagtacgcacccggcgcgcatatcgaactgcatctcggcaacgggctggtgcgcagctattcgct	1	tcbq_6_dgp_k_all_mis1_KEGG_our_amplicons.fasta
rpi:rpic_4500 k21607 tetrachlorobenzoquinone reductase [ec:1.1.1.404] | (genbank) ferredoxin (n)	tcbq_6f_dgp_k_all_c	tcbq_6r_dgp_k_all_a	24	164	141	cgtgcacgccatgcgctacgaagcccaaggcatcgtgagcgtggagctgcgcgatgtcgacggcaaaacgctgcccgagtacgcacccggcgcgcatatcgaactgcatctcggcaacgggctggtgcgcagctattcgct	6	tcbq_6_dgp_k_all_mis2_KEGG_our_amplicons.fasta
psil:PMA3_18885 K21607 tetrachlorobenzoquinone reductase [EC:1.1.1.404] | (GenBank) ferredoxin (N)	tcbq_6f_dgp_k_all_t	tcbq_6r_dgp_k_all_g	30	170	141	cgtgcacaccctgcgctacgaagccgaaggcatcatcagcgtcgaattgcggccctatggcgacaccgtcttccctccgttcgaagccggctcgcacattgacctgcacctgcccaacgggctggtgcgcagctactcgct	1	tcbq_6_dgp_k_all_mis1_KEGG_all_amplicons.fasta
rpi:Rpic_4500 K21607 tetrachlorobenzoquinone reductase [EC:1.1.1.404] | (GenBank) ferredoxin (N)	tcbq_6f_dgp_k_all_t	tcbq_6r_dgp_k_all_a	24	164	141	cgtgcacgccatgcgctacgaagcccaaggcatcgtgagcgtggagctgcgcgatgtcgacggcaaaacgctgcccgagtacgcacccggcgcgcatatcgaactgcatctcggcaacgggctggtgcgcagctattcgct	1	tcbq_6_dgp_k_all_mis1_KEGG_all_amplicons.fasta
rpf:Rpic12D_4632 K21607 tetrachlorobenzoquinone reductase [EC:1.1.1.404] | (GenBank) ferredoxin (N)	tcbq_6f_dgp_k_all_t	tcbq_6r_dgp_k_all_a	24	164	141	cgtgcacgccatgcgctacgaagcccaaggcatcgtgagcgtggagctgcgcgatgtcgacggcaaaacgctgcccgagtacgcacccggcgcgcatatcgaactgcatctcggcaacgggctggtgcgcagctattcgct	1	tcbq_6_dgp_k_all_mis1_KEGG_all_amplicons.fasta
rin:ACS15_4618 K21607 tetrachlorobenzoquinone reductase [EC:1.1.1.404] | (GenBank) 2Fe-2S iron-sulfur cluster binding domain protein (N)	tcbq_6f_dgp_k_all_t	tcbq_6r_dgp_k_all_a	1	140	141	gtgcacgccatgcgctacgaagcccagggcatcgtgagcgtggagctgcgcgatgtggacggcaagaccctgcccgagtacgcgccgggcgcacatatcgacctgcacctgggcaatggcctggtgcgcagctactcgctg	2	tcbq_6_dgp_k_all_mis1_KEGG_all_amplicons.fasta
vap:Vapar_3159 K21607 tetrachlorobenzoquinone reductase [EC:1.1.1.404] | (GenBank) ferredoxin (N)	tcbq_6f_dgp_k_all_t	tcbq_6r_dgp_k_all_g	27	170	144	ggtgcacacgatgcgctacgaggccgacggcatcgtcagcgtcgagttccggccggcttcgcccgagacggagtttcccgccttcgaggccggctcccacatcgacctgcacctgcccaacgggctggtgcgcagctactcgct	1	tcbq_6_dgp_k_all_mis1_KEGG_all_amplicons.fasta
vpe:Varpa_3582 K21607 tetrachlorobenzoquinone reductase [EC:1.1.1.404] | (GenBank) oxidoreductase FAD/NAD(P)-binding domain protein (N)	tcbq_6f_dgp_k_all_t	tcbq_6r_dgp_k_all_g	27	170	144	cgtgcacacgatgcgctacgaggctgacggcatcgtcagtgtcgagttccggcctgccacgcccgccgtggacttcccggccttcgaagccggctcccacatcgacctgcatctgcccaacgggctggtgcgcagctactcgct	1	tcbq_6_dgp_k_all_mis1_KEGG_all_amplicons.fasta
vpd:VAPA_1c32460 K21607 tetrachlorobenzoquinone reductase [EC:1.1.1.404] | (GenBank) putative FAD/NAD(P)-binding oxidoreductase (N)	tcbq_6f_dgp_k_all_c	tcbq_6r_dgp_k_all_g	27	170	144	cgtgcacaccatgcgctacgaggccgacggcatcgtcagcgtcgagttccgcccggcttcgcccgaaacggactttcccgccttcgaggccggctcccacatcgacctgcacctgcccaacgggctggtgcgcagctactcgct	3	tcbq_6_dgp_k_all_mis1_KEGG_all_amplicons.fasta
vbo:CKY39_14805 K21607 tetrachlorobenzoquinone reductase [EC:1.1.1.404] | (GenBank) oxidoreductase (N)	tcbq_6f_dgp_k_all_c	tcbq_6r_dgp_k_all_g	27	170	144	cgtgcacaccatgcgctacgaggccgacggcatcgtcagcgtcgagttccggccggccacgccggcggtggactttcccgccttcgaggccggctcccacatcgacctgcacctgcccaacgggctggtgcgcagctactcgct	3	tcbq_6_dgp_k_all_mis1_KEGG_all_amplicons.fasta
vaz:H7F35_33940 K21607 tetrachlorobenzoquinone reductase [EC:1.1.1.404] | (GenBank) oxidoreductase (N)	tcbq_6f_dgp_k_all_c	tcbq_6r_dgp_k_all_g	27	170	144	cgtgcacaccatgcgctacgaggccgacggcatcgtcagcgtcgagttccggccggccacgcctgccgtggactttcccgccttcgaggccggctcccacatcgacctgcacctgcccaacgggctggtgcgcagctactcgct	3	tcbq_6_dgp_k_all_mis1_KEGG_all_amplicons.fasta
vav:IG196_12455 K21607 tetrachlorobenzoquinone reductase [EC:1.1.1.404] | (GenBank) oxidoreductase (N)	tcbq_6f_dgp_k_all_c	tcbq_6r_dgp_k_all_g	27	170	144	cgtgcacaccatgcgctacgaggccgacggcatcgtcagcgtcgagttccggccggccacgccggcggtggactttcccgccttcgaggccggctcccacatcgacctgcacctgcccaacgggctggtgcgcagctactcgct	3	tcbq_6_dgp_k_all_mis1_KEGG_all_amplicons.fasta
vae:RZE79_13030 K21607 tetrachlorobenzoquinone reductase [EC:1.1.1.404] | (GenBank) PDR/VanB family oxidoreductase (N)	tcbq_6f_dgp_k_all_c	tcbq_6r_dgp_k_all_g	27	170	144	cgtgcacaccatgcgctacgaggccgacggcatcgtcagcgtcgagttccggccggccacgccggcggtggactttcccgccttcgaggccggctcccacatcgacctgcacctgcccaacgggctggtgcgcagctactcgtt	3	tcbq_6_dgp_k_all_mis1_KEGG_all_amplicons.fasta
vaw:SFB74_19150 K21607 tetrachlorobenzoquinone reductase [EC:1.1.1.404] | (GenBank) PDR/VanB family oxidoreductase (N)	tcbq_6f_dgp_k_all_c	tcbq_6r_dgp_k_all_g	27	170	144	cgtgcacaccatgcgctacgaggccgacggcatcgtgagcgtcgaattccggccggccacgcccgcggtggatttccccgccttcgaggccggctcacatatcgacctgcacctgcccaacgggctggtgcgcagctactcgct	3	tcbq_6_dgp_k_all_mis1_KEGG_all_amplicons.fasta
pmud:NCTC8068_05358 K21607 tetrachlorobenzoquinone reductase [EC:1.1.1.404] | (GenBank) vanB; vanillate O-demethylase oxidoreductase (N)	tcbq_6f_dgp_k_all_t	tcbq_6r_dgp_k_all_g	24	164	141	cgtccacaccctgcgctacgaagccgaaggcattatcagcgtcgaactcagaccgttgggcgataccgtattcacgccgttcgacgccggttcgcacatcgacctgcatttggccaacggcctggtgcgtagttactcgtt	1	tcbq_6_dgp_k_all_mis2_KEGG_all_amplicons.fasta
psil:PMA3_18885 K21607 tetrachlorobenzoquinone reductase [EC:1.1.1.404] | (GenBank) ferredoxin (N)	tcbq_6f_dgp_k_all_t	tcbq_6r_dgp_k_all_a	30	170	141	cgtgcacaccctgcgctacgaagccgaaggcatcatcagcgtcgaattgcggccctatggcgacaccgtcttccctccgttcgaagccggctcgcacattgacctgcacctgcccaacgggctggtgcgcagctactcgct	2	tcbq_6_dgp_k_all_mis2_KEGG_all_amplicons.fasta
psmz:V6L79_20675 K21607 tetrachlorobenzoquinone reductase [EC:1.1.1.404] | (GenBank) PDR/VanB family oxidoreductase (N)	tcbq_6f_dgp_k_all_t	tcbq_6r_dgp_k_all_g	24	164	141	cgtgcataccctgcgctacgaggccgaaggcattatcagtgtcgaattgcgcccttacggtgacaccgtgttcgcacctttcgacgcgggttcacatattgacctgcacctgcccaacggtctggtgcgcagttactcgtt	1	tcbq_6_dgp_k_all_mis2_KEGG_all_amplicons.fasta
rpi:Rpic_4500 K21607 tetrachlorobenzoquinone reductase [EC:1.1.1.404] | (GenBank) ferredoxin (N)	tcbq_6f_dgp_k_all_c	tcbq_6r_dgp_k_all_a	24	164	141	cgtgcacgccatgcgctacgaagcccaaggcatcgtgagcgtggagctgcgcgatgtcgacggcaaaacgctgcccgagtacgcacccggcgcgcatatcgaactgcatctcggcaacgggctggtgcgcagctattcgct	6	tcbq_6_dgp_k_all_mis2_KEGG_all_amplicons.fasta
rpf:Rpic12D_4632 K21607 tetrachlorobenzoquinone reductase [EC:1.1.1.404] | (GenBank) ferredoxin (N)	tcbq_6f_dgp_k_all_c	tcbq_6r_dgp_k_all_a	24	164	141	cgtgcacgccatgcgctacgaagcccaaggcatcgtgagcgtggagctgcgcgatgtcgacggcaaaacgctgcccgagtacgcacccggcgcgcatatcgaactgcatctcggcaacgggctggtgcgcagctattcgct	6	tcbq_6_dgp_k_all_mis2_KEGG_all_amplicons.fasta
rin:ACS15_4618 K21607 tetrachlorobenzoquinone reductase [EC:1.1.1.404] | (GenBank) 2Fe-2S iron-sulfur cluster binding domain protein (N)	tcbq_6f_dgp_k_all_c	tcbq_6r_dgp_k_all_a	1	140	141	gtgcacgccatgcgctacgaagcccagggcatcgtgagcgtggagctgcgcgatgtggacggcaagaccctgcccgagtacgcgccgggcgcacatatcgacctgcacctgggcaatggcctggtgcgcagctactcgctg	6	tcbq_6_dgp_k_all_mis2_KEGG_all_amplicons.fasta
vap:Vapar_3159 K21607 tetrachlorobenzoquinone reductase [EC:1.1.1.404] | (GenBank) ferredoxin (N)	tcbq_6f_dgp_k_all_c	tcbq_6r_dgp_k_all_a	27	170	144	ggtgcacacgatgcgctacgaggccgacggcatcgtcagcgtcgagttccggccggcttcgcccgagacggagtttcccgccttcgaggccggctcccacatcgacctgcacctgcccaacgggctggtgcgcagctactcgct	6	tcbq_6_dgp_k_all_mis2_KEGG_all_amplicons.fasta
vpe:Varpa_3582 K21607 tetrachlorobenzoquinone reductase [EC:1.1.1.404] | (GenBank) oxidoreductase FAD/NAD(P)-binding domain protein (N)	tcbq_6f_dgp_k_all_c	tcbq_6r_dgp_k_all_a	27	170	144	cgtgcacacgatgcgctacgaggctgacggcatcgtcagtgtcgagttccggcctgccacgcccgccgtggacttcccggccttcgaagccggctcccacatcgacctgcatctgcccaacgggctggtgcgcagctactcgct	6	tcbq_6_dgp_k_all_mis2_KEGG_all_amplicons.fasta
vpd:VAPA_1c32460 K21607 tetrachlorobenzoquinone reductase [EC:1.1.1.404] | (GenBank) putative FAD/NAD(P)-binding oxidoreductase (N)	tcbq_6f_dgp_k_all_c	tcbq_6r_dgp_k_all_a	27	170	144	cgtgcacaccatgcgctacgaggccgacggcatcgtcagcgtcgagttccgcccggcttcgcccgaaacggactttcccgccttcgaggccggctcccacatcgacctgcacctgcccaacgggctggtgcgcagctactcgct	6	tcbq_6_dgp_k_all_mis2_KEGG_all_amplicons.fasta
vbo:CKY39_14805 K21607 tetrachlorobenzoquinone reductase [EC:1.1.1.404] | (GenBank) oxidoreductase (N)	tcbq_6f_dgp_k_all_c	tcbq_6r_dgp_k_all_a	27	170	144	cgtgcacaccatgcgctacgaggccgacggcatcgtcagcgtcgagttccggccggccacgccggcggtggactttcccgccttcgaggccggctcccacatcgacctgcacctgcccaacgggctggtgcgcagctactcgct	6	tcbq_6_dgp_k_all_mis2_KEGG_all_amplicons.fasta
vaz:H7F35_33940 K21607 tetrachlorobenzoquinone reductase [EC:1.1.1.404] | (GenBank) oxidoreductase (N)	tcbq_6f_dgp_k_all_c	tcbq_6r_dgp_k_all_a	27	170	144	cgtgcacaccatgcgctacgaggccgacggcatcgtcagcgtcgagttccggccggccacgcctgccgtggactttcccgccttcgaggccggctcccacatcgacctgcacctgcccaacgggctggtgcgcagctactcgct	6	tcbq_6_dgp_k_all_mis2_KEGG_all_amplicons.fasta
vav:IG196_12455 K21607 tetrachlorobenzoquinone reductase [EC:1.1.1.404] | (GenBank) oxidoreductase (N)	tcbq_6f_dgp_k_all_c	tcbq_6r_dgp_k_all_a	27	170	144	cgtgcacaccatgcgctacgaggccgacggcatcgtcagcgtcgagttccggccggccacgccggcggtggactttcccgccttcgaggccggctcccacatcgacctgcacctgcccaacgggctggtgcgcagctactcgct	6	tcbq_6_dgp_k_all_mis2_KEGG_all_amplicons.fasta
vae:RZE79_13030 K21607 tetrachlorobenzoquinone reductase [EC:1.1.1.404] | (GenBank) PDR/VanB family oxidoreductase (N)	tcbq_6f_dgp_k_all_c	tcbq_6r_dgp_k_all_a	27	170	144	cgtgcacaccatgcgctacgaggccgacggcatcgtcagcgtcgagttccggccggccacgccggcggtggactttcccgccttcgaggccggctcccacatcgacctgcacctgcccaacgggctggtgcgcagctactcgtt	6	tcbq_6_dgp_k_all_mis2_KEGG_all_amplicons.fasta
vaw:SFB74_19150 K21607 tetrachlorobenzoquinone reductase [EC:1.1.1.404] | (GenBank) PDR/VanB family oxidoreductase (N)	tcbq_6f_dgp_k_all_c	tcbq_6r_dgp_k_all_a	27	170	144	cgtgcacaccatgcgctacgaggccgacggcatcgtgagcgtcgaattccggccggccacgcccgcggtggatttccccgccttcgaggccggctcacatatcgacctgcacctgcccaacgggctggtgcgcagctactcgct	6	tcbq_6_dgp_k_all_mis2_KEGG_all_amplicons.fasta
