seqID	fwd	rev	start	end	length(bp)	amplicon_seq	notes	ID_file	ORF_ID_found	Gene_name	Tax	KEGG_ID	KEGGFUN	KEGGPATH	COG_ID	COGFUN	COGPATH	PFAM	Hits
ena|aaa27512|aaa27512.1 plasmid pvi150 hypothetical protein	cate+_lit1_a_f	cate+_lit1_a_r	687	924	238	cgacctgatctccatgaccgatacctccatcgacataggcccgacccgccacggcctgactcacggcaagaccatctacttcttcgacccttcgggcaaccgcaacgaggtgttctgtggcggcgattacaactaccaggaccacaagcccgtgacctggctggccaaggacctgggcaaggccattttttaccacgaccgggtgctcaacgaacgtttcctgaccgtgctcacctga	1	cate+_lit1_a_mis1_U_all_amplicons.fasta											
ena|caa24490|caa24490.1 pseudomonas putida metapyrocatechase	cate+_lit1_a_f	cate+_lit1_a_r	687	924	238	cgacctgatctccatgaccgacacatctatcgatatcggcccaacccgccacggcctcactcacggcaagaccatctacttcttcgacccgtccggtaaccgcaacgaagtgttctgcgggggagattacaactacccggaccacaaaccggtgacctggaccaccgaccagctgggcaaggcgatcttttaccacgaccgcattctcaacgaacgattcatgaccgtgctgacctga	1	cate+_lit1_a_mis1_U_all_amplicons.fasta											
"ena|aaa26052|aaa26052.1 plasmid pww0 catechol 2,3-dioxygenase"	cate+_lit1_a_f	cate+_lit1_a_r	687	924	238	cgacctgatctccatgaccgacacatctatcgatatcggcccaacccgccacggcctcactcacggcaagaccatctacttcttcgacccgtccggtaaccgcaacgaagtgttctgcgggggagattacaactacccggaccacaaaccggtgacctggaccaccgaccagctgggcaaggcgatcttttaccacgaccgcattctcaacgaacgattcatgaccgtgctgacctga	1	cate+_lit1_a_mis1_U_all_amplicons.fasta											
"ena|aaa23353|aaa23353.1 plasmid pdk1 catechol 2,3-dioxygenase"	cate+_lit1_a_f	cate+_lit1_a_r	687	924	238	cgacctgatctccatgaccgacacctcgatcgatatcggcccgacccgtcacggtctgacccacggcaagaccatctacttcttcgacccgtccggtaaccgcaacgaagtgttctgcggtggagattacaactacccggaccacaaaccggtgacctggaccgccgaccaactgggcaaggcgatcttttaccacgaccgcattctcaacgaacgattcatgaccgtgctgacctga	1	cate+_lit1_a_mis1_U_all_amplicons.fasta											
"ena|caa43145|caa43145.1 pseudomonas aeruginosa catechol 2,3-dioxygenase"	cate+_lit1_a_f	cate+_lit1_a_r	687	924	238	cgacctgatctccatgaccgacacctcgatcgacatcggcccgacccgtcatggcctgacccacggcaagaccatctacttcttcgacccgtccggtaaccgcagcgaggtgttctgcggcggcaactacagctatccggatcacaagccggtgacctggctggctaaggacctgggcaaggcgatcttctatcacgaccgtgtgctcaacgaacgattcatgaccgtgctgacctga	1	cate+_lit1_a_mis1_U_all_amplicons.fasta											
ena|aaa27512|aaa27512.1 plasmid pvi150 hypothetical protein	cate+_lit1_a_f	cate+_lit1_a_r	687	924	238	cgacctgatctccatgaccgatacctccatcgacataggcccgacccgccacggcctgactcacggcaagaccatctacttcttcgacccttcgggcaaccgcaacgaggtgttctgtggcggcgattacaactaccaggaccacaagcccgtgacctggctggccaaggacctgggcaaggccattttttaccacgaccgggtgctcaacgaacgtttcctgaccgtgctcacctga	1	cate+_lit1_a_mis2_U_all_amplicons.fasta											
ena|caa24490|caa24490.1 pseudomonas putida metapyrocatechase	cate+_lit1_a_f	cate+_lit1_a_r	687	924	238	cgacctgatctccatgaccgacacatctatcgatatcggcccaacccgccacggcctcactcacggcaagaccatctacttcttcgacccgtccggtaaccgcaacgaagtgttctgcgggggagattacaactacccggaccacaaaccggtgacctggaccaccgaccagctgggcaaggcgatcttttaccacgaccgcattctcaacgaacgattcatgaccgtgctgacctga	1	cate+_lit1_a_mis2_U_all_amplicons.fasta											
"ena|aaa26052|aaa26052.1 plasmid pww0 catechol 2,3-dioxygenase"	cate+_lit1_a_f	cate+_lit1_a_r	687	924	238	cgacctgatctccatgaccgacacatctatcgatatcggcccaacccgccacggcctcactcacggcaagaccatctacttcttcgacccgtccggtaaccgcaacgaagtgttctgcgggggagattacaactacccggaccacaaaccggtgacctggaccaccgaccagctgggcaaggcgatcttttaccacgaccgcattctcaacgaacgattcatgaccgtgctgacctga	1	cate+_lit1_a_mis2_U_all_amplicons.fasta											
"ena|aaa23353|aaa23353.1 plasmid pdk1 catechol 2,3-dioxygenase"	cate+_lit1_a_f	cate+_lit1_a_r	687	924	238	cgacctgatctccatgaccgacacctcgatcgatatcggcccgacccgtcacggtctgacccacggcaagaccatctacttcttcgacccgtccggtaaccgcaacgaagtgttctgcggtggagattacaactacccggaccacaaaccggtgacctggaccgccgaccaactgggcaaggcgatcttttaccacgaccgcattctcaacgaacgattcatgaccgtgctgacctga	1	cate+_lit1_a_mis2_U_all_amplicons.fasta											
"ena|caa43145|caa43145.1 pseudomonas aeruginosa catechol 2,3-dioxygenase"	cate+_lit1_a_f	cate+_lit1_a_r	687	924	238	cgacctgatctccatgaccgacacctcgatcgacatcggcccgacccgtcatggcctgacccacggcaagaccatctacttcttcgacccgtccggtaaccgcagcgaggtgttctgcggcggcaactacagctatccggatcacaagccggtgacctggctggctaaggacctgggcaaggcgatcttctatcacgaccgtgtgctcaacgaacgattcatgaccgtgctgacctga	1	cate+_lit1_a_mis2_U_all_amplicons.fasta											
"pfuw:kf707c_15530 k00446 catechol 2,3-dioxygenase [ec:1.13.11.2] | (genbank) bzac; catechol 2,3-dioxygenase (n)"	23cat-f	23cat-r	687	924	238	cgacctgatctccatgaccgacacctcgatcgacatcggcccaacccgccacggcctcactcacggcaagaccatctacttcttcgacccgtccggtaaccgcaacgaagtgttctgcgggggagattacaactacccggaccacaaaccggtgacctggaccactgaccagctgggcaaggcgatcttttaccacgaccgcattctcaacgaacgattcatgaccgtgctgacctga	1	cate+_lit1_a_mis1_K0046_all_amplicons.fasta											
"pfuw:kf707c_16100 k00446 catechol 2,3-dioxygenase [ec:1.13.11.2] | (genbank) salc; catechol 2,3-dioxygenase (n)"	23cat-f	23cat-r	687	924	238	cgacctgatctccatgaccgacacctctatcgacatcggcccgacccgtcatggcctgacccacggcaagaccatctacttcttcgacccgtccggtaaccgcagcgaggtgttctgcggcggcaactacagctatccggatcacaagccggtgacctggctggctaaggacctgggcaaggcgatcttctatcacgaccgtgtgctcaacgaacgattcatgaccgtgctgacctga	1	cate+_lit1_a_mis1_K0046_all_amplicons.fasta											
"ppj:rk21_04240 k00446 catechol 2,3-dioxygenase [ec:1.13.11.2] | (genbank) metapyrocatechase (n)"	23cat-f	23cat-r	687	924	238	cgacctgatctccatgaccgatacctccatcgacataggcccgacccgccacggcctgactcacggcaagaccatctacttcttcgacccttcgggcaaccgcaacgaggtgttctgtggcggcgattacaactaccaggaccacaagcccgtgacctggctggccaaggacctgggcaaggccattttttaccacgaccgggtgctcaacgaacgtttcctgaccgtgctcacctga	1	cate+_lit1_a_mis1_K0046_all_amplicons.fasta											
"plau:i0d68_00665 k00446 catechol 2,3-dioxygenase [ec:1.13.11.2] | (genbank) catechol 2,3-dioxygenase (n)"	23cat-f	23cat-r	687	924	238	cgacctgatctccatgaccgacacctcgattgatatcgggccgacccgtcacggcctgacccacggcaagaccatctacttcttcgacccgtccggtaaccggaacgaggtgttctgcggtggtgattacaactactccgatcacaagccggtgacctggttggccaaggacctgggcaaggccattttctaccacgaccgagcactcaacgaacgtttcctgaccgtgctgacctga	1	cate+_lit1_a_mis1_K0046_all_amplicons.fasta											
"pall:uya_06705 k00446 catechol 2,3-dioxygenase [ec:1.13.11.2] | (genbank) catechol 2,3-dioxygenase (n)"	23cat-f	23cat-r	687	924	238	cgacctgatctccatgaccgacacctcgatcgacatcggcccaacccgccacggcctcactcacggcaagaccatctacttcttcgacccgtccggtaaccgcaacgaagtgttctgcgggggagattacaactacccggaccacaaaccggtgacctggaccactgaccagctgggcaaggcgatcttttaccacgaccgcattctcaacgaacgattcatgaccgtgctgacctga	1	cate+_lit1_a_mis1_K0046_all_amplicons.fasta											
"pall:uya_06995 k00446 catechol 2,3-dioxygenase [ec:1.13.11.2] | (genbank) catechol 2,3-dioxygenase (n)"	23cat-f	23cat-r	687	924	238	cgacctgatctccatgaccgacacctcgatcgacatcggcccgacccgtcatggcctgacccacggcaagaccatctacttcttcgacccgtccggtaaccgcagcgaggtgttctgcggcggcaactacagctatccggatcacaagccggtgacctggctggctaaggacctgggcaaggcgatcttctatcacgaccgtgtgctcaacgaacgattcatgaccgtgctgacctga	1	cate+_lit1_a_mis1_K0046_all_amplicons.fasta											
"pall:uya_20170 k00446 catechol 2,3-dioxygenase [ec:1.13.11.2] | (genbank) catechol 2,3-dioxygenase (n)"	23cat-f	23cat-r	687	924	238	cgacctgatctccatgaccgatacctccatcgacataggcccgacccgccacggcctgactcacggcaagaccatctacttcttcgacccttcgggcaaccgcaacgaggtgttctgtggcggcgattacaactaccaggatcacaagcccgtgacctggctggccaaggacctgggcaaggccattttttaccacgaccgggtgctcaacgaacgtttcctgaccgtgctgacctga	1	cate+_lit1_a_mis1_K0046_all_amplicons.fasta											
"psc:a458_06535 k00446 catechol 2,3-dioxygenase [ec:1.13.11.2] | (genbank) catechol 2,3-dioxygenase (n)"	23cat-f	23cat-r	687	924	238	cgacctgatctccatgaccgacacctctatcgacatcggcccgacccgtcatggcctgacccacggcaagaccatctacttcttcgacccgtccggtaaccgcagcgaggtgttctgcggcggcaactacagctatccggatcacaagccggtgacctggctggctaaggacctgggcaaggcgatcttctatcacgaccgtgtgctcaacgaacgattcatgaccgtgctgacctga	1	cate+_lit1_a_mis1_K0046_all_amplicons.fasta											
"pstu:uib01_22725 k00446 catechol 2,3-dioxygenase [ec:1.13.11.2] | (genbank) catechol 1,2-dioxygenase (n)"	23cat-f	23cat-r	687	924	238	cgacctgatctccatgaccgacacctctatcgacatcggcccgacccgtcatggcctgacccacggcaagaccatctacttcttcgacccgtccggtaaccgcagcgaggtgttctgcggcggcaactacagctatccggatcacaagccggtgacctggctggctaaggacctgggcaaggcgatcttctatcacgaccgtgtgctcaacgaacgattcatgaccgtgctgacctga	1	cate+_lit1_a_mis1_K0046_all_amplicons.fasta											
"pbm:cl52_14695 k00446 catechol 2,3-dioxygenase [ec:1.13.11.2] | (genbank) catechol 1,2-dioxygenase (n)"	23cat-f	23cat-r	687	924	238	cgacctgatctccatgaccgacacctctatcgacatcggcccgacccgtcatggcctgacccacggcaagaccatctacttcttcgacccgtccggtaaccgcagcgaggtgttctgcggcggcaactacagctatccggatcacaagccggtgacctggctggctaaggacctgggcaaggcgatcttctatcacgaccgtgtgctcaacgaacgattcatgaccgtgctgacctga	1	cate+_lit1_a_mis1_K0046_all_amplicons.fasta											
"pfuw:kf707c_15530 k00446 catechol 2,3-dioxygenase [ec:1.13.11.2] | (genbank) bzac; catechol 2,3-dioxygenase (n)"	23cat-f	23cat-r	687	924	238	cgacctgatctccatgaccgacacctcgatcgacatcggcccaacccgccacggcctcactcacggcaagaccatctacttcttcgacccgtccggtaaccgcaacgaagtgttctgcgggggagattacaactacccggaccacaaaccggtgacctggaccactgaccagctgggcaaggcgatcttttaccacgaccgcattctcaacgaacgattcatgaccgtgctgacctga	1	cate+_lit1_a_mis2_K0046_all_amplicons.fasta											
"pfuw:kf707c_16100 k00446 catechol 2,3-dioxygenase [ec:1.13.11.2] | (genbank) salc; catechol 2,3-dioxygenase (n)"	23cat-f	23cat-r	687	924	238	cgacctgatctccatgaccgacacctctatcgacatcggcccgacccgtcatggcctgacccacggcaagaccatctacttcttcgacccgtccggtaaccgcagcgaggtgttctgcggcggcaactacagctatccggatcacaagccggtgacctggctggctaaggacctgggcaaggcgatcttctatcacgaccgtgtgctcaacgaacgattcatgaccgtgctgacctga	1	cate+_lit1_a_mis2_K0046_all_amplicons.fasta											
"ppj:rk21_04240 k00446 catechol 2,3-dioxygenase [ec:1.13.11.2] | (genbank) metapyrocatechase (n)"	23cat-f	23cat-r	687	924	238	cgacctgatctccatgaccgatacctccatcgacataggcccgacccgccacggcctgactcacggcaagaccatctacttcttcgacccttcgggcaaccgcaacgaggtgttctgtggcggcgattacaactaccaggaccacaagcccgtgacctggctggccaaggacctgggcaaggccattttttaccacgaccgggtgctcaacgaacgtttcctgaccgtgctcacctga	1	cate+_lit1_a_mis2_K0046_all_amplicons.fasta											
"plau:i0d68_00665 k00446 catechol 2,3-dioxygenase [ec:1.13.11.2] | (genbank) catechol 2,3-dioxygenase (n)"	23cat-f	23cat-r	687	924	238	cgacctgatctccatgaccgacacctcgattgatatcgggccgacccgtcacggcctgacccacggcaagaccatctacttcttcgacccgtccggtaaccggaacgaggtgttctgcggtggtgattacaactactccgatcacaagccggtgacctggttggccaaggacctgggcaaggccattttctaccacgaccgagcactcaacgaacgtttcctgaccgtgctgacctga	1	cate+_lit1_a_mis2_K0046_all_amplicons.fasta											
"pall:uya_06705 k00446 catechol 2,3-dioxygenase [ec:1.13.11.2] | (genbank) catechol 2,3-dioxygenase (n)"	23cat-f	23cat-r	687	924	238	cgacctgatctccatgaccgacacctcgatcgacatcggcccaacccgccacggcctcactcacggcaagaccatctacttcttcgacccgtccggtaaccgcaacgaagtgttctgcgggggagattacaactacccggaccacaaaccggtgacctggaccactgaccagctgggcaaggcgatcttttaccacgaccgcattctcaacgaacgattcatgaccgtgctgacctga	1	cate+_lit1_a_mis2_K0046_all_amplicons.fasta											
"pall:uya_06995 k00446 catechol 2,3-dioxygenase [ec:1.13.11.2] | (genbank) catechol 2,3-dioxygenase (n)"	23cat-f	23cat-r	687	924	238	cgacctgatctccatgaccgacacctcgatcgacatcggcccgacccgtcatggcctgacccacggcaagaccatctacttcttcgacccgtccggtaaccgcagcgaggtgttctgcggcggcaactacagctatccggatcacaagccggtgacctggctggctaaggacctgggcaaggcgatcttctatcacgaccgtgtgctcaacgaacgattcatgaccgtgctgacctga	1	cate+_lit1_a_mis2_K0046_all_amplicons.fasta											
"pall:uya_20170 k00446 catechol 2,3-dioxygenase [ec:1.13.11.2] | (genbank) catechol 2,3-dioxygenase (n)"	23cat-f	23cat-r	687	924	238	cgacctgatctccatgaccgatacctccatcgacataggcccgacccgccacggcctgactcacggcaagaccatctacttcttcgacccttcgggcaaccgcaacgaggtgttctgtggcggcgattacaactaccaggatcacaagcccgtgacctggctggccaaggacctgggcaaggccattttttaccacgaccgggtgctcaacgaacgtttcctgaccgtgctgacctga	1	cate+_lit1_a_mis2_K0046_all_amplicons.fasta											
"psc:a458_06535 k00446 catechol 2,3-dioxygenase [ec:1.13.11.2] | (genbank) catechol 2,3-dioxygenase (n)"	23cat-f	23cat-r	687	924	238	cgacctgatctccatgaccgacacctctatcgacatcggcccgacccgtcatggcctgacccacggcaagaccatctacttcttcgacccgtccggtaaccgcagcgaggtgttctgcggcggcaactacagctatccggatcacaagccggtgacctggctggctaaggacctgggcaaggcgatcttctatcacgaccgtgtgctcaacgaacgattcatgaccgtgctgacctga	1	cate+_lit1_a_mis2_K0046_all_amplicons.fasta											
"pstu:uib01_22725 k00446 catechol 2,3-dioxygenase [ec:1.13.11.2] | (genbank) catechol 1,2-dioxygenase (n)"	23cat-f	23cat-r	687	924	238	cgacctgatctccatgaccgacacctctatcgacatcggcccgacccgtcatggcctgacccacggcaagaccatctacttcttcgacccgtccggtaaccgcagcgaggtgttctgcggcggcaactacagctatccggatcacaagccggtgacctggctggctaaggacctgggcaaggcgatcttctatcacgaccgtgtgctcaacgaacgattcatgaccgtgctgacctga	1	cate+_lit1_a_mis2_K0046_all_amplicons.fasta											
"pbm:cl52_14695 k00446 catechol 2,3-dioxygenase [ec:1.13.11.2] | (genbank) catechol 1,2-dioxygenase (n)"	23cat-f	23cat-r	687	924	238	cgacctgatctccatgaccgacacctctatcgacatcggcccgacccgtcatggcctgacccacggcaagaccatctacttcttcgacccgtccggtaaccgcagcgaggtgttctgcggcggcaactacagctatccggatcacaagccggtgacctggctggctaaggacctgggcaaggcgatcttctatcacgaccgtgtgctcaacgaacgattcatgaccgtgctgacctga	1	cate+_lit1_a_mis2_K0046_all_amplicons.fasta											
"hpeg:eao82_09410 k00446 catechol 2,3-dioxygenase [ec:1.13.11.2] | (genbank) catechol 2,3-dioxygenase (n)"	23cat-f	23cat-r	684	921	238	tgacctgatttcaatgaccgatacctcgatcgatataggcccgactcggcatggtctgactcatgggcagaccatctatttcttcgatccttcgggtaaccgcaacgaagtgtttgccggtggcgactaccactatccggatcacgagcctgtgacctgggatgccgagtcattgggcaaagctattttctatcacgaccgggttctgaacgagcggttcctgaccgtactgacctga	1	cate+_lit1_a_mis2_K0046_all_amplicons.fasta											
COL_SA_mg_mt_284045	cate+_lit1_a_r	cate+_lit1_a_f	4935	7413	2479	gaaggtcggcacggtcaccatggacctgacgactgcggtcgcggcgtccaagggcggttcggtcgagttccgcgtcgagaaggccggcatcgtgcatgccgccgtcggcaaggtctcgttcagcgccgagaagctggccgagaacatcaaggccttcgccgattccgtcgccaaggcgaagcctgccggcgccaagggcacctatatccagcgcgtcgcgatctcgtcgacgatgggtccgggcgtcaagatcgagccgaacaccgtcctcggtggctgaccctatcggccggctcgtgccggccgaagctggcatctcgatccgcgaggtcgagatgccacttgcaatatctcacttggcagaagcgggcgaaggcgttatgacgctgccagtttccataagtgatgtgggctccggcgcgcttgtcgcgaaggggtccgtttcgcgttttttggcggttcgccgccgaaagatgggtgtttggggcgtccggagcaatccgggagcccgaatcatccagtcctgtctgagactgcaggtgctccgagggttcgcccgagggcataatttcgccaagaggcctgcatagacggtgcaagagctcaagcggggtcgcaagatcccgaagacggttcgaaccatctcgcccgatcacggcttccaggccggagaggggacagggcactgagcgtcgctccgatgaagcgccggtgtcaaccgggacttcgaggggcggcagtgcaaccggcggcgagccctctaaaggcctgccgcctaccggagagagcccagtggataaagcggcaaagacagatgccgtcgcgacgctgaacgatgtgttttcgaacacgtcggtcgttgtcgtggcccactatgcgggtttgacggtggcccagttccagaagcttcgtcgcgagatgaaggccaatggcgccaccgtgaaggtcgcaaagaaccggctggccaagatcgctcttgaaggcaccgacgtcgcgtccatcagcaacctgctgacgggtcccaccctgatcgcttattcgagcgatccggtcgcggcgccgaaggtcgccaccgcattcgccaaggaaaacgacaagctcgtcatcctcggcggcgcgatgggcaagaccgccctgaaccccgacggcgtcaaggccctggccacgatgccctcgctcgacgaactgcgcgccaagctgctcggcctcctgcaggccccggcaacgaagatcgcccagctctcgaccgcaccggctgccaagctggcgcgcgtgttccaggcatatgccgacaaggatgcggcctgaacggcccgttacccctgataatcgttcgaacctcttaccatataggagcctatcatggctgatcttgccaagctcgtcgacgagctgtcctccctgacggtcctcgaggccgctgacctcgccaagcttctcgaagagaagtggggcgtttccgccgctgccgccgtcgccgtcgccgctggcccggctggcgctgctccggctgccgctgctgaagagcagaccgagttcaccgtcgttcttgccgccgccggcgacaagaagatcgaggtgatcaaggaagtccgcgccatcaccggcctcggcctcaaggaagccaaggacctggtcgaagccgctccgaagcctgtcaaggagtcggtcggcaaggacgaggccgagaagctcaagaagcagctcgaggccgtcggcgccaaggtcgagctcaagtgagcagggccggcgtgatgccggtccgaccctaaacaagaccagacagtcccggggtggtcgccacctccggggctgtcgcgtcgtttccgcaccatggtgcggaaaggttgcaaaggccctgcgtgcagcttcgcgttgcggggtcgcgttacagacgatgtcggcgcgtgatgcgccgaacggctcacccggcggccttgccgccttgtcgcccggaccgccgggtgagccgtccagagcaggatgaagccgggtcgggccgaaccggcttccgaatccggctctgaaccgaaggttggagcaggcgttgccgatcgtggattccacgcttgggcgtcgcgctccggagattgcgaggaacaacatggtcaattcgctccagggccgcaggcgcgtccgcaagttcttcggaaaactcaaggaagtggcgcagatgccgaacctcatcgaggttcagaaggcgtcctacgaccagttcctgatgatcgacgagcccaagggtggccgcggcgacgagggcctgcagtcggtcttcaagtcggtgttcccgatcggcgatttctcgggcgcctcgctgctcgaattcgtcaagtacaccttcgagccgccgaaatacgacgtcgacgagtgccgccagcgcggcatgaccttctcggcaccgctcaaggtgacgctgcgcctgatcgtgttcgatatcgatccggacacccaggccaagtcggtcaaggacatcaaggag	1	cate+_lit1_a_mis2_MAGspec_amplicons.fasta	COL_SA_mg_mt_284045_4516-5214;COL_SA_mg_mt_284045_5727-6242;COL_SA_mg_mt_284045_6297-6674;COL_SA_mg_mt_284045_7039-11160	"RP-L1, MRPL1, rplA;RP-L10, MRPL10, rplJ;RP-L7, MRPL12, rplL;rpoB"	k_Bacteria;p_Pseudomonadota;c_Alphaproteobacteria;o_Hyphomicrobiales;f_Boseaceae;g_Bosea;k_Bacteria;p_Pseudomonadota;c_Alphaproteobacteria;o_Hyphomicrobiales;f_Boseaceae;k_Bacteria;p_Pseudomonadota;c_Alphaproteobacteria;o_Hyphomicrobiales;k_Bacteria;p_Pseudomonadota;c_Alphaproteobacteria;o_Hyphomicrobiales;f_Boseaceae;g_Bosea	K02863*;K02864*;K02935*;K03043*	large subunit ribosomal protein L1;large subunit ribosomal protein L10;large subunit ribosomal protein L7/L12;DNA-directed RNA polymerase subunit beta [EC:2.7.7.6]	Genetic Information Processing; Translation; Ribosome | Brite Hierarchies; Protein families: genetic information processing; Ribosome;Genetic Information Processing; Translation; Ribosome | Brite Hierarchies; Protein families: genetic information processing; Ribosome;Genetic Information Processing; Translation; Ribosome | Brite Hierarchies; Protein families: genetic information processing; Ribosome;Genetic Information Processing; Transcription; RNA polymerase | Brite Hierarchies; Protein families: genetic information processing; Transcription machinery | Brite Hierarchies; Protein families: genetic information processing; DNA repair and recombination proteins	COG0081*;COG0244*;COG0222*;COG0085*	"Ribosomal protein L1;Ribosomal protein L10;Ribosomal protein L7/L12;DNA-directed RNA polymerase, beta subunit/140 kD subunit"	"Translation, ribosomal structure and biogenesis;Translation, ribosomal structure and biogenesis;Translation, ribosomal structure and biogenesis;Transcription"	"PF00687 [Ribosomal protein L1p/L10e family];PF00466 [Ribosomal protein L10];PF00542 [Ribosomal protein L7/L12 C-terminal domain];PF16320 [Ribosomal protein L7/L12 dimerisation domain];PF00562 [RNA polymerase Rpb2, domain 6];PF04560 [RNA polymerase Rpb2, domain 7];PF04561 [RNA polymerase Rpb2, domain 2];PF04563 [RNA polymerase beta subunit];PF04565 [RNA polymerase Rpb2, domain 3];PF10385 [RNA polymerase beta subunit external 1 domain]"	25;25;25;25
COL_SA_mg_mt_40547	cate+_lit1_a_r	cate+_lit1_a_f	3445	6434	2990	gcagggcatcacggtcatcgaccggcccctggccgaagtggcggcggccctggaggccgccctggactgcgcggtggcctgagtcccatgctgctggtgcgctaccgcctcggcggccggccctccctgtgcggcctgaccctggcggcgccgccggagggggagggcatcctggccatcctgcacgaactgccggagaacccgggcgtctccatttccgtcgccatcgaccgggtcatcgccgccgccctgacccagcatccagccctcctggccgccgcccccttccatcgcatccgctggatcgagcgctactacggcattgaggacggcatcccggaaatgctggcggagaccgtggccgacatcagccccggtcccgacggctggcaggtgcggccgaaggactgcctgcccgtgggcagccagctgctgcgccacatccggcgcgaactggcgcgcctgggcgacgacgccgagacggcgggctgcttcaacatccattgaaaagaaaagggccccgccggggccctgtgttgtggcgccgctagcgcccctggcgcaggggctggagcagatgggagaggccgttgtggtcgatctcctgcatcagggccagcagccggccgatctcgccggggggaaagccctcccgtgcgaaccagttgaggtagttgcccggcaggtcggcgatgagcgtgcccttgtgcttgccgaagggcatctcccgggtcaccagcagttgcaggtcctccggcttcacgcgccggcccgcttgagcaggtgcatgacgatgaagctcagcaccgcctcgccgcgctgattggccgccacgtacttgaggcgggcgatgccccggtccggcttggaggaagagggctttacctccagcacctcgatttccgtatgcagggtatcgccgggccgcaccggcgccagccagcgcagctcgtcgatgcccggggagccgatgctcgagcggctgaagatgccgctctggatgaacaggcggaaagccagggccaggctctggaaaccgctggcgatgagcccgccgtagggcgattccgcggcggcgttcacatccagatggaagggctggggatcgtagcgccaggcgaagtcgatgatctccgcttcggtgagagtgatgcctggcgtggtgaagcgctggccgggggctaggtcgtcgagaaagaggggcgacatggacggagcggacgggatggggaagggcaaagatacaaaaaaatcctccatttgtccttccttccggccatcgccggcccagtcgccaggggaccgacgggccgccctccggcagctctccgggccggcacgggagtgcccgggcgacctcagggcggctccgtcttgtatgcttgcgcctgatcagcatttcgcccctcttctggaaaggacccttcccttggaagtttgcatcaccggcggctccggtttcatcggcaaacgcctgacagcagccctgctggcccggggtgaccaggttcgctccctgacccgcaagagcgtcggggtgaccggcgccccccagggcctcagctttcacgccggggacctgaccgatccccaggtggcgctgggtggattcctggccggggcccgggtgctgttccactgcgccggcgaaatcaacgacacagcccggatgcggcccctccatgtggatggcacggcccgtctcctggcagccgccaggcagcagtttgccgccggcggccagcccctgcactgggtgcaactgagcagcgtcggcgcctacgggcccgaccgccggccggaccggcatcagccccgcatcgtggacgaggaaacggcgccggcgccggtgggcgaatacgaagtcaccaagaccgaggccgaccagctggtgctggatgccgcccgggaaggctacatcacctgcaccctgctgcgtccggccaacgtcttcggcgccgacatgccgaaccagtccctccgctccatgatcgccttcatccgcaagggcctgtttttctacatcggcccggacgacgtggtggccacctacatccatgtggatgacgtggtggagacgctgctggcctgcggctgcgatccccgggcccggggccatgtcttcaatctctccaacgattgcgcctacggcgatctggtcaatgccatcgccgatgccgcaggggtccgccgtccccgcctgcgcctcaatgaaaccctggtgcggcgcattgtcgccctggccagccccttcctgcgcctgcccctgacgccggagcgcatcgacgccatgcgggtgcgcacccgctatcccgtcaccaagctccagtccgtcctgggcctggcaccccggcgggaggtgtgcgatgccatccgggaactgctgtgaaagcacccatttatcaggagtactcgccccagcggtggcgatatgaaaaaggctgccctcgggcagccttttttcttgggtcggccggcgaatcattcccggtcggcatggtggagcctccccgttctagaaccccaggctctcgaggaagttgtccacttccgactgggagccgaaggcctgtttctggttcttgtccgaatccatggcggggccgttgaggaggccgtccttgggctgcttgccttcgccgggggcggtgcgggcgagcagggtgaggagctggctttccatgtcctgggccaggtccacgattttcttgatgacctggccggtgaggtcctggaattcctgggccaggatgatttcggtgagctgggccttgttggcggcggcctcggcgtcgctctgctgcaggtaggcccgggtgcgggccagggtttcctggtagtcccgggaatccttgcgcttgtcggccacccgctcccagtcggcgaggagctggcgggcgccttcctgggcccggtcctgggtgggactgatgctgtccacggcgttgagcacgcgggagacggcctgttcggtcatggagagcacgtag	1	cate+_lit1_a_mis2_MAGspec_amplicons.fasta	COL_SA_mg_mt_40547_2669-3526;COL_SA_mg_mt_40547_3532-3951;COL_SA_mg_mt_40547_3992-4207;COL_SA_mg_mt_40547_4204-4704;COL_SA_mg_mt_40547_4874-5833;COL_SA_mg_mt_40547_5960-6583	K09954;paaZ;auaH;cheZ	k_Bacteria;p_Pseudomonadota;c_Betaproteobacteria;o_Rhodocyclales;f_Rhodocyclaceae;g_Azospira;k_Bacteria;p_Pseudomonadota;c_Betaproteobacteria;k_Bacteria;p_Pseudomonadota;c_Betaproteobacteria;k_Bacteria;p_Pseudomonadota;c_Betaproteobacteria;o_Rhodocyclales;f_Rhodocyclaceae;k_Bacteria;p_Pseudomonadota;c_Betaproteobacteria;k_Bacteria;p_Pseudomonadota;c_Betaproteobacteria	K09954*;K02618*;K21271*;K03414*	"uncharacterized protein;oxepin-CoA hydrolase / 3-oxo-5,6-dehydrosuberyl-CoA semialdehyde dehydrogenase [EC:3.3.2.12 1.2.1.91];aurachin B dehydrogenase [EC:1.1.1.394];chemotaxis protein CheZ"	Not Included in Pathway or Brite; Poorly characterized; Function unknown;Metabolism; Amino acid metabolism; Phenylalanine metabolism;Metabolism; Biosynthesis of other secondary metabolites; Biosynthesis of secondary metabolites - unclassified;Cellular Processes; Cell motility; Bacterial chemotaxis | Brite Hierarchies; Protein families: signaling and cellular processes; Bacterial motility proteins	ENOG410XSVQ*;COG3530*;COG2030*;ENOG410ZZXH*;COG3143*	Uncharacterized protein conserved in bacteria;Acyl dehydratase;Male sterility protein;Chemotaxis protein	Function unknown;Function unknown;Lipid metabolism;Function unknown;Signal transduction mechanisms|Cell motility and secretion	"PF13289 [SIR2-like domain];PF12843 [Putative quorum-sensing-regulated virulence factor];PF01575 [MaoC like domain];PF01073 [3-beta hydroxysteroid dehydrogenase/isomerase family];PF01370 [NAD dependent epimerase/dehydratase family];PF16363 [GDP-mannose 4,6 dehydratase];PF04344 [Chemotaxis phosphatase, CheZ]"	25;7;25;25;25;25
